Protein,wt_rep1,wt_rep2,wt_rep3,cgep_rep1,cgep_rep2,cgep_rep3,LogFoldChange,Zstatistic,fdr,FDRup,FDRdown
ATCG00490.1,1187,1150,1435,1178,1235,1433,0.019,0.8245,1,0.863385,0.932844
AT3G60750.1,686,416,380,302,529,391,-0.195,-4.9626,0.038398,0.932862,0.015633
sum_10,440,388,444,447,310,482,-0.028,-0.7461,1,1,0.786082
AT2G39730.1,346,421,388,431,447,250,-0.025,-0.5989,1,1,0.810861
AT3G45140.1,368,272,252,195,221,364,-0.13,-2.6917,0.662986,1,0.311
AT1G67090.1,352,246,194,229,308,189,-0.085,-1.6805,0.925913,1,0.58778
AT5G04140.1,374,249,167,238,253,214,-0.109,-2.1885,0.816406,1,0.452555
AT3G12780.1,251,259,277,222,202,172,-0.269,-4.757,0.0566,0.936188,0.022102
AT3G01500.1,67,187,229,137,226,114,-0.014,-0.2116,1,0.99642,0.865791
AT4G38970.1,185,167,179,72,153,181,-0.262,-4.1872,0.13704,0.948202,0.054474
sum_7,184,229,124,134,117,93,-0.439,-6.6051,0.001239,0.919986,0.00112
AT5G35630.1,101,99,100,95,130,89,0.046,0.5621,1,0.901225,0.925491
sum_16,139,117,57,102,91,64,-0.199,-2.4023,0.760561,1,0.392068
AT1G42970.1,62,113,95,97,89,94,0.043,0.4962,1,0.910424,0.92281
AT3G62030.1,89,34,59,168,176,24,0.707,7.8742,1e-6,0,0.919852
AT1G62750.1,109,84,90,124,82,56,-0.075,-0.8961,1,1,0.758845
AT2G28000.1,76,102,66,82,99,118,0.204,2.3039,0.737198,0.528471,0.933894
AT3G29320.1,88,80,78,88,95,92,0.111,1.3049,0.967589,0.781438,0.937843
AT4G20360.1,88,92,79,76,73,89,-0.082,-0.9081,1,1,0.75663
AT2G21330.1,93,94,104,34,60,77,-0.536,-5.5826,0.011458,0.925456,0.005419
AT4G24280.1,97,86,67,59,63,63,-0.297,-3.0234,0.518746,0.988457,0.226892
AT1G32060.1,52,85,75,65,66,81,0.008,0.0794,1,0.964842,0.895943
AT3G11630.1,59,83,67,48,88,60,-0.065,-0.6772,1,1,0.797976
AT1G10760.1,104,77,41,67,51,41,-0.331,-3.1761,0.448052,0.982739,0.193293
AT3G58610.1,56,61,64,86,78,35,0.092,0.8843,1,0.854317,0.933927
AT3G55800.1,87,72,76,38,41,41,-0.669,-5.8665,0.006416,0.923292,0.003343
AT1G63770.3,75,69,65,44,47,49,-0.393,-3.6758,0.254706,0.963975,0.108291
AT3G54050.1,78,77,63,50,48,32,-0.518,-4.6765,0.065393,0.937592,0.025219
AT2G04030.1,84,44,53,60,60,39,-0.134,-1.263,1,1,0.684643
AT2G21170.1,46,51,53,53,52,37,-0.052,-0.4327,1,1,0.836336
AT2G43750.1,53,55,52,41,44,47,-0.187,-1.5856,0.946075,1,0.611054
AT1G09340.1,69,47,49,46,30,35,-0.398,-3.2847,0.399576,0.978607,0.171613
AT2G15620.1,46,64,61,38,38,27,-0.509,-4.007,0.171591,0.953188,0.070391
AT5G49910.1,62,57,40,26,39,44,-0.372,-3.007,0.526355,0.989053,0.230653
AT4G24620.1,63,57,47,36,36,31,-0.48,-3.9681,0.179856,0.954328,0.074161
AT5G51820.1,53,52,70,38,33,22,-0.636,-4.9942,0.036121,0.932379,0.014799
AT1G29900.1,61,46,18,55,57,27,0.102,0.7976,1,0.867305,0.932309
AT2G37660.1,42,40,34,49,59,39,0.232,1.8866,0.859658,0.64111,0.937371
sum_5,57,61,54,48,30,11,-0.662,-5.0667,0.031373,0.931342,0.013097
AT5G45390.1,45,57,44,37,45,31,-0.25,-1.9856,0.861875,1,0.508968
AT3G04790.1,38,44,53,21,59,42,-0.105,-0.8262,1,1,0.77163
AT1G74260.1,62,46,20,30,45,26,-0.236,-1.7557,0.910131,1,0.569018
AT5G60600.1,50,40,31,34,37,26,-0.223,-1.6054,0.941841,1,0.606456
AT5G65620.1,67,36,29,25,27,25,-0.541,-3.7674,0.22851,0.960807,0.096597
AT5G19220.1,44,45,40,28,24,17,-0.63,-4.1262,0.148121,0.94979,0.059439
AT5G26570.1,51,42,7,36,36,23,-0.054,-0.3831,1,1,0.84344
AT1G56190.1,44,36,40,31,23,18,-0.506,-3.3703,0.363438,0.975303,0.155659
AT3G48110.1,47,34,13,37,37,20,-0.003,-0.0199,1,0.976284,0.88683
AT5G15450.1,35,24,27,39,42,17,0.137,0.9257,1,0.847994,0.934566
AT4G29060.1,42,24,10,49,34,20,0.311,2.0685,0.803531,0.592479,0.936047
AT2G05710.1,41,32,26,28,25,24,-0.254,-1.6448,0.93346,1,0.596816
AT5G54770.1,31,33,25,33,25,28,-0.032,-0.2089,1,0.996137,0.866144
AT5G63570.1,33,39,25,29,28,16,-0.273,-1.7974,0.901423,1,0.558531
AT5G04590.1,26,49,27,21,24,24,-0.39,-2.5689,0.707969,1,0.344664
AT3G22960.1,35,30,27,33,26,18,-0.176,-1.1268,1,1,0.713423
AT2G37220.1,31,28,24,22,29,31,-0.01,-0.0634,1,0.981172,0.882389
AT5G53460.1,36,29,9,51,30,10,0.204,1.2857,0.969305,0.785263,0.937759
AT4G31990.1,21,35,39,29,20,18,-0.355,-2.1305,0.829933,1,0.469013
AT2G36390.1,49,29,36,20,16,9,-0.934,-5.1975,0.02431,0.929595,0.010485
AT5G20720.1,27,30,34,24,28,17,-0.278,-1.684,0.925175,1,0.587053
AT5G22800.1,40,36,8,37,22,12,-0.171,-1.0469,1,1,0.729502
AT3G52960.1,29,27,27,28,28,12,-0.204,-1.2305,1,1,0.691575
AT5G35970.1,33,27,16,22,25,22,-0.101,-0.6186,1,1,0.807754
AT1G80380.2,20,42,29,24,13,13,-0.604,-3.4933,0.315644,0.970637,0.134926
AT2G40490.1,43,28,22,15,15,15,-0.73,-3.9399,0.18606,0.955179,0.077011
AT1G23740.1,24,33,29,16,16,19,-0.525,-2.8991,0.575679,0.992957,0.256554
AT4G33680.1,36,32,27,22,12,7,-0.85,-4.5511,0.080904,0.939983,0.031015
AT1G63940.1,22,26,27,23,20,17,-0.223,-1.2899,1,1,0.678915
AT2G05990.1,23,25,31,21,21,13,-0.364,-2.1161,0.833214,1,0.473103
AT4G34200.1,31,23,19,23,19,16,-0.214,-1.252,1,1,0.686857
AT5G24300.1,27,34,22,26,18,6,-0.506,-2.9022,0.574288,0.992851,0.255823
AT5G30510.1,29,21,23,25,19,11,-0.274,-1.5412,0.955624,1,0.621556
AT5G48300.1,32,26,24,19,14,12,-0.611,-3.2358,0.4211,0.980453,0.18105
AT4G24770.1,17,20,20,29,22,19,0.209,1.138,0.982469,0.813083,0.936859
AT5G17920.1,29,18,25,16,18,19,-0.299,-1.6147,0.939858,1,0.603969
AT2G47390.1,48,44,32,0,0,0,-3.878,-6.1374,0.003544,0.921749,0.00214
AT1G69830.1,23,17,20,23,17,23,0.04,0.2245,1,0.946784,0.907404
AT5G36880.1,33,35,26,13,6,9,-1.222,-5.4234,0.015659,0.92699,0.007127
AT2G41680.1,30,19,22,24,13,14,-0.334,-1.8866,0.882796,1,0.535234
AT3G23940.1,29,24,15,22,19,13,-0.233,-1.2395,1,1,0.689692
AT5G61410.1,17,11,32,15,29,15,-0.021,-0.1196,1,0.987135,0.876441
AT1G16880.1,24,25,24,15,15,15,-0.487,-2.5609,0.710711,1,0.347134
AT5G08280.1,18,17,23,15,24,21,0.03,0.1645,1,0.954411,0.902944
AT4G00490.1,31,25,25,18,10,7,-0.857,-4.3281,0.113402,0.944754,0.044107
AT3G48420.1,19,23,24,23,19,8,-0.278,-1.4795,0.969021,1,0.636006
AT3G05350.1,29,26,15,16,14,14,-0.474,-2.4321,0.75182,1,0.383283
AT5G06290.1,28,15,21,19,11,17,-0.29,-1.5105,0.962272,1,0.628818
AT1G16080.1,17,16,30,26,16,8,-0.235,-1.2631,1,1,0.684643
AT5G58330.1,30,23,22,11,16,10,-0.708,-3.543,0.297854,0.96883,0.127391
AT3G63140.1,20,26,22,15,14,15,-0.438,-2.274,0.795356,1,0.428462
AT5G16710.1,20,28,17,14,14,19,-0.331,-1.7302,0.915468,1,0.57569
AT5G55220.1,23,28,25,17,11,6,-0.813,-4.0092,0.171133,0.953102,0.070107
AT3G54660.1,21,19,30,17,12,11,-0.569,-2.8615,0.59239,0.994325,0.266151
AT5G49030.1,26,27,11,15,18,13,-0.342,-1.7562,0.910027,1,0.569018
AT4G15530.1,31,24,18,13,10,13,-0.714,-3.5134,0.308341,0.969923,0.131917
AT1G04420.1,27,24,19,17,9,13,-0.605,-3.0513,0.505776,0.987423,0.220487
AT3G48730.1,26,15,17,25,17,6,-0.187,-0.9729,1,1,0.743968
AT5G52920.1,15,14,21,27,21,10,0.159,0.8097,1,0.865567,0.932552
AT1G31230.1,26,14,18,20,16,12,-0.194,-0.9964,1,1,0.739384
AT1G02560.1,12,22,20,19,22,12,-0.026,-0.1363,1,0.988963,0.874489
AT4G18440.1,19,21,29,15,7,14,-0.654,-3.11,0.478493,0.98523,0.207389
AT5G04360.1,26,19,12,14,14,15,-0.283,-1.3995,0.986592,1,0.654492
AT1G76080.1,18,22,15,18,23,3,-0.237,-1.1373,1,1,0.711001
AT4G39970.1,15,20,20,23,14,7,-0.233,-1.1332,1,1,0.711911
AT1G20620.1,23,13,20,13,3,25,-0.299,-1.4678,0.971578,1,0.638726
AT1G18500.1,22,22,14,14,17,7,-0.431,-2.0601,0.845722,1,0.48854
AT4G01310.1,8,11,18,26,17,16,0.478,2.2455,0.75219,0.544561,0.934447
AT2G19940.1,23,13,17,15,10,17,-0.222,-1.079,1,1,0.723008
AT5G26000.1,18,10,8,24,18,17,0.514,2.3381,0.728937,0.519123,0.933577
ATCG00480.1,13,24,27,21,9,0,-0.73,-3.124,0.472009,0.984678,0.204198
AT1G69740.1,28,19,15,17,14,0,-0.674,-3.1411,0.464113,0.984015,0.200413
AT3G47520.1,19,15,22,11,10,16,-0.42,-2.068,0.843979,1,0.486114
AT1G09130.1,13,17,16,23,17,7,0.016,0.0777,1,0.965017,0.895816
AT5G26742.1,23,14,3,12,14,25,0.259,1.2814,0.969686,0.786137,0.937738
AT5G66190.1,14,8,21,11,20,16,0.078,0.376,1,0.926869,0.916896
AT1G16720.1,21,25,10,12,9,13,-0.502,-2.2909,0.791012,1,0.423871
AT4G29840.1,14,16,23,21,9,5,-0.425,-1.9552,0.868348,1,0.51688
AT5G16715.1,24,14,12,15,13,10,-0.273,-1.3243,1,1,0.671197
AT3G55040.1,12,16,17,19,14,10,-0.039,-0.1839,1,0.993702,0.869106
AT4G09020.1,32,21,9,8,9,8,-0.933,-3.8677,0.202831,0.957447,0.08474
AT5G52520.1,17,14,24,14,8,10,-0.548,-2.4522,0.745768,1,0.377852
AT5G09650.1,18,29,20,11,3,5,-1.279,-4.8842,0.044629,0.934069,0.017832
AT2G42130.3,20,18,16,13,19,0,-0.515,-2.3337,0.779702,1,0.411328
ATCG00120.1,18,20,15,17,12,4,-0.476,-2.1336,0.829223,1,0.468194
AT3G03710.1,20,14,4,19,18,9,0.192,0.8786,1,0.855211,0.933829
AT2G47940.1,15,18,12,16,8,13,-0.202,-0.8978,1,1,0.758569
AT1G03475.1,16,11,21,9,11,13,-0.383,-1.6993,0.921954,1,0.583405
AT5G17530.1,14,15,16,15,9,12,-0.226,-0.9776,1,1,0.743112
AT1G70820.1,18,18,14,13,9,8,-0.508,-2.2686,0.796731,1,0.43013
AT1G24360.1,13,10,15,13,11,18,0.106,0.4847,1,0.912047,0.922293
AT1G06680.1,10,11,13,13,19,13,0.292,1.2263,0.974512,0.796671,0.937456
AT1G20020.1,20,16,15,14,9,4,-0.671,-2.9209,0.565856,0.992162,0.251103
AT2G35040.1,17,23,15,9,8,6,-0.879,-3.4914,0.316342,0.970747,0.135393
AT3G22890.1,14,14,11,15,17,5,-0.038,-0.1685,1,0.992242,0.870816
AT1G11750.1,10,13,14,17,17,6,0.082,0.3505,1,0.93022,0.915493
AT3G63490.1,11,11,8,25,8,13,0.433,1.7539,0.896616,0.67591,0.938008
AT1G15140.1,11,14,16,14,10,10,-0.197,-0.835,1,1,0.770019
AT4G12060.1,16,4,10,24,18,3,0.408,1.7334,0.901733,0.681242,0.938079
AT1G66430.1,13,14,19,8,8,11,-0.534,-2.1924,0.815476,1,0.451728
AT3G54640.1,8,9,16,19,12,9,0.198,0.8526,1,0.859209,0.933369
AT4G37000.1,15,14,17,15,7,4,-0.574,-2.3316,0.780268,1,0.412164
AT5G13650.1,18,14,8,16,10,6,-0.226,-0.9405,1,1,0.750483
AT5G48960.1,15,15,13,14,8,6,-0.433,-1.806,0.899629,1,0.556266
AT5G42390.1,17,14,4,16,13,7,0.045,0.1816,1,0.952199,0.90429
AT5G62790.1,16,17,18,15,4,0,-0.952,-3.5469,0.296496,0.968667,0.126723
AT2G25080.1,11,7,12,23,14,2,0.275,1.172,0.97933,0.806761,0.937115
AT2G27680.1,11,17,12,12,8,8,-0.359,-1.373,0.992452,1,0.660436
AT3G20390.1,9,14,11,11,13,10,0.017,0.0668,1,0.966244,0.894914
AT5G03650.1,20,8,11,11,10,5,-0.386,-1.5634,0.950839,1,0.616324
AT4G25100.1,11,13,16,6,8,13,-0.394,-1.5687,0.9497,1,0.615273
ATCG00160.1,6,11,14,8,16,12,0.151,0.6389,1,0.890455,0.928136
ATCG00800.1,10,10,9,9,16,13,0.288,1.1906,0.977659,0.803535,0.937233
AT3G19480.1,16,16,15,9,3,6,-0.939,-3.5541,0.294004,0.968395,0.125615
AT3G57610.1,15,21,10,7,8,4,-0.906,-3.178,0.447185,0.982628,0.192683
AT1G03680.1,12,12,13,10,12,6,-0.267,-1.0083,1,1,0.737076
AT5G46290.1,16,17,14,9,7,1,-1.054,-3.5507,0.295178,0.968504,0.126057
AT2G35410.1,14,12,10,13,9,6,-0.258,-1.0285,1,1,0.733303
AT5G50250.1,8,10,12,13,9,12,0.117,0.456,1,0.915886,0.921015
AT1G67280.1,14,13,13,11,7,5,-0.565,-2.1234,0.831554,1,0.471059
AT1G14810.1,12,13,15,6,8,9,-0.555,-2.0268,0.853,1,0.497796
AT5G66530.1,10,13,16,12,7,5,-0.491,-1.9181,0.876184,1,0.527075
AT4G20850.1,30,8,0,4,6,15,-0.458,-1.7729,0.906537,1,0.56454
AT5G25980.2,5,11,0,19,17,11,1.042,3.5225,0.309882,0.186816,0.924953
AT4G24830.1,10,12,15,7,9,9,-0.393,-1.5348,0.957007,1,0.623291
AT5G35360.1,13,11,11,14,6,7,-0.258,-1.0082,1,1,0.737076
AT4G08390.1,15,20,12,8,3,3,-1.243,-4.0327,0.166304,0.952417,0.067866
AT4G17300.1,16,18,12,8,4,3,-1.141,-3.7843,0.223974,0.960209,0.09445
AT3G04870.1,15,15,14,9,3,5,-0.959,-3.5509,0.295109,0.968504,0.126057
AT2G38270.1,9,10,14,10,12,3,-0.27,-1.0151,1,1,0.735918
AT5G13630.1,19,7,3,9,19,1,0.004,0.0168,1,0.972097,0.890361
AT5G64860.1,13,15,20,3,3,3,-1.725,-4.7172,0.06083,0.936881,0.023613
AT1G49970.1,7,11,10,16,7,6,0.038,0.1366,1,0.957877,0.90074
AT1G05190.1,2,4,8,8,19,16,1.126,3.7932,0.220311,0.144885,0.923285
AT4G18810.1,14,14,17,9,1,1,-1.445,-4.3113,0.11609,0.945131,0.045209
ATCG00780.1,10,11,7,7,10,11,0.006,0.0222,1,0.971587,0.890774
AT1G07320.1,6,7,8,11,12,12,0.515,1.9051,0.854098,0.636034,0.937254
AT4G19710.2,13,7,7,12,7,6,-0.071,-0.2694,1,1,0.858708
AT3G52150.1,12,7,10,10,13,3,-0.111,-0.4082,1,1,0.839921
AT3G53460.1,10,11,4,13,8,9,0.189,0.6972,1,0.882061,0.929867
AT5G63310.1,16,8,12,11,7,0,-0.639,-2.2921,0.790701,1,0.423453
AT1G08520.1,15,8,3,10,12,6,0.063,0.2261,1,0.946595,0.907508
AT5G24400.1,9,9,15,11,8,1,-0.506,-1.7487,0.911595,1,0.570877
AT5G22510.1,11,8,14,10,4,6,-0.514,-1.8076,0.899295,1,0.555888
AT2G45990.1,9,8,14,8,11,3,-0.349,-1.2196,1,1,0.693764
AT1G66670.1,6,12,11,12,8,4,-0.179,-0.6503,1,1,0.802416
ATCG00670.1,8,10,8,15,9,3,0.033,0.1195,1,0.959862,0.899425
AT5G35790.1,12,10,13,6,6,5,-0.741,-2.4969,0.731839,1,0.364934
AT5G51070.1,21,8,9,7,2,2,-1.254,-3.6834,0.252426,0.963714,0.10731
AT5G17710.1,20,12,7,4,7,2,-1.127,-3.6981,0.248071,0.963196,0.105367
AT1G20340.1,6,5,7,13,16,5,0.647,2.3099,0.735721,0.526851,0.933839
AT4G23100.1,6,10,10,8,10,7,-0.033,-0.1113,1,0.986366,0.877244
AT1G80560.1,10,8,10,8,8,4,-0.33,-1.122,1,1,0.714328
AT1G12410.1,6,10,7,4,16,7,0.174,0.6056,1,0.89503,0.927074
sum_8,8,10,3,10,5,14,0.327,1.1739,0.979158,0.806494,0.937125
AT2G28190.1,13,11,12,4,5,4,-1.047,-3.1953,0.439315,0.98196,0.189049
AT4G05180.1,11,7,6,15,8,2,0.058,0.205,1,0.949223,0.906033
AT4G18480.1,0,12,15,13,8,0,-0.22,-0.7771,1,1,0.78063
AT1G56070.1,4,4,5,6,8,21,1.032,3.1149,0.511679,0.283462,0.927659
AT1G31180.1,13,6,12,6,6,2,-0.778,-2.4465,0.747498,1,0.379522
AT3G52380.1,9,13,8,5,8,4,-0.584,-1.9206,0.875658,1,0.526295
AT4G26300.1,9,9,8,5,7,8,-0.266,-0.8967,1,1,0.758569
AT5G14260.1,6,6,12,10,9,2,-0.135,-0.4567,1,1,0.832901
AT4G30920.1,8,8,14,6,4,4,-0.737,-2.2215,0.808453,1,0.443443
AT1G73060.1,9,10,14,4,6,1,-1.129,-3.2263,0.425344,0.980788,0.182806
AT4G31530.1,13,9,8,8,3,2,-0.837,-2.4365,0.750506,1,0.38203
AT3G63190.1,6,7,16,5,6,3,-0.742,-2.178,0.818895,1,0.455858
AT2G33800.1,14,7,8,8,5,1,-0.728,-2.1758,0.819414,1,0.456271
AT3G06350.1,9,8,6,8,8,4,-0.122,-0.3892,1,1,0.842618
AT2G43090.1,7,7,6,6,11,6,0.147,0.4588,1,0.915483,0.921153
AT2G43030.1,1,7,10,8,8,9,0.34,1.0498,0.991379,0.828198,0.936078
ATCG00380.1,0,10,6,3,9,15,0.479,1.5311,0.941729,0.73171,0.938367
AT4G04770.1,11,8,11,5,4,3,-0.943,-2.6831,0.666312,1,0.312998
AT2G29630.1,8,8,11,7,6,2,-0.595,-1.806,0.899629,1,0.556266
AT4G19170.1,8,7,7,7,7,6,-0.081,-0.2687,1,1,0.858708
AT3G27890.1,5,10,6,4,6,11,0.014,0.0453,1,0.968848,0.89294
AT3G53900.1,3,11,8,4,11,4,-0.145,-0.4693,1,1,0.831162
AT5G14910.1,7,7,5,8,6,8,0.141,0.4318,1,0.919303,0.919809
AT1G48520.1,9,9,10,9,3,0,-0.791,-2.4404,0.749337,1,0.381193
AT4G01800.1,15,9,1,4,5,6,-0.526,-1.5607,0.95142,1,0.617023
AT4G33760.1,9,10,5,5,6,5,-0.411,-1.242,1,1,0.689063
AT2G21385.1,5,7,9,10,8,1,-0.094,-0.2928,1,1,0.855695
AT5G13510.1,0,2,7,3,16,12,1.18,3.0757,0.530521,0.294988,0.927917
AT3G50820.1,2,2,7,14,9,3,0.875,2.3555,0.72488,0.514213,0.933412
AT1G31190.1,10,8,10,2,2,7,-0.959,-2.6376,0.683472,1,0.325475
AT1G80600.1,0,12,12,7,6,2,-0.528,-1.6392,0.934648,1,0.598252
AT1G27450.1,9,9,6,4,6,5,-0.47,-1.382,0.99046,1,0.65846
AT5G63420.1,8,4,5,6,8,8,0.254,0.782,1,0.869685,0.931962
AT4G16060.1,6,9,9,7,6,1,-0.561,-1.6412,0.934224,1,0.597534
AT4G13430.1,8,11,8,5,3,2,-1.022,-2.6663,0.672734,1,0.317808
AT2G30170.1,10,7,10,4,3,3,-1.031,-2.7744,0.629714,0.997389,0.288581
AT3G27740.1,11,7,6,9,4,0,-0.558,-1.6899,0.923932,1,0.585596
AT5G57850.1,5,8,11,4,4,5,-0.627,-1.7356,0.914337,1,0.574212
AT3G58140.1,0,9,12,7,8,1,-0.324,-0.9618,1,1,0.746244
AT3G08740.1,2,9,8,3,7,8,-0.069,-0.2113,1,0.99642,0.865791
AT2G36250.1,11,10,8,1,6,0,-1.297,-3.21,0.432668,0.981402,0.186057
AT2G30860.1,8,8,6,1,6,7,-0.473,-1.4027,0.985885,1,0.653829
AT2G04400.1,6,5,6,10,3,6,0.115,0.335,1,0.932376,0.914551
AT2G01140.1,6,7,9,6,4,2,-0.633,-1.8212,0.896459,1,0.552479
AT1G17745.1,8,10,7,3,2,3,-1.058,-2.7992,0.619307,0.996512,0.282031
AT3G55400.1,7,8,5,6,6,3,-0.301,-0.858,1,1,0.765966
AT2G38040.1,1,0,1,6,8,19,2.564,3.848,0.207685,0.137809,0.922982
AT3G25770.1,2,15,6,0,4,6,-0.714,-1.9825,0.862537,1,0.509762
AT2G30200.1,10,7,5,6,4,2,-0.63,-1.7786,0.905347,1,0.563416
AT5G16390.1,10,5,5,8,1,5,-0.355,-0.9604,1,1,0.746528
AT1G35420.1,5,8,6,9,4,2,-0.238,-0.6952,1,1,0.79498
AT4G34120.1,5,5,7,8,6,3,-0.004,-0.0106,1,0.975289,0.887692
ATCG00770.1,6,6,2,4,7,9,0.372,1.0584,0.990451,0.826727,0.936166
AT3G02730.1,5,10,6,3,6,3,-0.51,-1.4175,0.982621,1,0.650501
AT2G13360.1,4,7,9,4,4,5,-0.467,-1.3136,1,1,0.673458
AT1G03310.1,8,5,3,6,8,3,0.066,0.1869,1,0.951458,0.904732
AT1G74970.1,7,2,3,11,10,0,0.638,1.7771,0.890609,0.669783,0.937918
AT1G32990.1,2,2,1,17,9,2,1.83,3.5298,0.306845,0.185469,0.924904
AT1G70570.1,10,9,4,4,2,3,-0.98,-2.4462,0.747588,1,0.379522
AT4G34090.1,6,5,11,4,3,3,-0.808,-2.1733,0.820003,1,0.457095
AT3G10670.1,8,6,6,8,4,0,-0.448,-1.2284,1,1,0.691888
AT5G67030.1,8,5,7,2,6,4,-0.535,-1.4455,0.976464,1,0.644133
AT2G37500.1,4,8,4,2,9,5,0.02,0.0555,1,0.967637,0.893868
AT5G19370.1,6,1,7,9,6,3,0.279,0.7622,1,0.872698,0.931498
AT2G24020.1,11,5,4,7,3,1,-0.641,-1.6713,0.927854,1,0.590321
AT2G47400.1,11,8,8,2,1,1,-2.028,-3.5668,0.289653,0.967908,0.123639
AT5G14320.1,9,6,6,3,7,0,-0.662,-1.7596,0.909316,1,0.568273
AT2G47910.1,7,7,6,4,7,0,-0.548,-1.4957,0.96549,1,0.63225
AT2G04842.1,5,6,6,5,4,5,-0.219,-0.5917,1,1,0.812046
AT3G48560.1,7,7,0,10,7,0,0.181,0.4905,1,0.911236,0.922553
AT1G18640.2,0,2,8,11,10,0,0.709,1.9074,0.853402,0.635252,0.937236
ATCG00420.1,10,5,5,4,6,0,-0.62,-1.6943,0.923006,1,0.584501
AT1G23180.1,14,5,1,1,7,2,-0.713,-1.8435,0.891806,1,0.546385
AT5G28500.1,6,4,5,4,7,4,0.001,0.0031,1,0.973784,0.888967
AT1G53520.1,2,7,5,0,7,9,0.223,0.6271,1,0.892122,0.927759
AT5G66570.1,8,7,0,9,2,1,-0.261,-0.6998,1,1,0.793975
AT4G25130.1,7,7,8,3,3,0,-1.19,-2.6788,0.667965,1,0.314198
AT1G52670.1,8,6,5,4,0,5,-0.678,-1.6856,0.924838,1,0.586689
AT3G04550.1,6,6,6,5,4,1,-0.623,-1.5586,0.951872,1,0.617373
AT4G25370.1,7,0,2,14,5,0,0.738,1.8154,0.880232,0.659763,0.937749
AT1G12800.1,5,2,1,6,9,5,0.957,2.2087,0.762197,0.554533,0.934791
AT2G47730.1,1,5,6,1,7,7,0.168,0.4433,1,0.917698,0.920384
AT3G59870.1,0,6,7,3,6,3,-0.124,-0.3307,1,1,0.850667
AT5G47840.1,7,10,6,0,4,0,-1.371,-2.8958,0.577158,0.993115,0.257652
AT2G20270.1,7,5,6,4,4,1,-0.734,-1.8458,0.891325,1,0.546003
AT4G17040.1,6,2,5,1,8,5,0.081,0.1964,1,0.950343,0.905387
sum_1,1,5,3,8,2,7,0.595,1.3985,0.958514,0.761753,0.938165
AT4G04020.1,6,12,0,4,3,0,-0.894,-2.1553,0.824214,1,0.462037
AT5G51100.1,6,5,6,7,2,0,-0.557,-1.3598,0.995377,1,0.663388
AT5G03940.1,5,6,6,3,3,3,-0.684,-1.6078,0.941329,1,0.605746
AT2G31670.1,5,8,2,2,4,5,-0.295,-0.729,1,1,0.789159
AT5G41670.1,2,1,10,5,3,3,-0.221,-0.5489,1,1,0.818819
AT1G32220.1,4,4,4,8,6,0,0.197,0.5052,1,0.909204,0.92319
AT3G02660.1,10,7,5,1,2,0,-1.819,-3.1887,0.442312,0.98223799999999994,0.190557
AT3G14930.1,3,6,9,4,2,1,-0.97,-2.1401,0.82773,1,0.466144
AT1G64190.1,5,10,0,7,2,0,-0.499,-1.2337,1,1,0.690948
AT1G09830.1,2,0,13,7,2,0,-0.488,-1.1812,1,1,0.702137
AT1G52510.1,4,3,8,6,2,1,-0.519,-1.149,1,1,0.708569
AT4G03520.1,6,5,3,3,4,3,-0.346,-0.8178,1,1,0.773233
AT1G62780.1,3,5,4,5,5,2,-0.007,-0.0169,1,0.975953,0.887118
AT2G43945.1,0,11,2,5,1,3,-0.447,-1.0953,1,1,0.719732
AT3G24430.1,6,4,8,3,2,0,-1.163,-2.3866,0.76506,1,0.396255
AT5G14590.1,7,4,5,1,3,3,-0.895,-1.9385,0.871883,1,0.521598
ATCG01110.1,0,8,8,1,1,5,-0.918,-2.0016,0.858444,1,0.504592
AT5G13030.1,9,6,0,7,1,0,-0.607,-1.3723,0.992607,1,0.660436
AT2G29690.1,3,5,4,5,3,3,-0.082,-0.1971,1,0.994998,0.867547
ATCG00820.1,6,3,3,5,4,2,-0.11,-0.2534,1,1,0.860743
AT5G58250.1,5,0,4,8,6,0,0.447,1.058,0.990494,0.826727,0.936166
AT1G75330.1,0,4,5,3,5,6,0.349,0.8102,1,0.865567,0.932552
AT1G17220.1,3,3,0,7,9,1,0.924,1.9608,0.837011,0.621157,0.936881
AT5G54810.1,8,7,5,2,0,0,-1.707,-3.0934,0.486197,0.985835,0.210938
sum_9,7,3,7,0,0,5,-0.939,-2.0311,0.852066,1,0.496592
AT5G45170.1,5,3,7,5,2,0,-0.676,-1.5169,0.960883,1,0.62744
AT1G48850.1,7,5,3,6,1,0,-0.669,-1.5201,0.960189,1,0.62675
AT1G31860.1,6,4,4,2,3,2,-0.74,-1.5223,0.959712,1,0.62606
AT5G04740.1,5,3,5,5,2,1,-0.511,-1.1064,1,1,0.717637
AT3G23700.1,3,3,6,7,1,1,-0.322,-0.6981,1,1,0.794478
AT4G35630.1,0,5,6,0,3,7,-0.081,-0.1875,1,0.994136,0.86858900000000006
AT5G23120.1,3,5,0,0,7,6,0.464,1.0823,0.987944,0.822513,0.936403
AT5G13120.1,2,1,4,7,6,1,0.736,1.621,0.926341,0.709585,0.93833
AT5G42270.1,0,0,0,15,6,0,2.205,3.2878,0.422479,0.237208,0.926519
AT3G20330.1,7,5,6,2,0,0,-1.619,-2.8627,0.591862,0.994273,0.265779
AT3G57050.1,5,7,5,2,0,1,-1.531,-2.6365,0.683877,1,0.32588
AT2G02500.1,4,5,3,5,2,1,-0.42,-0.903,1,1,0.757462
AT5G64050.1,1,3,6,4,3,3,0.034,0.0767,1,0.965193,0.895687
AT1G77090.1,2,2,4,6,6,0,0.52,1.0998000000000001,0.986172,0.819748,0.936547
AT5G08650.1,3,2,3,2,3,7,0.405,0.8684,1,0.856771,0.933654
AT3G23400.1,3,4,0,3,3,7,0.504,1.0897,0.987189,0.82126,0.936469
AT2G21370.1,8,5,3,0,2,1,-1.441,-2.6526,0.677896,1,0.321433
AT1G32200.1,7,1,4,5,2,0,-0.404,-0.8346,1,1,0.770288
AT2G17265.1,2,4,4,6,2,1,-0.102,-0.2112,1,0.99642,0.865791
AT5G55280.1,2,5,3,4,2,3,-0.118,-0.2587,1,1,0.860007
AT3G02630.1,4,3,3,1,3,3,-0.296,-0.625,1,1,0.806549
AT3G52750.1,1,0,8,8,0,0,-0.019,-0.0441,1,0.979073,0.884341
AT4G26900.1,4,1,9,4,0,0,-0.885,-1.7684,0.907477,1,0.566035
AT3G17810.1,2,3,7,4,2,0,-0.57,-1.1531,1,1,0.707959
AT5G53850.2,4,1,7,5,1,0,-0.614,-1.2449,1,1,0.688433
ATCG00330.1,4,5,2,3,3,1,-0.503,-1.0137,1,1,0.736208
ATCG01120.1,5,3,3,2,3,2,-0.471,-0.944,1,1,0.749638
AT1G56500.1,1,7,0,2,6,2,0.107,0.23,1,0.94603,0.907818
AT1G17650.1,0,0,5,5,4,4,0.653,1.3617,0.962265,0.769613,0.938057
AT3G56130.1,1,0,4,7,2,4,0.871,1.6879,0.912414,0.692938,0.938209
AT3G57560.1,1,0,4,7,2,4,0.825,1.617,0.927105,0.710679,0.938335
AT3G44890.1,2,0,2,9,5,0,1.179,2.238,0.754196,0.54656,0.934516
AT1G53280.1,3,5,7,2,0,0,-1.395,-2.4229,0.754548,1,0.38621
AT3G15360.1,4,4,4,1,1,3,-0.945,-1.7611,0.909002,1,0.567901
AT2G44650.1,4,3,4,1,4,1,-0.661,-1.2726,1,1,0.68242100000000006
AT1G48350.1,5,4,2,1,2,3,-0.646,-1.2069,1,1,0.696568
AT1G64510.1,2,2,2,8,3,0,0.749,1.4326,0.954746,0.754331,0.938245
AT3G15690.2,1,3,2,6,3,2,0.637,1.2125,0.975722,0.799441,0.93737
AT2G46910.1,0,1,3,12,1,0,1.068,1.9582,0.837817,0.621941,0.936902
sum_4,0,0,0,12,5,0,1.896,2.7967,0.632474,0.381742,0.929778
AT2G43710.1,3,1,3,3,3,1,-0.063,-0.1264,1,0.9879,0.875632
AT5G14200.1,0,5,3,4,3,0,-0.061,-0.1218,1,0.987442,0.876118
AT3G52180.1,3,3,5,4,1,0,-0.655,-1.2129,1,1,0.695323
AT2G31170.1,5,3,3,2,1,2,-0.848,-1.5218,0.95982,1,0.626405
AT1G17050.1,5,3,3,0,3,2,-0.654,-1.2861,1,1,0.679554
AT3G13490.1,2,3,5,3,3,0,-0.349,-0.681,1,1,0.79723
AT5G44520.1,0,3,6,5,1,1,-0.359,-0.7105,1,1,0.792209
AT4G04350.1,6,0,0,4,6,0,0.361,0.7747,1,0.870763,0.931799
sum_12,2,3,0,5,4,2,0.66,1.2095,0.975986,0.799991,0.937353
AT3G14390.1,1,2,9,3,0,0,-0.837,-1.5505,0.953617,1,0.619467
AT4G02520.1,0,2,0,0,5,8,1.271,2.2847,0.742004,0.533721,0.934074
AT2G01210.1,9,3,2,0,0,1,-1.64,-2.4,0.761225,1,0.392487
AT2G39930.1,9,0,4,0,2,0,-1.345,-2.3014,0.788279,1,0.420529
AT1G74960.1,3,6,2,2,2,0,-0.848,-1.4934,0.96599,1,0.632934
AT4G16390.1,5,3,3,3,1,0,-0.847,-1.5808,0.947103,1,0.612111
AT5G10920.1,1,5,4,5,0,0,-0.366,-0.7269,1,1,0.789414
AT3G55760.1,5,3,1,2,4,0,-0.264,-0.4922,1,1,0.82764
AT2G44920.2,3,2,1,4,5,0,0.549,0.9793,0.999556,0.839677,0.935282
AT5G05730.1,1,2,0,2,4,6,1.191,1.8891,0.85891,0.64033,0.937353
AT1G62640.1,2,0,1,1,4,7,1.14,1.9836,0.829923,0.61488,0.93671
AT1G13280.1,0,0,1,4,6,2,1.509,2.1716,0.772688,0.564457,0.935129
AT5G11880.1,1,2,0,3,8,0,1.253,1.9775,0.831822,0.616842,0.936764
AT2G21530.1,4,3,4,3,0,0,-0.845,-1.5077,0.96288,1,0.629505
AT1G57770.1,4,6,0,1,0,3,-0.823,-1.4392,0.977847,1,0.645479
AT5G12040.1,3,3,3,0,3,2,-0.439,-0.787,1,1,0.778794
AT5G63890.1,0,2,6,1,2,3,-0.42,-0.7796,1,1,0.780106
AT1G63970.1,3,2,0,5,4,0,0.553,1.0471,0.99167400000000006,0.828442,0.936063
AT5G47190.1,2,0,0,6,3,1,1.09,1.7737,0.891504,0.67055,0.937929
AT3G62410.1,7,4,2,0,0,0,-1.579,-2.2726,0.795713,1,0.428879
AT4G38225.1,3,3,5,1,0,1,-1.461,-2.1764,0.819273,1,0.456271
AT1G56050.1,2,4,4,3,0,0,-0.726,-1.2677,1,1,0.683692
AT4G22930.1,2,4,3,2,2,0,-0.628,-1.0654,1,1,0.725674
AT3G52155.1,2,4,3,2,2,0,-0.646,-1.0981,1,1,0.719134
AT1G73170.1,3,2,4,0,1,3,-0.626,-1.0583,1,1,0.72715
AT1G04410.1,2,2,3,5,1,0,0.014,0.0265,1,0.971077,0.891185
AT4G28706.2,0,4,3,3,0,3,-0.154,-0.2821,1,1,0.857021
AT5G01650.1,2,2,2,1,4,2,0.157,0.2631,1,0.941851,0.910028
AT1G60000.1,0,3,2,4,3,1,0.294,0.542,1,0.904099,0.924698
AT1G36390.1,0,1,4,3,3,2,0.319,0.5644,1,0.900814,0.925602
AT1G67700.1,0,0,0,9,4,0,1.639,2.4893,0.69653,0.476072,0.932196
AT5G14740.1,2,10,0,0,0,0,-1.588,-2.3096,0.786126,1,0.418439
AT2G45290.1,6,1,0,4,0,0,-0.349,-0.6376,1,1,0.804612
AT4G13550.1,7,5,0,0,0,0,-1.598,-2.2207,0.808649,1,0.443443
AT1G60950.1,4,4,1,1,1,1,-1.221,-1.6977,0.922291,1,0.58377
AT3G29185.1,3,2,3,2,2,0,-0.528,-0.8782,1,1,0.762146
AT3G63170.1,4,2,2,1,1,2,-0.747,-1.131,1,1,0.712516
AT2G26540.1,2,2,2,4,2,0,0.165,0.2765,1,0.939935,0.910995
AT3G03890.1,2,3,1,6,0,0,0.332,0.5926,1,0.896894,0.926615
AT2G25870.1,1,4,1,1,3,2,0.01,0.0164,1,0.972266,0.890222
AT1G50320.1,2,2,2,1,2,3,0.007,0.011,1,0.972773,0.889806
AT1G21350.2,2,2,2,0,2,4,0.15,0.2542,1,0.942995,0.909436
AT3G01480.1,3,1,1,1,2,4,0.388,0.6252,1,0.89233,0.927711
AT4G09040.1,0,2,2,5,2,1,0.535,0.8766,1,0.855658,0.933779
AT4G21210.1,2,0,2,4,3,1,0.492,0.8346,1,0.861851,0.933042
AT2G20890.1,2,1,1,2,3,3,0.782,1.2215,0.974932,0.797783,0.937423
AT2G37690.1,1,3,0,4,0,4,0.598,1.049,0.991466,0.828198,0.936078
AT1G78630.1,0,0,0,8,4,0,1.608,2.4141,0.71189499999999994,0.497658,0.932868
AT3G55440.1,0,0,3,3,3,2,0.55,0.928,1,0.847766,0.934587
AT2G36230.1,1,5,5,0,0,0,-1.401,-1.9642,0.866437,1,0.514512
AT1G68590.1,2,6,1,0,2,0,-0.859,-1.3486,0.997861,1,0.666001
AT5G17990.1,6,2,1,2,0,0,-0.891,-1.4065,0.985047,1,0.652832
AT2G26670.1,0,1,6,4,0,0,-0.319,-0.5592,1,1,0.8172
AT5G66120.2,0,1,6,2,1,1,-0.736,-1.1424,1,1,0.71009
AT4G34350.1,5,2,0,2,2,0,-0.527,-0.8611,1,1,0.765422
AT3G08840.2,5,1,0,1,2,2,-0.365,-0.6101,1,1,0.809192
AT3G26900.1,1,1,3,6,0,0,0.498,0.8144,1,0.864914,0.932641
AT1G76100.1,2,1,2,2,2,2,0.231,0.3487,1,0.930416,0.915409
AT3G25920.1,1,0,1,2,3,4,1.216,1.7344,0.901487,0.680862,0.938075
AT3G25860.1,0,0,1,3,0,7,1.467,1.9975,0.82559,0.611347,0.936611
AT3G15190.1,0,0,0,6,5,0,1.584,2.141,0.781614,0.572765,0.935409
AT1G14030.1,1,3,4,2,0,0,-0.745,-1.1176,1,1,0.715233
AT1G54630.1,3,2,3,2,0,0,-0.758,-1.1782,1,1,0.702752
AT4G28730.1,4,2,2,1,1,0,-1.044,-1.4638,0.972453,1,0.639743
AT5G24020.1,3,2,0,0,2,3,-0.025,-0.0427,1,0.97891,0.884489
AT4G27440.1,3,1,1,0,1,4,0.223,0.3571,1,0.929434,0.915829
AT3G58010.1,0,0,4,3,3,0,0.161,0.2849,1,0.938974,0.91147
AT3G13120.1,2,1,1,4,2,0,0.626,0.962,1,0.842243,0.935075
AT4G29670.1,3,0,1,3,3,0,0.351,0.5686,1,0.900196,0.925766
AT5G47870.1,1,1,1,5,0,2,1.123,1.5076,0.945165,0.737242,0.938353
AT4G30720.1,2,1,0,3,0,4,0.761,1.2187,0.975177,0.798337,0.937405
AT1G21440.1,0,0,2,3,3,2,0.742,1.208,0.976118,0.800265,0.937344
AT3G27925.1,1,0,1,2,4,2,1.087,1.5699,0.93554,0.722204,0.938369
AT5G65220.1,1,0,0,9,0,0,1.462,2.164,0.774884,0.566834,0.93521
AT4G21280.1,0,0,0,9,1,0,1.419,2.0903,0.796848,0.586572,0.93586
AT5G17560.1,6,1,2,0,0,0,-1.166,-1.6598,0.930284,1,0.593214
AT1G17160.1,3,2,2,2,0,0,-0.596,-0.9109,1,1,0.756075
AT4G32520.1,2,0,3,4,0,0,-0.046,-0.0792,1,0.982925,0.880704
AT3G53580.1,1,1,3,1,2,1,-0.266,-0.3703,1,1,0.845275
AT5G59750.1,2,2,1,3,0,1,-0.037,-0.0552,1,0.980207,0.883295
AT5G36210.1,3,1,1,3,0,1,0.008,0.013,1,0.972605,0.889945
AT4G01900.1,0,2,2,2,2,1,0.005,0.0075,1,0.973279,0.889388
AT5G45680.1,2,2,0,2,3,0,0.183,0.2952,1,0.937624,0.912126
AT1G80480.1,0,1,2,6,0,0,0.745,1.1543,0.980948,0.809943,0.936991
AT3G62530.1,2,0,1,4,2,0,0.601,0.9025,1,0.851622,0.93421
AT5G40950.1,0,0,0,7,2,0,1.229,1.8481,0.870966,0.651235,0.937586
AT5G19460.1,6,2,0,0,0,0,-1.24,-1.7902,0.902926,1,0.560413
AT5G48220.1,0,4,2,2,0,0,-0.6,-0.9217,1,1,0.753846
AT4G29590.1,2,2,2,2,0,0,-0.483,-0.713,1,1,0.791956
AT4G33500.1,2,2,2,1,1,0,-0.74,-0.9688,1,1,0.744823
AT3G54440.1,2,3,1,0,1,1,-0.81,-1.0769,1,1,0.723602
AT1G73110.1,0,3,2,3,0,0,-0.195,-0.3075,1,1,0.85378
AT5G23310.1,1,4,0,0,3,0,-0.156,-0.2408,1,0.999202,0.862205
AT1G48420.1,0,2,3,1,0,2,-0.382,-0.5624,1,1,0.816736
AT2G37020.1,1,1,2,2,2,0,0.304,0.4303,1,0.919503,0.919736
AT4G28750.1,2,1,1,2,2,0,0.262,0.3814,1,0.926078,0.917217
AT5G24490.1,2,2,0,4,0,0,0.222,0.3426,1,0.931201,0.915068
AT5G42310.1,2,1,1,2,0,2,0.21,0.3016,1,0.936657,0.912588
AT3G55250.1,0,2,0,2,3,1,0.473,0.6833,1,0.883958,0.929499
AT5G54600.1,0,0,0,4,4,0,1.227,1.7124,0.906781,0.686544,0.938143
AT2G41220.1,1,0,0,2,1,3,0.798,1.039,0.992565,0.829903,0.935972
AT4G10300.1,4,3,0,0,0,0,-1.099,-1.5521,0.953272,1,0.619119
AT4G33030.1,0,3,3,1,0,0,-0.953,-1.3373,1,1,0.668279
AT4G11980.1,1,1,3,2,0,0,-0.23,-0.3287,1,1,0.850864
AT1G79790.1,1,2,2,0,2,0,-0.219,-0.3123,1,1,0.853008
AT5G57040.1,2,2,1,1,0,1,-0.565,-0.7475,1,1,0.785824
AT4G36810.1,0,2,2,1,2,0,-0.216,-0.3038,1,1,0.854165
AT5G09820.1,2,0,2,3,0,0,0.017,0.0253,1,0.971247,0.891048
AT2G13440.1,3,1,0,2,0,1,-0.208,-0.2836,1,1,0.856832
AT5G35100.1,0,0,3,4,0,0,0.164,0.2754,1,0.940127,0.9109
AT3G59980.1,0,1,2,4,0,0,0.475,0.7017,1,0.881427,0.929987
AT1G75460.1,1,0,2,2,2,0,0.26,0.366,1,0.928054,0.916408
AT5G13420.1,2,1,0,4,0,0,0.455,0.6922,1,0.882694,0.929746
AT1G78380.1,0,1,2,0,2,2,0.246,0.3462,1,0.930809,0.915239
AT1G79850.1,2,1,0,1,0,3,0.271,0.3738,1,0.927067,0.916815
AT1G11430.1,0,0,1,5,1,0,0.959,1.2616,0.971427,0.78989,0.937646
AT5G51110.1,0,1,0,4,2,0,0.893,1.246,0.972791,0.793022,0.937562
AT4G33010.1,0,0,0,3,4,0,1.065,1.4613,0.95131,0.747731,0.938298
AT3G44310.1,0,0,0,7,0,0,1.222,1.7128,0.906687,0.686545,0.938143
AT1G20440.1,1,3,2,0,0,0,-0.793,-1.0695,1,1,0.725083
AT3G01510.1,1,2,3,0,0,0,-0.794,-1.0623,1,1,0.72656
AT3G43610.1,6,0,0,0,0,0,-1.114,-1.5249,0.959149,1,0.625369
AT4G21445.1,2,3,1,0,0,0,-0.742,-0.9913,1,1,0.740534
AT1G31220.1,2,0,3,1,0,0,-0.779,-1.0478,1,1,0.729209
AT3G46100.1,2,0,2,2,0,0,-0.234,-0.3293,1,1,0.850864
AT1G73090.1,2,0,2,2,0,0,-0.27,-0.3887,1,1,0.842618
AT1G11720.1,0,4,0,0,2,0,-0.421,-0.6125,1,1,0.808713
AT5G63100.1,2,2,0,2,0,0,-0.223,-0.3097,1,1,0.853395
AT3G24190.1,3,1,0,2,0,0,-0.218,-0.3056,1,1,0.853973
AT5G65840.1,0,4,0,1,0,1,-0.821,-1.0989,1,1,0.719134
AT5G42650.1,2,2,0,1,0,1,-0.542,-0.7007,1,1,0.793975
AT2G47450.1,2,1,1,0,0,2,0.072,0.0939,1,0.963076,0.897209
AT4G34620.1,2,2,0,0,0,2,-0.234,-0.3339,1,1,0.850274
sum_6,0,0,3,3,0,0,-0.009,-0.0134,1,0.975621,0.887406
AT5G22620.1,0,1,2,2,1,0,-0.028,-0.036,1,0.978094,0.885228
AT2G14750.1,2,0,1,3,0,0,0.288,0.4182,1,0.921104,0.919147
AT1G50170.1,2,0,1,2,1,0,0.022,0.0307,1,0.970565,0.891594
AT1G48860.1,1,0,1,4,0,0,0.762,1.0029,0.996702,0.835904,0.935567
AT3G25660.1,1,0,1,4,0,0,0.741,0.9976,0.997332,0.836616,0.935515
AT4G03200.1,1,1,0,0,2,2,0.57,0.6669,1,0.88627,0.929033
AT1G35680.1,2,0,0,2,0,2,0.25,0.3503,1,0.93022,0.915493
ATCG00180.1,1,1,0,1,0,3,0.606,0.8154,1,0.864696,0.93267
AT5G19940.1,0,0,1,3,2,0,0.762,1.0064,0.996289,0.835191,0.935618
ATCG00500.1,0,1,0,3,0,2,0.775,1.0284,0.993752,0.831597,0.935863
AT1G08550.1,1,0,0,3,2,0,0.779,0.9734,1,0.840613,0.935208
ATCG00190.1,0,0,0,2,0,4,0.907,1.1912,0.977606,0.803264,0.937242
AT3G25760.1,0,0,2,2,1,0,0.135,0.1818,1,0.952199,0.90429
AT1G15060.1,4,1,0,0,0,0,-0.769,-0.9915,1,1,0.740534
AT1G59990.1,3,2,0,0,0,0,-0.79,-1.0885,1,1,0.721223
AT4G33520.1,2,2,1,0,0,0,-0.539,-0.6733,1,1,0.798721
AT2G39080.1,1,4,0,0,0,0,-0.761,-0.9947,1,1,0.739959
AT1G11870.1,1,2,1,1,0,0,-0.344,-0.4334,1,1,0.836336
AT5G04440.1,1,2,1,1,0,0,-0.322,-0.383,1,1,0.84344
AT1G54580.1,2,0,2,1,0,0,-0.581,-0.7184,1,1,0.790942
AT3G18420.1,2,1,1,1,0,0,-0.319,-0.3758,1,1,0.844462
AT2G32500.1,0,0,3,0,2,0,-0.25,-0.3718,1,1,0.845072
AT3G59400.1,0,1,2,0,2,0,-0.031,-0.0432,1,0.97891,0.884489
AT3G01180.1,1,0,2,0,2,0,0.029,0.0384,1,0.969708,0.89227
AT1G75350.1,3,0,0,0,1,1,-0.62,-0.8023,1,1,0.776156
AT3G01120.1,0,0,2,3,0,0,0.19,0.2697,1,0.940894,0.910514
AT3G44620.1,0,0,1,3,1,0,0.579,0.7199,1,0.878673,0.930492
AT3G54210.1,0,0,1,0,2,2,0.603,0.8027,1,0.866654,0.932401
AT4G09620.1,1,0,0,2,2,0,0.606,0.7414,1,0.875693,0.931009
AT2G22250.1,0,1,0,1,0,3,0.564,0.7563,1,0.873555,0.931361
AT1G70070.1,0,0,0,0,2,3,0.812,1.0463,0.991761,0.828686,0.936048
AT5G53490.1,0,0,0,5,0,0,0.928,1.2134,0.975643,0.799165,0.937379
AT5G16440.1,0,0,3,0,0,1,-0.767,-0.983,1,1,0.742254
AT4G22240.1,0,1,2,1,0,0,-0.201,-0.2712,1,1,0.858335
AT4G17560.1,0,0,0,1,3,0,0.652,0.8245,1,0.863385,0.932844
AT3G02780.1,0,0,1,3,0,0,0.462,0.6082,1,0.894615,0.927173
AT4G25050.1,2,0,2,0,0,0,-0.593,-0.7321,1,1,0.788392
AT2G11890.1,2,0,2,0,0,0,-0.557,-0.7229,1,1,0.790179
AT5G36170.1,3,0,1,0,0,0,-0.563,-0.7227,1,1,0.790179
AT2G14260.1,1,3,0,0,0,0,-0.503,-0.6628,1,1,0.800451
AT1G76140.1,2,1,1,0,0,0,-0.324,-0.3908,1,1,0.842412
AT2G35500.1,1,2,1,0,0,0,-0.388,-0.4816,1,1,0.829188
AT1G79440.1,3,0,1,0,0,0,-0.522,-0.6473,1,1,0.802905
AT1G32500.1,0,1,2,1,0,0,-0.279,-0.3436,1,1,0.848889
AT2G41950.1,0,1,2,0,1,0,-0.328,-0.3964,1,1,0.841586
AT1G15710.1,1,1,1,0,1,0,-0.038,-0.0416,1,0.978747,0.884638
AT1G75690.1,2,1,0,1,0,0,-0.36,-0.4311,1,1,0.836761
AT2G26930.1,3,0,0,1,0,0,-0.538,-0.6976,1,1,0.794478
AT3G47390.2,3,0,0,1,0,0,-0.608,-0.7764,1,1,0.78063
AT5G66090.1,3,0,0,1,0,0,-0.589,-0.7343,1,1,0.788136
AT4G09650.1,0,0,2,2,0,0,-0.016,-0.0221,1,0.976615,0.886541
AT1G19740.1,0,0,2,2,0,0,0.026,0.0342,1,0.970051,0.892
AT3G12930.1,0,1,1,2,0,0,0.314,0.388,1,0.925087,0.917614
AT1G15730.1,0,1,1,2,0,0,0.351,0.4407,1,0.918099,0.920241
AT2G45300.1,0,0,2,0,2,0,-0.008,-0.0114,1,0.975455,0.887549
AT3G10420.1,1,0,1,1,1,0,0.002,0.0028,1,0.973784,0.888967
AT1G68010.1,0,0,1,2,0,1,0.33,0.4099,1,0.922302,0.918696
AT2G43560.1,0,0,0,3,1,0,0.59,0.7366,1,0.876333,0.9309
AT1G69200.1,0,0,0,3,0,1,0.62,0.8017,1,0.866872,0.93237
AT1G78370.1,0,0,0,2,2,0,0.631,0.8082,1,0.865785,0.932522
AT5G09660.1,0,0,0,4,0,0,0.775,1.057,0.990601,0.826973,0.936152
AT5G11670.1,0,0,0,0,0,4,0.804,1.0216,0.994525,0.8328,0.935783
AT3G26060.1,0,0,0,3,1,0,0.546,0.6604,1,0.887319,0.928815
AT2G30695.1,0,0,0,0,1,3,0.607,0.7549,1,0.873769,0.931327
AT4G35830.1,0,0,0,0,0,3,0.731,0.9804,0.999421,0.839443,0.935301
AT5G43780.1,0,0,2,1,0,0,-0.389,-0.4969,1,1,0.826973
AT1G78300.1,0,0,1,2,0,0,0.193,0.2362,1,0.945274,0.908228
AT2G22230.1,0,0,0,3,0,0,0.677,0.9315,1,0.847081,0.934651
AT5G10160.1,0,0,0,3,0,0,0.71,0.9238,1,0.848222,0.934544
AT5G45930.1,0,0,0,3,0,0,0.629,0.8531,1,0.859209,0.933369
AT5G20980.1,1,0,0,0,0,1,-0.113,-0.1307,1,0.988357,0.875143
ATCG00750.1,2,1,0,0,0,0,-0.316,-0.3862,1,1,0.84303
AT2G33450.1,3,0,0,0,0,0,-0.598,-0.7933,1,1,0.777741
AT5G20250.1,3,0,0,0,0,0,-0.589,-0.7702,1,1,0.781935
AT5G65780.1,0,0,3,0,0,0,-0.624,-0.798,1,1,0.77695
AT1G60990.1,0,2,1,0,0,0,-0.364,-0.4454,1,1,0.834626
AT4G20960.1,2,0,1,0,0,0,-0.288,-0.3569,1,1,0.847092
AT1G10370.1,1,0,2,0,0,0,-0.366,-0.4586,1,1,0.832684
AT3G14415.1,1,2,0,0,0,0,-0.319,-0.3905,1,1,0.842412
AT3G23640.1,3,0,0,0,0,0,-0.558,-0.7042,1,1,0.793472
AT1G07780.1,0,0,3,0,0,0,-0.606,-0.7951,1,1,0.777478
AT2G20690.1,1,1,1,0,0,0,0.049,0.051,1,0.968157,0.893472
AT3G61080.1,2,0,1,0,0,0,-0.339,-0.4189,1,1,0.838453
AT5G23440.1,0,2,0,1,0,0,-0.37,-0.4434,1,1,0.83484
AT1G32160.1,0,2,0,1,0,0,-0.325,-0.4008,1,1,0.840963
AT1G06130.1,2,0,0,1,0,0,-0.353,-0.4315,1,1,0.836549
AT3G54900.1,2,0,0,0,1,0,-0.349,-0.4178,1,1,0.838664
AT2G31810.1,0,0,1,2,0,0,0.275,0.3368,1,0.931985,0.914725
AT1G35720.1,0,0,1,2,0,0,0.361,0.4413,1,0.917898,0.920313
AT1G58080.1,0,0,1,2,0,0,0.426,0.4999,1,0.909814,0.923001
AT4G14880.1,0,0,1,1,1,0,-0.011,-0.013,1,0.975621,0.887406
AT2G35490.1,0,0,1,1,0,1,0.014,0.0159,1,0.972266,0.890222
AT2G25840.1,0,0,1,1,0,1,-0.069,-0.0756,1,0.982449,0.881167
AT5G52100.1,1,0,0,2,0,0,0.359,0.4396,1,0.918099,0.920241
ATCG00660.1,0,0,0,1,0,2,0.378,0.5051,1,0.909204,0.92319
AT5G13410.1,0,0,0,2,1,0,0.38,0.472,1,0.913666,0.921764
AT1G76450.1,0,0,0,3,0,0,0.639,0.8138,1,0.864914,0.932641
AT1G74850.1,0,0,0,0,1,2,0.301,0.3682,1,0.927857,0.91649
AT5G05590.1,0,0,0,2,1,0,0.313,0.3781,1,0.926474,0.917057
AT2G20260.1,0,0,0,2,1,0,0.369,0.4441,1,0.917497,0.920455
sum_14,163,126,160,145,144,108,-0.124,-1.7951,0.901903,1,0.558908
sum_13,100,126,94,120,140,142,0.226,3.1644,0.486829,0.269408,0.927333
