Name,STN,pVal
AT5G40450.1,-3.1143,1.00E-04
AT5G65620.1,-2.8386,1.00E-04
sum53,-1.9376,0.0014
AT3G15980.1,-1.6495,0.0033
AT1G56340.1,1.6097,0.0037
AT1G62180.1,1.5642,0.004
AT4G39800.1,1.5632,0.004
sum126,1.5194,0.0047
AT3G42050.1,1.5143,0.0048
AT1G29150.1,1.5143,0.0048
AT2G39800.1,1.5033,0.0048
AT4G16143.1,1.4785,0.0056
AT3G11830.1,1.457,0.006
AT5G55480.1,-1.4549,0.0061
AT3G57260.1,-1.4291,0.0068
AT4G18810.1,1.3863,0.0075
AT4G01050.1,1.3787,0.0076
sum16,1.3741,0.0077
AT5G35790.1,1.36,0.0078
AT4G00490.1,1.36,0.0078
AT1G57770.1,1.36,0.0078
AT1G68560.1,-1.36,0.0081
AT4G17300.1,1.3504,0.0082
AT5G17310.2,1.3385,0.0085
AT1G62020.1,1.3242,0.0088
AT5G19370.1,-1.3239,0.0089
AT5G35360.1,1.2987,0.0092
AT5G55220.1,1.292,0.0094
AT3G24430.1,1.2877,0.0095
AT1G16460.1,-1.2877,0.0108
AT1G21880.2,-1.2877,0.0108
AT5G37850.1,-1.2528,0.0116
AT1G71220.1,-1.2515,0.0116
AT5G46290.1,1.2359,0.012
sum140,1.2331,0.0121
AT1G16720.1,1.2283,0.0122
AT5G58140.1,1.2195,0.0124
AT3G43540.1,1.2118,0.0127
AT1G80480.1,1.2118,0.0127
AT3G55260.1,1.2118,0.0127
AT3G54400.1,1.2118,0.0127
AT3G13460.1,-1.206,0.0134
AT4G22485.1,-1.206,0.0134
AT5G62530.1,1.204,0.0134
AT5G49650.1,1.2011,0.0136
AT3G05590.1,1.2007,0.0136
AT3G06650.1,1.188,0.0139
AT1G24510.1,1.1713,0.0144
AT2G22125.1,-1.1713,0.0145
AT4G16660.1,-1.1713,0.0145
AT5G19220.1,1.171,0.0145
AT1G74920.1,1.1708,0.0145
AT2G32240.1,-1.1382,0.0156
sum85,1.1318,0.0158
AT2G30520.1,1.1318,0.0158
AT4G33030.1,1.1318,0.0158
AT3G14990.1,1.1318,0.0158
AT4G25100.1,1.1318,0.0158
AT2G25830.1,-1.1318,0.0172
sum18,1.117,0.0177
AT1G57720.1,1.1125,0.0179
AT5G65430.1,-1.1074,0.0181
AT5G07440.1,1.107,0.0183
sum42,1.0934,0.019
sum81,-1.084,0.0194
AT3G48560.1,1.0816,0.0195
AT5G66680.1,1.0643,0.0201
AT5G57490.1,-1.0643,0.0206
AT5G26360.1,1.0591,0.0208
AT5G67030.1,1.0591,0.0208
AT4G24620.1,1.0504,0.0213
AT3G11630.1,-1.0503,0.0214
AT5G06600.1,-1.0493,0.0214
AT3G48000.1,1.0488,0.0215
AT3G16520.3,1.0474,0.0215
AT3G63520.1,1.0405,0.0229
AT1G18070.1,1.0404,0.0233
AT4G32520.1,1.0404,0.0233
sum213,1.0399,0.0234
AT1G22530.1,-1.0396,0.0234
AT5G35170.1,1.0352,0.0235
AT3G49910.1,1.0255,0.0243
AT3G03960.1,1.0145,0.0247
AT5G20080.1,-1.0082,0.0249
AT1G02500.1,1.0031,0.0252
AT5G64040.1,1.001,0.0252
AT3G62120.1,0.999,0.0254
AT4G13930.1,0.9974,0.0255
AT5G19820.1,-0.999,0.0255
AT3G04550.1,0.9911,0.0259
AT5G43330.1,0.99,0.026
sum79,0.9884,0.0261
AT3G54660.1,0.9884,0.0261
AT1G74910.1,0.9884,0.0261
AT3G43300.2,-0.9871,0.0265
AT3G52990.1,0.9745,0.027
AT3G13860.1,0.9745,0.027
AT2G41680.1,0.9745,0.027
AT5G17990.1,-0.9745,0.0272
AT5G23820.1,0.969,0.0278
AT2G36580.1,0.9577,0.0283
AT1G26850.1,0.9577,0.0283
AT2G31790.1,0.9577,0.0283
AT5G09900.1,0.9577,0.0283
AT2G22360.1,0.9577,0.0283
sum62,0.9577,0.0283
AT1G64790.1,-0.9594,0.0283
AT1G12310.1,-0.9577,0.0307
AT5G66140.1,-0.9577,0.0307
AT3G03980.1,-0.9577,0.0307
AT1G09620.1,-0.9568,0.0309
AT2G21390.1,-0.956,0.0309
AT2G19860.1,0.949,0.0312
sum95,0.9447,0.0314
AT5G26000.1,0.9423,0.0315
AT1G78300.1,-0.9431,0.0315
sum31,-0.9411,0.0316
sum31,-0.9411,0.0316
AT3G57290.1,0.9402,0.0317
sum124,-0.9387,0.032
AT1G65260.1,-0.9375,0.0321
AT3G09260.1,0.9355,0.0321
AT1G48030.1,0.9322,0.0324
AT3G59870.1,0.9297,0.0325
AT1G29900.1,-0.9318,0.0325
AT4G19410.1,-0.9311,0.0325
sum64,0.9235,0.0334
sum77,0.9206,0.0336
AT5G48300.1,0.9199,0.0337
AT1G48600.1,0.9185,0.0338
AT4G24830.1,0.9182,0.0338
AT1G02930.1,-0.9107,0.0344
AT3G22890.1,0.9105,0.0345
AT4G27090.1,0.9089,0.0345
AT4G28080.1,-0.9106,0.0346
AT5G64050.1,0.902,0.0356
AT1G53580.1,-0.902,0.036
AT5G64460.1,-0.902,0.0361
AT3G19480.1,0.901,0.0361
AT5G47110.1,-0.9005,0.0362
AT3G58610.1,0.8996,0.0362
AT1G59870.1,-0.9004,0.0362
ATCG01060.1,0.8983,0.0364
AT2G34040.1,0.8983,0.0364
AT5G28500.1,0.8973,0.0368
AT4G04040.1,0.8914,0.0371
AT2G42600.1,-0.8829,0.0379
AT1G64190.1,0.8814,0.038
AT2G24270.1,0.8734,0.0388
AT1G78900.1,0.8712,0.039
sum137,0.8649,0.0394
AT1G67280.1,-0.8654,0.0394
AT5G02160.1,0.8619,0.0398
AT1G52000.1,0.8619,0.0398
AT5G17050.1,0.8619,0.0398
AT1G08550.1,0.8619,0.0398
AT3G59020.1,0.8619,0.0398
AT5G14740.2,-0.8616,0.0414
ATCG00170.1,-0.8619,0.0414
AT3G50590.1,-0.8619,0.0414
AT1G59610.1,-0.8619,0.0414
AT3G18680.1,-0.8619,0.0414
ATMG00510.1,-0.8619,0.0414
AT1G15950.1,-0.8619,0.0414
AT1G72610.1,-0.8619,0.0414
AT5G48220.1,-0.8619,0.0414
sum88,-0.8619,0.0414
AT3G18860.1,-0.8619,0.0414
AT2G25840.1,-0.8619,0.0414
AT3G14840.2,-0.8619,0.0414
AT1G65960.2,0.8612,0.0415
AT2G22170.1,0.8608,0.0415
AT1G77590.1,0.8601,0.0415
AT5G41670.1,0.8587,0.0416
AT1G02280.1,-0.8601,0.0417
AT5G65010.1,0.8556,0.0418
AT4G01690.1,0.8483,0.0424
AT2G44640.1,0.8466,0.0431
AT5G13420.1,0.8466,0.0431
AT3G62360.1,-0.8475,0.0432
AT4G38800.1,-0.8466,0.0434
AT3G27300.1,0.8419,0.0435
sum71,0.8419,0.0435
AT4G29840.1,0.8405,0.0436
sum141,-0.8396,0.0438
AT1G69740.1,0.8371,0.044
sum206,0.837,0.044
AT5G42270.1,0.8343,0.0442
AT4G17090.1,0.8338,0.0443
AT3G57610.1,0.8338,0.0443
AT5G53460.1,-0.8329,0.0447
AT3G07720.1,-0.8323,0.0449
sum204,0.8307,0.045
AT4G24190.1,-0.8301,0.0451
AT2G21870.1,-0.8285,0.0452
AT1G48520.1,0.8246,0.0453
ATCG00190.1,0.8243,0.0455
AT3G06580.1,0.8243,0.0455
AT1G44920.1,0.8243,0.0455
AT2G40660.1,0.8243,0.0455
AT2G45990.1,-0.8243,0.046
AT3G06350.1,0.8223,0.0461
AT3G04870.1,0.8223,0.0461
AT2G42690.1,0.8223,0.0461
AT2G26900.1,-0.8223,0.0469
AT3G25860.1,0.8205,0.047
AT5G19760.1,-0.8161,0.0474
AT3G20050.1,0.814,0.0475
AT4G00570.1,0.814,0.0475
AT1G64520.1,-0.8132,0.0479
AT2G33150.1,0.8073,0.0485
AT3G54640.1,-0.8073,0.0486
AT1G78630.1,0.8031,0.0488
AT5G12040.1,0.8023,0.0489
AT5G48880.1,0.8023,0.0489
AT5G42650.1,0.7986,0.0497
AT3G08590.1,0.7927,0.0501
AT3G52140.1,-0.7922,0.0502
AT1G69620.1,0.7886,0.0505
AT5G52920.1,0.7871,0.0506
AT5G23010.1,0.7871,0.0506
AT2G36880.1,0.7864,0.0507
ATCG00270.1,-0.7858,0.0508
AT1G30630.1,-0.7851,0.0509
AT1G74470.1,0.7832,0.051
AT5G10360.1,-0.7811,0.0513
AT3G15640.1,0.7803,0.0513
AT3G28715.1,-0.7801,0.0515
sum106,0.7784,0.0516
AT5G06290.1,-0.776,0.052
AT3G57410.1,-0.7706,0.0525
AT1G74260.1,-0.7697,0.0526
AT2G19480.1,0.7639,0.0531
AT5G10920.1,0.7639,0.0531
AT5G54770.1,-0.7647,0.0531
AT3G09810.1,0.7639,0.0532
sum138,0.7622,0.0534
AT3G23940.1,0.7618,0.0535
AT3G27925.1,0.7615,0.0535
AT1G10370.1,-0.7615,0.0537
AT1G63660.1,0.7596,0.0537
sum84,0.7596,0.0537
AT5G08570.1,0.7596,0.0537
AT4G34490.1,0.7588,0.0551
sum99,0.7588,0.0551
AT3G07460.1,0.7588,0.0551
AT4G33500.1,0.7588,0.0551
AT1G09830.1,0.7588,0.0551
AT1G06820.1,0.7588,0.0551
AT1G09430.1,0.7588,0.0551
AT3G52500.1,0.7588,0.0551
AT5G19860.1,0.7588,0.0551
AT1G48860.1,0.7588,0.0551
AT5G34850.1,0.7588,0.0551
AT5G66420.1,0.7588,0.0551
AT4G39660.1,0.7588,0.0551
AT4G37550.1,0.7588,0.0551
AT1G49970.1,-0.7596,0.0551
AT2G29360.1,-0.7596,0.0551
AT4G39690.1,-0.7596,0.0551
AT1G68680.1,-0.7588,0.0626
AT1G63610.1,-0.7588,0.0626
AT3G61260.1,-0.7588,0.0626
AT1G33040.1,-0.7588,0.0626
AT2G39970.1,-0.7588,0.0626
AT4G23890.1,-0.7588,0.0626
sum145,-0.7588,0.0626
sum112,-0.7588,0.0626
AT3G23570.1,-0.7588,0.0626
AT1G75040.1,-0.7588,0.0626
AT4G21580.1,-0.7588,0.0626
AT3G16460.1,-0.7588,0.0626
AT1G33680.1,-0.7588,0.0626
AT3G01290.1,-0.7588,0.0626
AT3G03890.1,-0.7588,0.0626
AT4G28780.1,-0.7588,0.0626
AT3G15690.2,-0.7588,0.0626
AT3G04720.1,-0.7588,0.0626
AT4G14160.1,-0.7588,0.0626
AT3G17940.1,-0.7588,0.0626
ATCG01100.1,-0.7584,0.0627
AT1G29470.1,-0.7584,0.0629
sum58,-0.7584,0.0629
AT5G25980.2,0.7557,0.0631
AT5G16970.1,0.7541,0.0631
AT2G22780.1,-0.7506,0.0635
AT1G03680.1,-0.7496,0.0637
sum40,-0.7481,0.0639
AT1G33590.1,0.746,0.0641
AT5G64860.1,0.7425,0.0643
AT3G42170.1,-0.7425,0.0648
sum103,-0.7425,0.0648
AT1G26630.1,0.7407,0.0649
AT5G17530.1,0.7375,0.0653
AT4G39460.1,-0.7375,0.0658
AT5G63860.1,0.7351,0.066
AT5G44720.1,0.7351,0.066
AT4G11010.1,0.7343,0.0672
AT5G26742.1,0.7333,0.0675
sum119,0.7328,0.0676
AT3G20000.1,0.7306,0.0678
AT3G01280.1,-0.7285,0.0685
AT3G58730.1,-0.7286,0.0685
AT3G14290.1,-0.728,0.0685
AT5G03690.2,0.7273,0.0686
AT3G47370.1,0.7268,0.0686
AT3G27240.1,-0.7272,0.0686
AT2G41740.1,-0.7208,0.0692
AT3G49110.1,-0.7202,0.0692
sum115,0.7198,0.0694
AT2G33210.1,0.7148,0.0699
AT5G19510.1,-0.714,0.07
AT5G12860.1,-0.7104,0.0709
AT5G57850.1,-0.7104,0.0709
AT3G48990.1,0.7062,0.0712
AT5G62790.1,0.7062,0.0712
AT2G30050.1,-0.704,0.0717
AT5G13410.1,0.7011,0.0721
AT3G02520.1,-0.7011,0.0724
AT5G56680.1,-0.7011,0.0724
sum129,0.6968,0.0729
AT1G66970.1,-0.6967,0.0729
AT3G61470.1,-0.6953,0.073
AT4G19170.1,0.6918,0.0735
AT2G38270.1,-0.6918,0.0736
AT5G43830.1,-0.6918,0.0736
AT3G14067.1,0.6899,0.0738
AT3G29320.1,-0.6889,0.0739
AT1G03860.1,-0.6886,0.074
AT5G20290.1,-0.6877,0.0741
AT3G63460.1,-0.6844,0.0743
sum27,0.6819,0.0751
AT5G59890.1,-0.6814,0.0752
AT3G22960.1,0.6782,0.0756
AT3G55040.1,-0.6781,0.0756
AT1G62380.1,0.6776,0.0757
AT3G02090.1,0.6756,0.0759
AT3G45140.1,-0.6754,0.0759
AT5G39320.1,0.6753,0.076
AT3G09630.1,0.6731,0.0765
AT4G10480.1,-0.6729,0.0768
AT2G47730.1,-0.6716,0.0769
AT1G17290.1,0.6702,0.077
AT2G22990.1,0.6702,0.077
AT4G24800.1,0.6702,0.077
AT4G36530.1,0.6702,0.077
AT3G01910.1,0.6702,0.077
AT5G33320.1,-0.6702,0.0776
AT5G23310.1,-0.6702,0.0776
AT1G20960.1,-0.6697,0.0779
AT3G23990.1,0.6692,0.078
AT3G59970.3,0.6682,0.0781
AT3G54210.1,0.6678,0.0781
sum43,0.6677,0.0783
AT2G39990.1,-0.6657,0.0785
AT2G20420.1,-0.6657,0.0785
AT3G53420.1,0.6656,0.0785
AT4G33510.1,0.6633,0.0788
AT4G16155.1,0.6631,0.0788
sum201,-0.6606,0.0791
AT4G14800.1,-0.6592,0.0792
AT3G60370.1,0.6583,0.0793
AT4G02230.1,-0.6583,0.0815
AT5G46430.1,0.6581,0.0816
AT3G48420.1,-0.6525,0.0824
AT3G16470.1,0.6512,0.0827
AT3G18190.1,0.6512,0.0827
sum132,-0.6505,0.083
AT3G19760.1,0.6496,0.0831
AT3G46780.1,0.6479,0.0834
AT3G16140.1,0.6467,0.0837
AT3G25230.1,0.6467,0.0837
AT4G15630.1,0.6467,0.0837
AT5G44090.1,0.6467,0.0837
AT5G20140.1,0.6467,0.0837
AT4G26555.1,0.6467,0.0837
AT4G02840.1,0.6467,0.0837
AT3G04260.1,0.6467,0.0837
AT2G44100.1,0.6467,0.0837
AT3G02660.1,0.6467,0.0837
AT2G29960.1,0.6467,0.0837
AT3G13490.1,0.6467,0.0837
AT1G79560.1,0.6467,0.0837
AT1G10670.1,0.6467,0.0837
AT2G31750.1,0.6467,0.0837
AT2G44870.1,0.6467,0.0837
AT3G44590.1,-0.6467,0.0875
AT2G04400.1,-0.6467,0.0875
AT4G37200.1,-0.6467,0.0875
AT4G34830.1,-0.6467,0.0875
AT5G19750.1,-0.6467,0.0875
AT1G06290.1,-0.6467,0.0875
AT1G17890.1,-0.6467,0.0875
AT3G56130.1,-0.6467,0.0875
AT3G52180.1,-0.6467,0.0875
AT3G04780.1,-0.6467,0.0875
AT1G18640.2,-0.6467,0.0875
AT4G19006.1,-0.6467,0.0875
AT3G27380.1,-0.6467,0.0875
AT2G23350.1,0.6441,0.0878
AT1G77090.1,-0.6425,0.088
AT4G02620.1,0.6425,0.088
AT5G13980.1,0.6421,0.0881
AT1G04430.1,0.6398,0.089
AT2G34585.1,0.6398,0.089
AT1G48850.1,0.6398,0.089
AT4G34350.1,0.6398,0.089
AT3G20330.1,0.6398,0.089
AT4G12830.1,0.6398,0.089
AT2G25060.1,-0.6398,0.0898
AT5G63510.1,-0.6398,0.0898
AT3G26570.1,-0.6398,0.0898
AT5G51720.1,-0.6398,0.0898
AT4G26500.1,-0.6398,0.0898
AT3G54110.1,-0.6398,0.0898
AT1G14610.1,-0.6388,0.09
AT3G55400.1,0.6375,0.0903
AT5G44130.1,-0.6375,0.0907
AT2G34470.1,-0.6375,0.0907
sum76,-0.6375,0.0907
AT1G14250.1,-0.6375,0.0907
AT1G18270.1,-0.6375,0.0907
AT3G17020.1,0.6361,0.091
AT4G25450.1,0.6361,0.091
AT3G48690.1,0.6297,0.0922
AT5G42740.1,0.6294,0.0925
AT4G13430.1,0.6269,0.0928
AT4G39970.1,-0.6246,0.0933
AT1G17650.1,-0.6243,0.0934
AT3G27890.1,-0.6243,0.0934
ATCG00120.1,0.6239,0.0936
AT3G03780.1,-0.6191,0.0942
AT1G22700.1,0.6177,0.0946
AT1G31190.1,0.6175,0.0946
AT5G24300.1,0.6175,0.0946
AT1G09640.1,0.6118,0.0957
AT1G04810.1,-0.6104,0.0958
AT4G38220.1,0.61,0.096
ATCG00420.1,0.6068,0.0969
AT1G01960.1,-0.6036,0.0989
sum8,-0.6036,0.0989
AT3G55610.1,-0.6033,0.0989
sum50,0.6036,0.0991
AT1G06950.1,-0.6019,0.0992
AT1G74850.1,0.6001,0.0997
AT3G02200.2,-0.6001,0.1004
AT2G38550.1,-0.6001,0.1004
AT1G12000.1,0.5999,0.1006
AT3G58510.1,0.5998,0.1006
AT1G11910.1,-0.5983,0.1009
AT2G15620.1,0.5976,0.1012
AT3G29360.1,0.5958,0.1013
sum65,0.5954,0.1014
AT1G66670.1,-0.5951,0.1015
AT4G02510.1,-0.5928,0.1018
AT4G09670.1,-0.5919,0.1025
AT5G19550.1,-0.5909,0.1026
AT5G42390.1,-0.589,0.1028
sum28,0.5908,0.1028
AT1G10760.1,-0.5887,0.1029
AT4G25080.1,-0.5837,0.1036
AT1G78370.1,-0.5836,0.1037
AT4G24770.1,0.5855,0.1037
AT2G37270.1,-0.5811,0.1045
AT3G63140.1,0.5817,0.1046
AT3G22200.1,0.5811,0.1047
AT1G45474.1,-0.5811,0.1049
AT4G23400.1,-0.5807,0.1049
AT3G02560.1,-0.5791,0.1051
AT5G54160.1,-0.5779,0.1053
AT5G26830.1,0.5779,0.1054
AT3G55330.1,0.5751,0.1065
AT5G10450.1,-0.5692,0.1074
AT3G16000.1,0.5698,0.1074
ATCG00580.1,0.5698,0.1074
AT3G25800.1,0.5698,0.1075
ATCG00500.1,0.5691,0.1076
AT3G53110.1,0.5691,0.1076
AT1G56050.1,0.5691,0.1076
AT1G24100.1,0.5691,0.1076
AT3G59920.1,0.5691,0.1076
AT5G16715.1,0.5691,0.1076
AT5G60160.1,0.5691,0.1076
AT3G52155.1,0.5691,0.1076
sum73,-0.5691,0.1083
AT2G30490.1,0.5687,0.1086
AT1G61520.1,-0.5648,0.1096
AT3G52960.1,0.5627,0.1102
AT3G08920.1,0.5613,0.1105
AT2G20230.1,0.5613,0.1105
AT4G17830.1,0.5613,0.1105
AT3G20320.1,-0.5613,0.1109
AT3G11930.1,-0.5613,0.1109
AT5G60360.1,-0.5613,0.1109
AT3G16370.1,-0.5613,0.1109
AT2G21250.1,-0.5608,0.111
sum22,-0.5596,0.1115
AT2G38230.1,-0.5592,0.1116
AT3G56190.1,-0.5582,0.1124
AT1G32220.1,-0.5582,0.1124
AT4G10320.1,-0.5581,0.1125
AT1G01320.1,-0.5569,0.1126
AT3G48170.1,0.5579,0.1128
sum12,0.5574,0.1128
AT4G34200.1,0.5541,0.1136
AT1G21750.1,0.554,0.1136
AT1G79500.1,-0.5487,0.1145
AT4G34870.1,0.5488,0.1145
sum143,0.546,0.1154
AT2G30970.1,-0.545,0.1156
AT1G30580.1,0.545,0.1156
AT5G38480.1,-0.544,0.1158
AT3G49010.1,-0.543,0.1159
AT3G17390.1,0.5421,0.1163
AT5G13030.1,0.5416,0.1164
AT2G29290.2,0.5416,0.1164
AT1G53280.1,0.5416,0.1164
AT2G04039.1,-0.5416,0.1165
AT4G24820.1,-0.5416,0.1165
AT3G02760.1,-0.5416,0.1165
AT1G12240.1,-0.5416,0.1165
AT5G06060.1,-0.5416,0.1165
AT1G63000.1,-0.54,0.1169
sum93,0.5378,0.1176
AT3G56070.1,0.5378,0.1176
AT4G39120.1,0.5374,0.1179
AT2G47710.1,0.5374,0.1179
AT5G58440.1,0.5374,0.1179
AT4G09020.1,0.5374,0.1179
AT3G46100.1,0.5374,0.1179
AT4G27500.1,-0.5374,0.1237
AT1G14850.1,-0.5374,0.1237
AT1G79280.1,-0.5374,0.1237
AT5G51430.1,-0.5374,0.1237
AT1G08640.1,-0.5374,0.1237
AT5G56260.1,-0.5374,0.1237
AT5G49760.1,-0.5374,0.1237
AT2G44610.1,-0.5368,0.1237
AT4G10450.1,-0.5362,0.1239
AT2G36530.1,0.5369,0.124
AT4G29060.1,-0.5345,0.1242
AT4G22890.1,-0.5342,0.1242
sum13,0.5332,0.1247
AT3G07110.1,-0.5298,0.1251
AT1G25490.1,0.5305,0.1252
AT1G50200.1,0.5276,0.1258
AT2G45180.1,0.5271,0.1259
AT5G20280.1,-0.5271,0.1288
AT3G02360.1,0.5269,0.1291
AT3G11940.1,-0.5248,0.1292
AT3G52930.1,0.526,0.1293
AT3G16950.1,0.5253,0.1294
AT5G11670.1,0.5241,0.13
AT1G70770.1,0.5229,0.1301
AT4G04770.1,0.5229,0.1301
AT5G26667.1,0.5229,0.1301
AT4G16370.1,0.5229,0.1301
AT3G15356.1,0.5229,0.1301
AT2G25670.1,0.5229,0.1301
AT4G17340.1,0.5229,0.1301
sum49,0.5229,0.1301
AT1G04690.1,0.5229,0.1301
AT3G20820.1,0.5229,0.1301
AT5G53140.1,0.5229,0.1301
AT4G14210.1,0.5229,0.1301
AT5G23290.1,0.5229,0.1301
AT4G15110.1,0.5229,0.1301
AT4G03190.1,0.5229,0.1301
AT4G19003.1,0.5229,0.1301
AT2G44490.1,0.5229,0.1301
sum56,0.5229,0.1301
AT5G35970.1,0.5229,0.1301
AT5G35220.1,0.5229,0.1301
AT1G03220.1,0.5229,0.1301
AT5G62140.1,0.5229,0.1301
AT3G27740.1,0.5229,0.1301
AT5G39950.1,0.5229,0.1301
AT5G36160.1,0.5229,0.1301
AT5G13930.1,0.5229,0.1301
AT3G17770.1,0.5229,0.1301
AT5G36230.1,0.5229,0.1301
AT2G33340.1,0.5229,0.1301
AT5G55710.1,-0.5229,0.1429
AT1G76810.1,-0.5229,0.1429
ATCG01090.1,-0.5229,0.1429
AT3G21200.1,-0.5229,0.1429
AT5G37475.1,-0.5229,0.1429
AT1G71730.1,-0.5229,0.1429
AT5G47890.1,-0.5229,0.1429
AT3G12800.1,-0.5229,0.1429
AT5G14660.1,-0.5229,0.1429
AT2G39900.1,-0.5229,0.1429
AT3G51240.1,-0.5229,0.1429
AT2G35630.1,-0.5229,0.1429
AT2G02500.1,-0.5229,0.1429
AT5G44520.1,-0.5229,0.1429
AT3G55620.1,-0.5229,0.1429
sum121,-0.5229,0.1429
AT2G41950.1,-0.5229,0.1429
AT3G13160.1,-0.5229,0.1429
AT3G04610.1,-0.5229,0.1429
AT5G13850.1,0.5211,0.1435
AT5G67560.1,0.5206,0.1436
AT1G32060.1,0.5197,0.1438
AT1G26220.1,0.5193,0.1439
AT2G37790.1,0.5193,0.1439
AT3G11750.1,-0.5193,0.1445
AT1G71695.1,-0.5193,0.1445
AT1G24180.1,-0.5193,0.1445
AT5G49510.1,-0.5193,0.1445
AT3G26710.1,0.518,0.1457
AT5G10470.1,0.518,0.1457
AT2G44350.1,0.518,0.1457
AT5G20500.1,-0.518,0.1458
AT2G27020.1,-0.518,0.1458
AT4G33010.1,-0.5179,0.1459
sum210,0.5167,0.1465
AT5G63310.1,0.5167,0.1465
AT4G30920.1,0.5149,0.1468
AT4G33090.1,-0.5121,0.147
AT2G36830.1,0.51,0.1476
AT2G42130.3,-0.5074,0.1479
AT1G15140.1,-0.5062,0.1484
AT4G28470.1,-0.5061,0.1484
AT4G02450.1,0.5023,0.1495
AT1G14410.1,-0.5023,0.1496
AT5G09650.1,-0.5011,0.15
AT1G29660.1,-0.4986,0.1505
sum100,0.4997,0.1506
AT2G44160.1,0.4997,0.1506
AT2G39770.1,0.4985,0.1509
AT5G64290.1,-0.4985,0.151
AT1G19150.1,-0.4985,0.151
AT5G46800.1,-0.4975,0.1513
ATCG00670.1,0.4975,0.1516
AT1G30360.1,-0.4971,0.1517
AT1G80600.1,-0.4971,0.1517
AT5G40370.1,-0.4971,0.1517
AT5G61410.1,-0.4968,0.1518
AT1G52400.1,0.4963,0.1524
AT5G14260.1,0.4963,0.1524
AT5G48810.1,0.4953,0.1528
sum6,-0.492,0.1534
AT2G28000.1,0.4924,0.1537
AT5G13650.1,0.4916,0.1538
AT5G26570.1,-0.487,0.1543
AT5G60600.1,0.4893,0.1543
AT5G30510.1,0.4893,0.1543
AT1G12800.1,0.4868,0.1548
AT4G34050.1,-0.4862,0.1549
AT4G03280.1,-0.485,0.1551
AT1G04410.1,-0.4848,0.1551
AT5G14910.1,0.4846,0.1555
AT1G48830.1,0.4839,0.1557
AT3G14310.1,-0.4823,0.1559
AT4G24330.1,0.4813,0.1566
AT5G66040.1,0.4813,0.1566
AT2G24765.1,-0.4813,0.1586
AT2G21960.1,-0.4813,0.1586
AT1G16080.1,-0.4809,0.1587
AT5G18380.1,0.4799,0.1592
AT1G70310.1,0.4795,0.1593
AT2G32730.1,-0.4788,0.1593
AT4G38740.1,0.4789,0.1594
AT2G35040.1,0.4784,0.1597
AT4G36760.1,-0.4784,0.1599
AT5G66570.1,-0.4778,0.16
AT4G14040.1,0.4756,0.1609
AT5G61790.1,0.475,0.161
AT5G03880.1,0.4744,0.1611
AT3G11400.1,0.4741,0.1613
AT1G30530.1,0.4741,0.1613
AT2G45770.1,0.4741,0.1613
AT2G17972.1,0.4741,0.1613
AT5G48960.1,0.4741,0.1613
AT4G13200.1,-0.4741,0.1633
AT4G27640.1,-0.4741,0.1633
AT5G61970.1,-0.4741,0.1633
sum89,-0.4741,0.1633
AT2G26670.1,-0.4741,0.1633
AT2G35830.1,-0.4741,0.1633
AT3G05000.1,-0.4741,0.1633
sum107,0.474,0.1637
AT2G21385.1,-0.474,0.164
AT4G35360.1,-0.474,0.164
AT1G18500.1,0.4733,0.1644
sum108,0.4721,0.1648
AT1G55480.1,-0.4705,0.1653
AT1G76080.1,-0.4705,0.1653
sum205,0.4685,0.1662
AT1G09780.1,0.4669,0.1665
AT3G47520.1,0.4661,0.1668
AT1G29880.1,0.4648,0.1672
AT1G07890.1,-0.4644,0.1673
AT1G08110.1,-0.4615,0.1683
AT1G56500.1,-0.4609,0.1687
AT5G06460.1,-0.4606,0.1687
AT1G63940.1,0.4593,0.1691
AT4G24750.1,-0.4592,0.1694
AT4G24280.1,0.4592,0.1697
AT4G09000.1,-0.4567,0.17
sum51,0.4581,0.1701
AT5G14040.1,-0.4563,0.1702
AT4G39980.1,0.4575,0.1702
AT3G59760.1,-0.4561,0.1702
AT3G25760.1,-0.455,0.1708
AT5G28840.1,0.453,0.1714
AT1G54780.1,0.4529,0.1716
AT3G12930.1,0.4527,0.1716
AT2G35780.1,0.4527,0.1716
AT3G54050.1,0.4507,0.1731
AT3G26720.1,0.4507,0.1731
AT3G12050.1,0.4507,0.1731
AT2G46280.1,0.4507,0.1731
AT1G60710.1,0.4507,0.1731
AT3G56290.1,-0.4507,0.1739
AT5G14030.1,-0.4507,0.1739
AT3G02630.1,-0.4481,0.1745
AT3G57560.1,-0.4469,0.175
AT1G75330.1,0.4462,0.1756
AT1G52670.1,-0.4462,0.176
sum116,0.4412,0.1772
AT3G53900.1,-0.4406,0.1773
sum63,0.4406,0.1774
AT2G43090.1,0.4369,0.1784
AT1G76160.1,0.436,0.1787
AT4G32470.1,0.4354,0.1788
AT5G62810.1,-0.434,0.1798
AT5G20890.1,0.4321,0.1803
AT3G16910.1,0.4321,0.1803
AT1G01800.1,-0.4321,0.1806
sum41,-0.4313,0.1808
AT3G05350.1,0.4313,0.1811
sum90,0.4302,0.1816
AT1G12520.1,0.4302,0.1816
AT3G56490.1,0.4302,0.1816
AT2G42530.1,0.4302,0.1816
AT1G32200.1,0.4302,0.1816
AT5G66090.1,0.4302,0.1816
AT2G30695.1,0.4302,0.1816
AT4G35860.1,0.4302,0.1816
AT1G59900.1,-0.4302,0.1859
AT2G44050.1,-0.4302,0.1859
AT1G11650.1,-0.4302,0.1859
AT3G06860.1,-0.4302,0.1859
AT2G33255.1,-0.4302,0.1859
AT3G15730.1,-0.4289,0.1861
AT2G30110.1,-0.4286,0.1862
sum14,0.4279,0.1865
AT5G07340.1,-0.4269,0.1866
AT1G70730.1,0.4269,0.1869
AT1G08200.1,0.4263,0.1869
AT1G10290.1,0.4262,0.1871
AT5G13710.1,0.4262,0.1871
AT2G26500.1,0.4262,0.1871
AT1G53750.1,0.4262,0.1871
AT3G51000.1,0.4262,0.1871
AT2G39080.1,0.4262,0.1871
AT4G11260.1,0.4262,0.1871
AT5G55940.1,0.4262,0.1871
AT1G74960.1,0.4262,0.1871
AT3G55360.1,-0.4262,0.1894
AT2G18040.1,-0.4262,0.1894
AT2G38770.1,-0.4262,0.1894
AT5G05000.1,-0.4262,0.1894
AT2G45820.1,-0.4262,0.1894
AT3G13870.1,-0.4262,0.1894
AT2G40380.1,-0.4262,0.1894
AT3G08010.1,-0.4262,0.1894
AT1G19130.1,-0.4262,0.1894
AT4G31840.1,-0.4262,0.1894
AT1G28290.1,-0.4262,0.1894
AT1G27390.1,-0.4262,0.1894
AT5G42080.1,-0.4262,0.1894
AT5G04590.1,0.4261,0.1897
AT3G13930.1,0.4253,0.1899
AT4G33760.1,0.4253,0.1899
AT5G09810.1,0.425,0.1909
AT4G26300.1,0.4246,0.191
AT1G24360.1,-0.4246,0.191
AT4G04640.1,0.4245,0.1913
sum24,0.4243,0.1913
AT3G61440.1,0.4241,0.1913
AT1G65980.1,0.4241,0.1913
AT4G32260.1,0.4234,0.1916
AT1G66430.1,0.4226,0.1918
AT5G01530.1,-0.4221,0.1922
AT1G29670.1,-0.4203,0.1925
AT2G24200.1,0.4205,0.1927
AT1G43560.1,0.4172,0.1943
AT1G36160.1,-0.4172,0.1946
AT1G56070.1,-0.4163,0.1948
AT1G72370.1,0.4171,0.1949
AT3G52300.1,-0.4153,0.1951
AT3G15190.1,0.4145,0.1956
AT5G63400.1,-0.4139,0.1958
AT2G20530.1,0.4125,0.1964
AT1G09630.1,0.4112,0.1968
AT4G38970.1,0.4099,0.1971
AT2G47390.1,-0.4089,0.1972
sum212,-0.4076,0.1977
sum118,-0.4072,0.1981
sum118,-0.4072,0.1981
AT1G06400.1,-0.406,0.1984
AT4G34670.1,0.4058,0.1987
AT4G21280.1,-0.4047,0.199
AT2G42590.1,-0.4047,0.199
AT5G42130.1,-0.4037,0.1998
AT5G10160.1,0.4027,0.2006
AT3G18060.1,0.4021,0.201
AT3G56460.1,-0.4021,0.2021
AT5G27770.1,-0.4014,0.2022
AT1G47260.1,-0.4011,0.2024
AT4G18100.1,0.402,0.2024
AT5G51820.1,0.4001,0.2029
sum221,-0.3988,0.203
ATCG00470.1,0.3987,0.2033
AT5G17770.1,-0.397,0.2054
AT2G21160.1,-0.397,0.2054
AT4G13780.1,-0.397,0.2054
AT4G30530.1,-0.396,0.2058
AT3G24503.1,0.396,0.2059
AT3G59780.1,0.3958,0.2062
AT1G47128.1,0.3958,0.2062
AT3G12780.1,0.3912,0.2076
AT1G13320.1,0.3902,0.2078
AT3G01480.1,-0.3881,0.2086
AT2G30860.1,-0.3859,0.2094
AT2G36250.1,0.3871,0.2095
AT4G39730.1,0.3858,0.2097
AT1G10840.1,-0.385,0.2105
AT4G33250.1,-0.385,0.2105
AT4G02580.1,-0.385,0.2105
AT5G05010.1,0.3837,0.2112
AT2G01140.1,0.3837,0.2113
AT4G03080.1,0.3828,0.2115
AT5G01590.1,0.3828,0.2115
AT4G27800.1,0.3828,0.2115
AT4G35470.1,0.3828,0.2115
AT2G47510.1,0.3828,0.2115
AT3G16110.1,0.3828,0.2115
AT5G57170.1,0.3828,0.2115
AT1G02140.1,0.3828,0.2115
AT3G44110.1,0.3828,0.2115
AT3G57280.1,0.3828,0.2115
AT3G25660.1,0.3828,0.2115
AT2G27290.1,0.3828,0.2115
AT4G33590.1,0.3828,0.2115
AT5G27380.1,0.3828,0.2115
sum92,0.3828,0.2115
AT3G29185.1,0.3828,0.2115
AT3G48500.1,0.3828,0.2115
AT1G76400.1,0.3828,0.2115
AT1G55890.1,0.3828,0.2115
AT3G24170.1,0.3828,0.2115
AT4G26900.1,0.3828,0.2115
AT1G62660.1,0.3828,0.2115
AT3G61820.1,0.3828,0.2115
sum114,0.3828,0.2115
AT1G43190.1,0.3828,0.2115
AT2G20760.1,0.3828,0.2115
AT3G15950.1,0.3828,0.2115
AT3G53700.1,0.3828,0.2115
AT3G06850.1,0.3828,0.2115
AT5G49360.1,0.3828,0.2115
AT3G04480.1,0.3828,0.2115
AT5G60980.1,0.3828,0.2115
AT4G28770.1,0.3828,0.2115
AT2G24820.1,0.3828,0.2115
AT2G30390.1,0.3828,0.2115
AT2G35010.1,0.3828,0.2115
AT5G37680.1,0.3828,0.2115
AT4G39960.1,0.3828,0.2115
sum38,0.3828,0.2115
AT5G18170.1,0.3828,0.2115
AT4G29480.1,0.3828,0.2115
AT4G18360.1,0.3828,0.2115
AT2G07050.1,0.3828,0.2115
AT5G13780.1,0.3828,0.2115
AT3G20670.1,0.3828,0.2115
AT4G04950.1,0.3828,0.2115
sum139,0.3828,0.2115
AT3G28270.1,0.3828,0.2115
sum110,-0.3828,0.2277
sum120,-0.3828,0.2277
AT3G18080.1,-0.3828,0.2277
AT4G11220.1,-0.3828,0.2277
AT1G45201.1,-0.3828,0.2277
AT1G80300.1,-0.3828,0.2277
AT1G18170.1,-0.3828,0.2277
AT2G31660.1,-0.3828,0.2277
AT2G45060.1,-0.3828,0.2277
sum29,-0.3828,0.2277
AT5G49720.1,-0.3828,0.2277
AT3G46560.1,-0.3828,0.2277
AT1G42960.1,-0.3828,0.2277
AT5G48580.1,-0.3828,0.2277
AT5G54430.1,-0.3828,0.2277
AT1G59840.1,-0.3828,0.2277
AT5G52440.1,-0.3828,0.2277
AT4G39520.1,-0.3828,0.2277
AT4G33110.1,-0.3828,0.2277
AT1G21630.1,-0.3828,0.2277
AT1G12780.1,-0.3828,0.2277
AT5G45170.1,-0.3828,0.2277
AT1G60550.1,-0.3828,0.2277
AT3G02950.1,-0.3828,0.2277
ATCG00630.1,-0.3828,0.2277
sum45,-0.3828,0.2277
AT5G43430.1,-0.3828,0.2277
AT1G21250.1,-0.3828,0.2277
AT4G34180.1,-0.3828,0.2277
AT3G54760.1,-0.3828,0.2277
AT3G53180.1,-0.3828,0.2277
AT5G48790.1,-0.3828,0.2277
AT4G32915.1,-0.3828,0.2277
AT2G27960.1,-0.3828,0.2277
AT2G27450.1,-0.3828,0.2277
AT3G60340.1,-0.3828,0.2277
AT3G53890.1,-0.3828,0.2277
AT3G54840.1,-0.3828,0.2277
AT5G15610.1,-0.3828,0.2277
AT4G33625.1,-0.3828,0.2277
AT1G50170.1,-0.3828,0.2277
AT5G42190.1,-0.3828,0.2277
AT1G72160.1,-0.3828,0.2277
sum68,-0.3828,0.2277
AT1G04640.1,-0.3828,0.2277
AT3G60830.1,-0.3828,0.2277
AT4G14110.1,-0.3828,0.2277
AT1G51805.1,-0.3828,0.2277
AT1G52340.1,-0.3828,0.2277
AT3G13720.1,-0.3828,0.2277
AT1G32160.1,-0.3828,0.2277
AT3G25480.1,-0.3828,0.2277
sum48,-0.3828,0.2277
AT3G07680.1,-0.3828,0.2277
AT2G02390.1,-0.3828,0.2277
AT3G60440.1,-0.3828,0.2277
AT1G24460.1,-0.3828,0.2277
AT2G38040.1,-0.3825,0.228
AT5G67500.1,-0.3792,0.2291
AT4G35000.1,-0.3786,0.2292
AT5G02870.1,0.379,0.2294
AT5G59880.1,0.3766,0.23
AT1G14810.1,0.3759,0.2303
AT5G60640.1,0.3759,0.2303
AT1G18060.1,-0.3759,0.231
AT1G23190.1,0.375,0.2314
AT3G62530.1,0.374,0.2316
AT4G34700.1,0.372,0.232
AT5G52970.1,0.372,0.232
AT5G27540.1,0.372,0.232
AT1G01170.1,0.372,0.232
AT1G18730.1,0.372,0.232
AT1G12050.1,0.372,0.232
AT1G15340.1,0.372,0.232
AT2G02560.1,-0.372,0.2401
AT5G05270.1,-0.372,0.2401
AT5G47690.1,-0.372,0.2401
AT1G17860.1,-0.372,0.2401
AT5G37830.1,-0.372,0.2401
AT2G25280.1,-0.372,0.2401
AT4G04020.1,-0.3717,0.2401
AT1G31180.1,-0.3713,0.2405
AT2G33450.1,0.3706,0.241
AT5G54960.1,-0.3706,0.2435
AT5G42960.1,-0.3706,0.2435
AT3G17840.1,-0.3706,0.2435
ATCG00480.1,0.3705,0.2438
AT3G26520.1,-0.3695,0.2439
AT3G25770.1,-0.3691,0.2439
AT5G35530.1,-0.3687,0.244
AT1G79440.1,0.3686,0.2443
AT2G20270.1,0.3686,0.2443
AT5G22580.1,0.3686,0.2443
AT3G23700.1,-0.3686,0.2451
AT2G19940.1,-0.3686,0.2451
AT3G49680.1,-0.3686,0.2451
AT3G02080.1,0.3677,0.2457
AT2G06850.1,0.3668,0.2459
AT2G21530.1,-0.3668,0.246
AT1G12250.1,-0.3668,0.246
AT1G64510.1,-0.3668,0.246
AT1G22520.1,-0.3665,0.246
AT4G27700.1,-0.3655,0.2464
ATCG00540.1,-0.3645,0.2466
sum17,0.3645,0.2469
sum91,0.3644,0.2469
AT3G08030.1,0.3644,0.2469
AT3G63160.1,-0.3644,0.2477
AT2G45790.1,-0.3644,0.2477
sum35,0.3616,0.249
AT1G34430.1,0.3603,0.2492
AT3G52560.1,0.3585,0.2499
AT5G14320.1,0.3582,0.2499
AT2G33040.1,-0.358,0.2501
AT1G79040.1,-0.358,0.2501
ATCG00770.1,0.358,0.2503
AT2G20260.1,0.3573,0.2505
AT5G59870.1,0.3567,0.2509
AT3G05560.1,0.3548,0.2513
AT3G52730.1,0.3539,0.2515
AT5G57290.1,0.3539,0.2515
AT1G47420.1,-0.3539,0.2519
AT5G64270.1,-0.3539,0.2519
AT3G61870.1,-0.3539,0.2519
AT5G03630.1,0.3538,0.2523
AT1G22300.1,-0.3535,0.2525
AT1G68010.1,-0.3526,0.2528
AT1G16340.1,-0.3522,0.2533
AT3G45780.1,0.3522,0.2534
AT2G21660.1,-0.3506,0.2535
AT5G13630.1,-0.3498,0.2545
AT2G27720.1,0.3499,0.2548
AT1G33810.1,0.3489,0.2551
AT2G39960.1,0.3489,0.2551
AT1G22450.1,0.3489,0.2551
AT2G17265.1,0.3489,0.2551
AT3G59400.1,0.3489,0.2551
ATCG00430.1,-0.3489,0.2567
AT3G53460.1,-0.3488,0.2568
AT3G04790.1,-0.3468,0.2573
AT5G15090.1,-0.3465,0.2573
AT4G20360.1,0.3464,0.2576
AT1G74040.1,-0.3453,0.258
AT4G13940.1,0.345,0.2583
AT5G03940.1,0.3424,0.2594
AT4G09010.1,-0.3414,0.2598
AT1G56450.1,0.3415,0.2598
AT3G63410.1,-0.3407,0.2606
AT3G02230.1,-0.3393,0.2609
AT1G62750.1,-0.339,0.2612
AT3G06050.1,-0.3379,0.2616
AT1G79990.1,-0.3365,0.2619
AT1G26880.1,-0.3355,0.2623
sum19,-0.3352,0.2624
AT5G16840.1,0.3352,0.2627
sum82,0.3352,0.2627
AT5G48480.1,0.3352,0.2627
AT5G42950.1,-0.3352,0.2646
AT3G12260.1,-0.3352,0.2646
AT3G17210.1,-0.3352,0.2646
AT3G11780.1,-0.3352,0.2646
AT4G33350.1,-0.3352,0.2646
AT5G24650.1,-0.3352,0.2646
AT3G08580.1,-0.3337,0.2657
AT1G35720.1,0.3318,0.2669
AT5G64940.1,0.3305,0.2674
AT2G17695.1,0.3305,0.2674
AT2G35500.1,-0.3305,0.2694
AT3G56910.1,-0.3305,0.2694
AT1G66240.1,-0.3305,0.2694
AT2G43560.1,-0.3305,0.2694
AT2G25970.1,-0.3305,0.2694
AT1G53310.1,0.3298,0.2699
AT3G58010.1,-0.3289,0.2703
AT2G43945.1,-0.3281,0.2707
AT5G58290.1,0.3288,0.2707
AT4G23100.1,0.3283,0.2708
AT1G01090.1,-0.3264,0.2713
AT1G04420.1,-0.3264,0.2713
AT4G20850.1,-0.3257,0.2718
AT2G01250.1,-0.325,0.2723
AT5G03290.1,-0.3248,0.2723
AT1G20950.1,0.3251,0.2727
AT1G52360.1,-0.323,0.2727
AT5G14590.1,-0.3223,0.273
AT5G20720.1,-0.3218,0.2731
AT5G42980.1,-0.321,0.2736
AT4G01310.1,-0.3192,0.2744
AT4G25130.1,-0.3181,0.2751
AT1G79230.1,0.318,0.2755
AT5G15650.1,-0.3155,0.2767
AT4G05180.1,0.3157,0.2771
AT3G44100.1,0.3146,0.2776
AT3G15520.1,-0.3146,0.2784
AT5G03650.1,-0.3144,0.2784
AT1G41830.1,-0.3144,0.2784
AT5G66510.1,-0.3137,0.2788
AT4G02520.1,-0.3121,0.2791
AT1G07140.1,-0.3121,0.2791
AT5G45390.1,-0.3114,0.2793
AT3G04840.1,-0.3108,0.2796
AT3G10920.1,-0.3107,0.2797
AT4G08870.1,0.3105,0.2801
AT1G06690.1,0.3105,0.2801
AT4G17040.1,-0.3105,0.2805
sum214,-0.3105,0.2805
AT4G25370.1,-0.3095,0.2808
AT4G34120.1,-0.3095,0.2808
AT3G05900.1,-0.3095,0.2808
AT2G21330.1,0.3097,0.281
AT2G21170.1,-0.3086,0.281
AT1G03475.1,0.3079,0.2821
AT5G44110.1,0.3078,0.2822
AT3G05020.1,0.3078,0.2822
AT5G04360.1,0.3078,0.2822
AT5G57655.2,0.3078,0.2822
AT3G16850.1,0.3078,0.2822
AT1G08480.1,0.3078,0.2822
AT4G37925.1,-0.3078,0.2838
AT5G60540.1,-0.3078,0.2838
AT3G16780.1,-0.3078,0.2838
AT2G26590.1,-0.3078,0.2838
AT5G52240.1,-0.3078,0.2838
AT1G04080.1,-0.3078,0.2838
AT5G45620.1,-0.3078,0.2838
sum111,-0.3062,0.2842
AT2G05710.1,-0.3062,0.2842
AT3G46830.1,-0.3059,0.2844
AT4G09720.1,-0.3054,0.2846
sum60,-0.3043,0.2851
AT2G36060.1,-0.3042,0.2855
AT3G01340.1,-0.3042,0.2855
AT1G01820.1,-0.3042,0.2855
AT3G06720.1,0.3042,0.2855
AT5G46110.1,-0.3037,0.2858
AT2G41530.1,-0.3037,0.2858
AT2G16600.1,0.3038,0.286
AT5G58060.1,0.3034,0.2864
AT1G17720.1,0.3034,0.2864
AT1G54990.1,0.3034,0.2864
AT5G24690.1,0.3034,0.2864
AT5G02120.1,0.3034,0.2864
AT5G53860.1,0.3034,0.2864
AT1G59700.1,0.3034,0.2864
AT5G65840.1,0.3034,0.2864
AT4G30220.1,-0.3034,0.3046
AT1G15500.1,-0.3034,0.3046
AT5G49810.1,-0.3034,0.3046
AT2G32720.1,-0.3034,0.3046
sum97,-0.3034,0.3046
AT3G51870.1,-0.3034,0.3046
AT3G56090.1,-0.3034,0.3046
AT1G30470.1,-0.3034,0.3046
AT1G51100.1,-0.3034,0.3046
AT1G61790.1,-0.3034,0.3046
AT5G55160.1,-0.3034,0.3046
AT2G44310.1,-0.3034,0.3046
AT1G77060.1,-0.3034,0.3046
AT3G51420.1,-0.3034,0.3046
AT2G14750.1,-0.3034,0.3046
AT2G43100.1,-0.3032,0.305
sum211,-0.3015,0.3053
AT4G39260.1,-0.3013,0.3053
sum57,-0.3012,0.3054
AT4G01850.1,0.3024,0.3054
AT5G23140.1,0.3008,0.3059
AT2G38540.1,0.3008,0.3059
sum4,-0.3002,0.3076
AT5G12140.1,0.2989,0.3082
AT2G34460.1,-0.2989,0.3086
AT4G31530.1,-0.2989,0.3086
AT2G20890.1,-0.2975,0.309
AT1G52510.1,0.2967,0.3095
AT1G19570.1,-0.2953,0.3099
AT2G36390.1,0.2959,0.3101
AT1G80380.2,0.2939,0.3106
AT3G12390.1,-0.2917,0.3112
AT1G13930.1,0.2923,0.3114
AT4G34450.1,-0.2906,0.3115
AT5G10860.1,0.2904,0.3118
AT5G38660.1,-0.2903,0.3127
sum203,-0.2901,0.3128
AT5G51100.1,-0.2885,0.3146
AT1G80560.1,0.2882,0.315
AT1G53500.1,0.2876,0.3155
AT3G44310.1,-0.2874,0.3156
AT4G01900.1,0.2863,0.3162
AT3G46000.1,0.2863,0.3162
AT5G57040.1,0.2863,0.3162
AT3G51840.1,0.2863,0.3162
AT5G62720.1,-0.2863,0.3204
AT1G74730.1,-0.2863,0.3204
AT3G10350.1,-0.2863,0.3204
sum102,-0.2863,0.3204
AT3G15010.1,-0.2863,0.3204
AT1G30380.1,-0.2863,0.3204
AT3G10850.1,-0.2863,0.3204
AT2G32520.1,-0.2863,0.3204
ATCG00340.1,-0.2854,0.3208
AT4G08390.1,-0.2835,0.3216
AT2G46820.1,0.2832,0.3221
AT2G25450.1,0.2825,0.3224
AT1G51110.1,-0.2825,0.3226
AT4G17600.1,-0.2822,0.3226
AT2G04030.1,-0.2802,0.3231
AT4G02930.1,0.2814,0.3231
AT1G18540.1,0.2811,0.3232
AT3G01500.1,-0.2788,0.3236
AT3G26450.1,0.2785,0.3241
AT4G37980.1,0.2785,0.3241
AT4G17170.1,-0.2774,0.3253
AT1G27450.1,-0.2765,0.3257
AT4G11150.1,-0.2754,0.3261
AT3G49720.1,-0.2751,0.3266
AT5G20630.1,-0.2725,0.328
AT3G02780.1,-0.2724,0.3281
AT1G12900.1,0.2728,0.3281
AT5G16710.1,0.2725,0.3282
AT4G31700.1,0.2716,0.3289
AT1G22740.1,-0.2706,0.3291
AT5G12110.1,-0.2706,0.3291
AT5G04140.1,-0.2703,0.3292
AT1G15930.1,0.2702,0.3296
AT2G37660.1,-0.269,0.3298
sum94,-0.269,0.3298
AT2G21620.1,0.2687,0.3302
AT1G21350.2,0.2687,0.3302
AT4G11420.1,-0.2687,0.3316
AT1G73110.1,-0.2687,0.3316
AT1G74880.1,-0.2687,0.3316
AT4G13850.1,-0.2687,0.3316
AT5G19440.1,-0.2687,0.3316
AT3G02720.1,-0.2687,0.3316
AT2G39020.1,-0.2687,0.3316
AT4G26970.1,-0.2682,0.3319
AT1G52410.1,0.2675,0.3325
AT1G21440.1,-0.2675,0.3333
AT3G16240.1,0.267,0.3337
AT3G24830.1,-0.2659,0.3338
AT2G30200.1,-0.2654,0.334
sum5,0.2659,0.3341
sum7,-0.2632,0.3349
AT3G13580.1,-0.2625,0.3352
sum26,0.2618,0.3363
AT5G38830.1,0.261,0.3365
AT2G07360.1,0.261,0.3365
AT1G36390.1,0.261,0.3365
AT2G32380.1,0.261,0.3365
AT2G19080.1,0.261,0.3365
AT3G56010.1,0.261,0.3365
sum104,-0.261,0.341
AT2G15290.1,-0.261,0.341
AT3G48890.1,-0.261,0.341
AT5G43960.1,-0.261,0.341
AT4G08520.1,-0.261,0.341
AT4G29680.1,-0.261,0.341
AT3G20630.1,-0.261,0.341
AT1G13270.1,-0.261,0.341
AT1G07440.1,-0.261,0.341
AT4G32150.1,-0.261,0.341
AT2G20580.1,-0.2593,0.3418
AT4G38350.1,0.2585,0.3424
AT4G16390.1,0.2585,0.3424
sum87,-0.2585,0.3437
AT3G55120.1,-0.2585,0.3437
AT1G30690.1,-0.2585,0.3437
AT1G34000.1,0.2557,0.3452
AT2G35490.1,0.2557,0.3452
sum117,-0.2557,0.3454
AT5G23890.1,-0.2557,0.3454
AT4G15000.1,0.2548,0.3459
AT5G16440.1,0.2542,0.3462
sum66,0.2539,0.3465
AT5G63890.1,-0.2539,0.3475
AT1G18210.1,-0.2539,0.3475
AT2G04780.1,-0.2539,0.3475
AT1G12230.1,-0.2539,0.3475
AT2G37500.1,-0.2539,0.3475
AT3G46060.1,-0.2532,0.3483
AT1G76550.1,-0.2532,0.3483
AT5G38430.1,-0.2521,0.3486
AT4G23600.1,0.2523,0.3487
AT5G36210.1,-0.2502,0.3501
AT4G12060.1,-0.2493,0.3508
AT4G09320.1,0.2493,0.351
AT1G48350.1,-0.249,0.3511
ATCG01110.1,-0.2444,0.3531
AT5G47190.1,0.2445,0.3531
AT4G22570.1,0.2445,0.3531
ATCG00380.1,0.2444,0.3532
sum23,-0.2433,0.3536
AT3G09820.1,-0.2432,0.3537
AT3G14930.1,-0.2426,0.3546
AT4G22240.1,-0.2425,0.3547
AT4G00630.1,-0.2425,0.3547
AT2G22230.1,-0.2423,0.3548
AT1G14150.1,0.2413,0.3553
AT1G01470.1,0.2413,0.3553
AT2G24060.1,0.2413,0.3553
AT4G38680.1,-0.2413,0.3578
AT4G24930.1,-0.2413,0.3578
AT5G61780.1,-0.2408,0.3579
sum125,-0.2408,0.3579
AT3G47470.1,-0.2399,0.3583
sum208,0.2395,0.3587
sum9,0.239,0.359
AT3G55440.1,0.2379,0.3595
sum98,0.2366,0.3602
AT1G75280.1,0.2356,0.3606
AT3G18420.1,-0.2356,0.3612
AT3G19450.1,-0.2356,0.3612
AT5G11520.1,-0.2355,0.3614
AT3G17240.1,0.2355,0.3615
AT2G39730.1,0.2349,0.3617
AT1G29250.1,0.2345,0.3618
AT3G12290.1,-0.2344,0.362
sum127,0.2339,0.3624
AT3G62410.1,0.2331,0.3627
AT5G08050.1,0.2331,0.3627
AT3G48140.1,0.2331,0.3627
AT1G20225.1,0.2331,0.3627
AT1G09210.1,0.2331,0.3627
AT2G47910.1,-0.2331,0.3728
AT1G09760.1,-0.2331,0.3728
AT2G42770.1,-0.2331,0.3728
AT3G54960.1,-0.2331,0.3728
AT3G55250.1,-0.2331,0.3728
AT5G24400.1,-0.2331,0.3728
AT1G75950.1,-0.2331,0.3728
AT3G51160.1,-0.2331,0.3728
AT1G16470.1,-0.2328,0.3732
AT1G72640.1,-0.2303,0.3753
AT3G12345.1,-0.2303,0.3753
AT2G42910.1,-0.2303,0.3753
AT2G29340.1,-0.2303,0.3753
AT4G29350.1,0.2297,0.3759
AT5G58260.1,0.229,0.3763
AT1G09750.1,0.229,0.3763
AT5G40770.1,-0.2284,0.3771
AT2G43750.1,-0.2282,0.3771
AT3G25530.1,-0.2276,0.3774
AT1G32080.1,-0.2259,0.3784
AT1G18080.1,-0.2257,0.3785
AT1G01790.1,-0.2255,0.3785
AT2G41560.1,-0.2254,0.3787
sum46,-0.2251,0.3789
AT4G12800.1,-0.2232,0.3795
AT1G02560.1,-0.2226,0.3803
AT1G07320.1,-0.2226,0.3803
AT1G74970.1,0.2225,0.3806
AT1G50480.1,0.2225,0.3806
AT1G44575.1,-0.2221,0.3808
sum131,0.221,0.3816
AT1G79850.1,0.221,0.3816
AT5G64350.1,0.2206,0.382
sum86,-0.2206,0.3826
AT5G47770.1,-0.2206,0.3826
AT2G24020.1,-0.2194,0.3829
AT1G17880.1,-0.2192,0.3832
AT3G14420.1,0.2193,0.3832
AT5G09590.1,0.2179,0.3839
AT1G54580.1,0.2176,0.384
AT3G62700.1,0.2173,0.384
AT4G14420.1,0.2173,0.384
AT1G42550.1,0.2173,0.384
AT4G26870.1,0.2173,0.384
AT1G67350.1,0.2173,0.384
AT3G52200.1,0.2173,0.384
AT1G06900.1,0.2173,0.384
AT5G03460.1,0.2173,0.384
AT3G62110.1,0.2173,0.384
AT1G20810.1,0.2173,0.384
AT1G75690.1,0.2173,0.384
AT1G71310.1,0.2173,0.384
AT5G42480.1,0.2173,0.384
AT5G58870.1,0.2173,0.384
AT5G15970.1,0.2173,0.384
AT4G14870.1,0.2173,0.384
AT1G74560.1,0.2173,0.384
AT1G53210.1,0.2173,0.384
AT1G75680.1,0.2173,0.384
AT3G10690.1,0.2173,0.384
AT3G46940.1,0.2173,0.384
AT3G01680.1,0.2173,0.384
AT1G15710.1,0.2173,0.384
AT1G30540.1,0.2173,0.384
AT1G18590.1,0.2173,0.384
AT5G20130.1,0.2173,0.384
AT1G48410.1,0.2173,0.384
AT2G05520.1,0.2173,0.384
AT1G29850.1,0.2173,0.384
AT1G11660.1,0.2173,0.384
AT3G10380.1,0.2173,0.384
AT5G35620.1,0.2173,0.384
AT3G61240.1,0.2173,0.384
AT5G05610.1,0.2173,0.384
AT3G63130.1,0.2173,0.384
AT3G11560.1,0.2173,0.384
AT4G14100.1,0.2173,0.384
AT5G46860.1,0.2173,0.384
AT5G57330.1,0.2173,0.384
AT1G26110.1,0.2173,0.384
AT5G25940.1,0.2173,0.384
AT5G04170.1,0.2173,0.384
AT5G42240.1,0.2173,0.384
AT4G01100.1,0.2173,0.384
AT1G20696.1,0.2173,0.384
AT4G17260.1,0.2173,0.384
AT3G59600.1,0.2173,0.384
AT4G32720.1,0.2173,0.384
AT4G31120.1,0.2173,0.384
AT5G64300.1,0.2173,0.384
AT2G21370.1,0.2173,0.384
AT1G54570.1,0.2173,0.384
AT4G28740.1,0.2173,0.384
AT2G32640.1,0.2173,0.384
AT1G73990.1,0.2173,0.384
AT3G03270.1,0.2173,0.384
AT1G54220.1,0.2173,0.384
AT3G19340.1,0.2173,0.384
AT4G36800.1,0.2173,0.384
AT4G13840.1,0.2173,0.384
AT1G72550.1,0.2173,0.384
AT3G57890.1,0.2173,0.384
AT3G51800.1,0.2173,0.384
AT1G56110.1,0.2173,0.384
AT3G52720.1,0.2173,0.384
AT2G32920.1,0.2173,0.384
AT5G04885.1,0.2173,0.384
AT2G23420.1,0.2173,0.384
AT1G51710.1,0.2173,0.384
AT1G27030.1,0.2173,0.384
AT5G08180.1,0.2173,0.384
AT5G11980.1,0.2173,0.384
AT5G64840.1,0.2173,0.384
AT1G23180.1,0.2173,0.384
AT1G09270.1,0.2173,0.384
AT5G21100.1,0.2173,0.384
AT3G17810.1,0.2173,0.384
AT1G08490.1,0.2173,0.384
AT3G51140.1,0.2173,0.384
AT1G53120.1,0.2173,0.384
AT2G47450.1,0.2173,0.384
AT5G04900.1,0.2173,0.384
AT2G28605.1,0.2173,0.384
AT3G57090.1,0.2173,0.384
AT3G28930.1,0.2173,0.384
AT4G32130.1,0.2173,0.384
AT2G47380.1,0.2173,0.384
AT1G06530.1,0.2173,0.384
AT4G21960.1,0.2173,0.384
AT4G25550.1,0.2173,0.384
AT1G43890.1,0.2173,0.384
AT5G51300.1,0.2173,0.384
AT1G74020.1,0.2173,0.384
AT1G20816.1,0.2173,0.384
AT1G60990.1,0.2173,0.384
AT1G48420.1,0.2173,0.384
AT5G08610.1,0.2173,0.384
ATCG00640.1,0.2173,0.384
AT2G38140.1,0.2173,0.384
AT2G41040.1,0.2173,0.384
AT2G19680.1,0.2173,0.384
sum10,0.2173,0.384
AT5G18100.1,0.2173,0.384
AT5G11710.1,0.2173,0.384
AT4G17100.1,0.2173,0.384
AT1G18450.1,0.2173,0.384
AT1G51680.1,0.2173,0.384
AT2G25370.2,0.2173,0.384
AT5G49215.1,0.2173,0.384
AT1G65820.1,0.2173,0.384
AT1G05180.1,0.2173,0.384
AT3G53970.1,0.2173,0.384
AT3G02510.1,0.2173,0.384
AT3G51730.1,0.2173,0.384
AT5G02280.1,0.2173,0.384
AT1G15750.1,0.2173,0.384
AT2G19520.1,0.2173,0.384
AT3G01520.1,0.2173,0.384
AT1G79090.1,0.2173,0.384
AT2G38160.1,0.2173,0.384
AT2G18710.1,-0.2173,0.4325
AT4G35460.1,-0.2173,0.4325
AT4G38460.1,-0.2173,0.4325
AT4G12650.1,-0.2173,0.4325
AT2G17420.1,-0.2173,0.4325
AT4G19210.1,-0.2173,0.4325
AT2G17200.1,-0.2173,0.4325
AT1G49750.1,-0.2173,0.4325
AT3G11700.1,-0.2173,0.4325
AT2G45140.1,-0.2173,0.4325
AT4G26670.1,-0.2173,0.4325
AT2G03680.1,-0.2173,0.4325
AT2G03120.1,-0.2173,0.4325
AT3G07100.1,-0.2173,0.4325
AT4G02340.1,-0.2173,0.4325
AT5G39730.1,-0.2173,0.4325
AT5G47870.1,-0.2173,0.4325
AT1G27310.1,-0.2173,0.4325
AT5G14800.1,-0.2173,0.4325
AT5G11720.1,-0.2173,0.4325
AT4G23940.1,-0.2173,0.4325
AT2G36130.1,-0.2173,0.4325
AT2G28800.1,-0.2173,0.4325
AT5G42070.1,-0.2173,0.4325
AT1G15390.1,-0.2173,0.4325
AT5G57950.1,-0.2173,0.4325
AT3G61200.1,-0.2173,0.4325
AT5G06390.1,-0.2173,0.4325
AT2G03440.1,-0.2173,0.4325
AT1G13900.1,-0.2173,0.4325
AT2G13560.1,-0.2173,0.4325
AT3G16810.1,-0.2173,0.4325
AT5G17420.1,-0.2173,0.4325
AT1G11890.1,-0.2173,0.4325
AT4G28706.2,-0.2173,0.4325
AT5G64030.1,-0.2173,0.4325
AT3G07950.1,-0.2173,0.4325
AT5G40490.1,-0.2173,0.4325
AT5G60720.1,-0.2173,0.4325
AT5G20950.1,-0.2173,0.4325
AT3G16290.1,-0.2173,0.4325
AT4G14430.1,-0.2173,0.4325
AT4G32930.1,-0.2173,0.4325
AT5G11900.1,-0.2173,0.4325
AT1G50380.1,-0.2173,0.4325
AT5G27700.1,-0.2173,0.4325
AT2G02050.1,-0.2173,0.4325
AT5G19850.1,-0.2173,0.4325
AT2G35810.1,-0.2173,0.4325
AT1G65540.1,-0.2173,0.4325
AT3G54600.1,-0.2173,0.4325
AT4G29830.1,-0.2173,0.4325
AT5G01730.1,-0.2173,0.4325
AT1G15730.1,-0.2173,0.4325
AT1G05385.1,-0.2173,0.4325
AT1G20440.1,-0.2173,0.4325
AT3G47000.1,-0.2173,0.4325
AT3G51550.1,-0.2173,0.4325
AT5G41970.1,-0.2173,0.4325
AT5G64580.1,-0.2173,0.4325
AT2G47400.1,-0.2173,0.4325
AT1G70070.1,-0.2173,0.4325
AT4G28660.1,-0.2173,0.4325
AT1G11930.1,-0.2173,0.4325
AT3G56110.1,-0.2173,0.4325
AT1G74100.1,-0.2173,0.4325
AT5G55660.1,-0.2173,0.4325
AT4G20760.1,-0.2173,0.4325
AT2G21060.1,-0.2173,0.4325
AT5G51120.1,-0.2173,0.4325
AT5G67370.1,-0.2173,0.4325
AT4G11980.1,-0.2173,0.4325
AT5G43280.1,-0.2173,0.4325
AT3G02770.1,-0.2173,0.4325
AT2G30105.1,-0.2173,0.4325
AT1G01910.1,-0.2173,0.4325
AT4G16500.1,-0.2173,0.4325
AT1G55450.1,-0.2173,0.4325
AT5G01400.1,-0.2173,0.4325
AT4G30550.1,-0.2173,0.4325
AT1G20050.1,-0.2173,0.4325
AT5G48180.1,-0.2173,0.4325
AT5G64440.1,-0.2173,0.4325
AT1G28490.1,-0.2173,0.4325
AT5G13560.1,-0.2173,0.4325
AT5G35570.1,-0.2173,0.4325
AT1G51510.1,-0.2173,0.4325
AT3G17820.1,0.2173,0.4328
ATCG01120.1,0.2172,0.4329
AT1G56190.1,0.2164,0.4342
AT1G20340.1,-0.2153,0.4342
AT1G72150.1,0.2155,0.4345
AT1G24020.1,0.2142,0.4348
AT1G70410.2,-0.213,0.4353
AT1G08520.1,-0.213,0.4353
AT3G62750.1,0.2128,0.4359
AT1G31812.1,0.2128,0.4359
AT2G05830.1,0.2128,0.4359
AT2G43640.1,-0.2128,0.439
AT3G54900.1,-0.2128,0.439
AT3G15840.1,-0.2128,0.439
AT3G47650.1,-0.2128,0.439
AT5G08410.1,-0.2128,0.439
AT4G30810.1,-0.2128,0.439
AT1G71820.1,-0.2128,0.439
AT5G63980.1,-0.2128,0.439
AT3G01120.1,0.2119,0.4396
AT5G08300.1,0.2119,0.4396
AT4G29010.1,0.2119,0.4396
AT5G63420.1,0.2119,0.4396
AT5G08650.1,-0.2119,0.4413
AT3G02730.1,-0.2119,0.4413
AT5G07020.1,-0.2119,0.4413
AT5G11450.1,-0.2119,0.4413
AT2G42210.1,0.2119,0.4416
AT5G17920.1,-0.2114,0.4418
AT1G43170.1,-0.2092,0.4427
AT3G46740.1,0.2092,0.4429
sum101,-0.2083,0.443
AT3G57330.1,-0.2083,0.443
AT3G50820.1,0.2085,0.4433
AT5G40810.1,0.2077,0.4436
AT5G12470.1,0.2069,0.4441
sum70,-0.2062,0.4446
AT5G53490.1,-0.2057,0.4448
AT5G43940.1,0.2057,0.445
AT3G56940.1,0.2053,0.4453
AT3G11710.1,0.2041,0.4459
AT5G20920.1,0.2041,0.4459
AT5G28050.1,-0.2041,0.4463
AT1G67700.1,-0.2022,0.447
ATCG00800.1,0.2026,0.447
AT5G19940.1,0.2022,0.4471
AT1G73600.1,-0.2015,0.448
AT1G23820.1,0.2013,0.4483
AT3G07770.1,-0.1997,0.4485
AT1G05190.1,-0.1991,0.4487
AT3G61220.1,0.1977,0.4496
AT3G19710.1,-0.1977,0.4497
AT1G27090.1,0.197,0.4502
AT3G47430.1,0.197,0.4502
AT3G47860.1,0.197,0.4502
AT4G31390.1,0.197,0.4502
ATMG00160.1,0.197,0.4502
AT2G38750.1,0.197,0.4502
AT1G54010.1,-0.197,0.4554
AT5G01010.1,-0.197,0.4554
AT4G22930.1,-0.197,0.4554
AT3G51820.1,-0.197,0.4554
AT1G06000.1,-0.197,0.4554
AT1G59990.1,-0.197,0.4554
AT2G42220.1,0.197,0.4557
AT2G04842.1,0.197,0.4557
AT1G19670.1,0.197,0.4557
AT4G27440.1,-0.1966,0.4562
AT1G09795.1,-0.196,0.4565
AT2G32060.1,0.196,0.4568
AT1G73230.1,-0.1957,0.4569
AT2G43910.1,-0.1934,0.4579
AT3G28710.1,0.1922,0.4587
sum25,-0.1906,0.4608
AT1G54500.1,-0.1906,0.4608
AT5G27670.1,0.1903,0.4612
AT3G63190.1,0.1896,0.4616
AT1G11750.1,0.1894,0.4617
AT1G70890.1,0.1894,0.4617
AT3G25920.1,-0.1892,0.4621
AT3G08943.1,-0.1892,0.4621
AT3G08947.1,-0.1892,0.4621
AT2G45470.1,-0.1878,0.4625
AT5G16130.1,-0.1866,0.463
AT5G23060.1,0.1872,0.463
AT2G29630.1,-0.1856,0.4638
AT1G55670.1,-0.1846,0.4647
AT4G37000.1,-0.1846,0.4647
ATCG00140.1,0.1843,0.4651
AT4G10840.1,0.1843,0.4651
sum113,0.1843,0.4651
AT5G50250.1,0.1843,0.4651
ATCG00360.1,-0.1843,0.4675
AT3G49120.1,0.1837,0.4682
sum36,0.1834,0.4683
AT5G08280.1,-0.1824,0.4683
AT1G52230.1,0.1832,0.4683
AT4G18440.1,0.1819,0.4687
AT1G30230.1,-0.1819,0.4687
AT1G53850.1,-0.1797,0.4695
AT4G27270.1,-0.1795,0.4698
AT3G18000.1,-0.1795,0.4698
sum3,0.1795,0.4699
AT1G11430.1,0.1792,0.4702
AT5G14780.1,0.1792,0.4702
AT1G76450.1,-0.1792,0.4704
AT5G65020.1,-0.1792,0.4704
AT2G21580.1,0.178,0.4715
AT1G11840.1,-0.1766,0.4715
AT2G40490.1,0.177,0.4716
AT5G02240.1,-0.1763,0.4716
AT1G01100.1,0.1764,0.4719
AT4G27520.1,0.1754,0.4724
AT3G63540.1,0.1751,0.4725
AT5G16050.1,-0.175,0.4725
ATCG00780.1,0.1738,0.4746
AT2G39470.1,0.1737,0.4747
AT4G29670.1,0.1737,0.4747
AT5G37360.1,0.1737,0.4747
AT3G52230.1,0.1737,0.4747
AT4G14890.1,0.1737,0.4747
AT1G76100.1,-0.1737,0.478
AT2G40100.1,-0.1729,0.4782
AT3G60750.1,0.173,0.4785
AT5G49910.1,0.1731,0.4785
AT5G19140.1,-0.1719,0.4788
AT4G37910.1,-0.1712,0.4792
AT5G65220.1,0.1714,0.4792
AT5G58250.1,0.1714,0.4792
AT3G04920.1,0.1706,0.4795
AT4G34110.1,0.1701,0.4799
AT4G31300.1,-0.1694,0.4804
AT4G12420.1,-0.1689,0.4808
sum30,-0.1681,0.481
AT2G05840.1,0.1665,0.4818
AT5G54270.1,0.1661,0.4818
AT5G67360.1,0.165,0.4825
AT5G18660.1,-0.165,0.4828
AT5G02790.1,0.1648,0.4832
ATCG00660.1,0.1647,0.4833
AT4G39040.1,0.1647,0.4833
AT4G39710.1,-0.1647,0.4852
AT3G43600.1,-0.1647,0.4852
AT5G08060.1,0.1645,0.4855
AT2G46650.1,0.1645,0.4855
sum105,0.1645,0.4855
AT5G57020.1,0.1645,0.4855
AT1G80750.1,0.1645,0.4855
AT4G13500.1,0.1645,0.4855
AT5G23940.1,0.1645,0.4855
ATCG00520.1,0.1645,0.4855
AT2G35450.1,0.1645,0.4855
AT4G15530.1,0.1645,0.4855
AT5G05740.1,0.1645,0.4855
ATCG01020.1,0.1645,0.4855
AT4G14570.1,0.1645,0.4855
AT3G13235.1,0.1645,0.4855
AT2G30060.1,0.1645,0.4855
AT4G32180.1,0.1645,0.4855
AT1G73090.1,0.1645,0.4855
sum130,0.1645,0.4855
AT3G48720.1,0.1645,0.4855
AT5G44020.1,0.1645,0.4855
AT1G20580.1,0.1645,0.4855
AT2G30410.1,-0.1645,0.4952
AT5G26710.1,-0.1645,0.4952
AT1G10360.1,-0.1645,0.4952
AT1G48620.1,-0.1645,0.4952
AT4G32940.1,-0.1645,0.4952
AT4G21860.1,-0.1645,0.4952
AT2G32450.1,-0.1645,0.4952
AT4G32320.1,-0.1645,0.4952
AT4G10300.1,-0.1645,0.4952
AT2G39940.1,-0.1645,0.4952
sum69,-0.1645,0.4952
AT4G12590.1,-0.1645,0.4952
AT5G11770.1,-0.1645,0.4952
AT3G23920.1,-0.1645,0.4952
AT4G23180.1,-0.1645,0.4952
AT5G44320.1,-0.1628,0.496
AT2G27680.1,0.1627,0.4962
AT3G08940.2,-0.1619,0.4963
AT1G16890.2,0.1625,0.4964
AT1G31330.1,-0.1608,0.4974
AT3G18890.1,-0.1604,0.4978
AT5G45280.1,-0.1598,0.4983
AT5G15450.1,-0.1586,0.4987
AT3G49870.1,0.1575,0.4995
AT1G32470.1,-0.157,0.4997
AT1G08980.1,0.1569,0.4999
AT5G47840.1,-0.1569,0.5021
AT3G03250.1,0.1568,0.5024
AT4G35830.1,-0.1553,0.5027
AT1G77490.1,0.1554,0.5029
AT4G09650.1,0.1553,0.5031
AT4G01800.1,-0.1539,0.5036
AT3G03710.1,0.1533,0.5041
ATCG00160.1,-0.1533,0.5042
AT1G35160.1,0.1529,0.5046
AT4G35260.1,-0.1524,0.5048
sum214,0.1512,0.5053
ATCG00020.1,0.1508,0.5055
sum122,0.1504,0.5058
AT4G29130.1,0.1503,0.5058
AT1G70820.1,0.1501,0.5059
AT1G17050.1,0.1501,0.5059
AT1G03160.1,0.1501,0.5059
AT3G44620.1,0.1501,0.5059
AT4G31180.1,-0.1501,0.5074
AT2G46910.1,-0.1501,0.5074
AT3G52150.1,-0.1499,0.508
AT1G42970.1,-0.1482,0.5088
AT4G17560.1,0.1466,0.5097
AT2G25080.1,0.1461,0.5098
AT4G39330.1,0.1461,0.51
AT5G15200.1,-0.1445,0.5105
AT1G49760.1,0.1443,0.5109
AT5G23120.1,0.1442,0.5109
AT5G49030.1,0.144,0.5111
AT4G31990.1,-0.1424,0.5133
AT5G40950.1,0.142,0.5137
AT5G14200.1,-0.1405,0.5145
AT2G37220.1,-0.1404,0.5146
AT2G27710.1,-0.1399,0.5149
AT1G50900.1,0.1386,0.5157
AT3G17930.1,0.1386,0.5157
AT3G50685.1,0.1386,0.5157
AT3G05970.1,0.1386,0.5157
AT2G26930.1,0.1386,0.5157
AT1G52760.1,0.1386,0.5157
AT2G24050.1,0.1386,0.5157
AT4G24220.1,0.1386,0.5157
AT5G24020.1,0.1386,0.5157
AT5G27390.1,0.1386,0.5157
AT2G40060.1,0.1386,0.5157
AT1G55020.1,0.1386,0.5157
AT1G02080.1,-0.1386,0.5218
AT2G05620.1,-0.1386,0.5218
AT5G24710.1,-0.1386,0.5218
AT2G46520.1,-0.1386,0.5218
AT1G27020.1,-0.1386,0.5218
AT5G19980.1,-0.1386,0.5218
AT1G59960.1,-0.1386,0.5218
AT5G16390.1,-0.1386,0.5218
AT2G17980.1,-0.1386,0.5218
AT2G32080.1,-0.1386,0.5218
AT5G53580.1,-0.1386,0.5218
AT2G18230.1,-0.1386,0.5218
AT2G30170.1,-0.1386,0.5218
AT2G43630.1,-0.1386,0.5218
sum144,-0.1386,0.5218
AT5G48230.1,-0.1385,0.5234
AT5G17710.1,0.1381,0.5238
AT1G08380.1,0.1378,0.5239
AT2G47840.1,0.1378,0.5239
AT2G31670.1,0.1378,0.5239
AT2G35370.1,-0.1359,0.5245
AT3G11730.1,0.1359,0.5248
sum135,0.1349,0.5253
AT4G00810.1,0.1336,0.5258
AT2G47940.1,0.1336,0.5258
ATCG00750.1,-0.1336,0.5266
AT1G54630.1,-0.1331,0.5269
AT2G19730.1,0.1331,0.5271
AT3G52380.1,0.1325,0.5275
AT2G35410.1,0.1325,0.5275
AT5G04430.1,0.1291,0.5292
AT3G47070.1,-0.1291,0.5301
AT1G65930.1,0.1283,0.5306
AT2G41220.1,0.1274,0.531
AT4G26530.1,0.1268,0.5311
AT3G44890.1,-0.1264,0.5312
AT1G79550.1,0.1261,0.5315
AT3G26070.1,-0.1255,0.5319
AT4G19710.2,-0.1254,0.532
AT2G45740.1,-0.1251,0.5321
AT5G63570.1,0.1254,0.5322
AT2G26340.1,0.125,0.5323
sum74,-0.125,0.5332
AT4G29410.1,0.1247,0.5335
AT4G28750.1,-0.1241,0.5335
AT2G16950.1,0.1223,0.5344
AT5G16400.1,0.1223,0.5344
AT3G04880.1,0.1223,0.5344
AT1G53520.1,0.1223,0.5344
AT1G56580.1,0.1223,0.5344
AT3G18430.1,0.1223,0.5344
AT1G43690.1,0.1223,0.5344
AT4G18930.1,0.1223,0.5344
AT5G62980.1,0.1223,0.5344
AT2G14170.1,0.1223,0.5344
AT4G25890.1,-0.1223,0.5408
AT2G29080.1,-0.1223,0.5408
AT3G12490.1,-0.1223,0.5408
AT1G03870.1,-0.1223,0.5408
AT1G35420.1,-0.1223,0.5408
AT4G11175.1,-0.1223,0.5408
AT1G74230.1,-0.1223,0.5408
AT2G41790.1,-0.1223,0.5408
AT2G33470.1,-0.1223,0.5408
AT1G74090.1,-0.1223,0.5408
sum47,-0.1223,0.5408
AT3G18490.1,-0.1223,0.5408
AT1G79690.1,-0.1223,0.5408
AT4G10340.1,0.1222,0.5412
AT3G16420.1,0.1212,0.5418
AT5G52840.1,-0.1212,0.5425
AT1G68590.1,-0.1212,0.5425
AT2G43710.1,-0.1207,0.5426
AT3G14110.1,-0.1177,0.5458
AT3G55800.1,0.1164,0.5464
AT5G03520.1,0.1164,0.5464
AT3G46970.1,0.1158,0.5468
AT5G22800.1,0.1156,0.5468
sum207,-0.1152,0.5468
AT1G02780.1,-0.1144,0.5482
AT3G24190.1,-0.1144,0.5482
AT4G37800.1,-0.1144,0.5482
AT2G31570.1,-0.1144,0.5482
AT5G01410.1,-0.1136,0.5488
AT2G17340.1,-0.1128,0.5491
AT1G23740.1,0.1127,0.5494
AT4G26690.1,-0.1125,0.5495
AT1G58080.1,0.1125,0.5496
AT3G52750.1,-0.1118,0.5497
AT2G44060.1,0.1121,0.5497
AT5G13510.1,-0.1116,0.5498
AT5G64140.1,0.1108,0.5512
AT5G60790.1,0.1108,0.5512
AT1G52220.1,0.1108,0.5512
AT4G18030.1,0.1108,0.5512
AT4G00860.1,0.1108,0.5512
AT5G17380.1,0.1108,0.5512
AT3G26900.1,0.1108,0.5512
AT2G30930.1,-0.1108,0.5569
AT4G09620.1,-0.1108,0.5569
AT3G10740.1,-0.1108,0.5569
AT3G08640.1,-0.1108,0.5569
AT2G21280.1,-0.1108,0.5569
AT5G36880.1,-0.1108,0.5569
AT5G55230.1,-0.1108,0.5569
AT2G17130.1,-0.1104,0.5572
AT2G26080.1,-0.1101,0.5573
AT1G23290.1,0.1103,0.5574
AT5G15490.1,-0.1089,0.5577
AT5G47700.1,0.1092,0.5577
AT1G71500.1,0.109,0.5578
ATCG00280.1,-0.1088,0.5582
AT2G44920.2,0.1086,0.5584
AT5G03300.1,-0.1078,0.5593
AT3G48110.1,0.1072,0.5597
AT5G57870.1,-0.1059,0.5606
AT3G16640.1,-0.1057,0.5607
AT5G09660.1,-0.1051,0.5609
AT2G40840.1,0.1043,0.5613
sum109,0.1029,0.5626
AT3G01390.1,0.102,0.5629
AT5G41950.1,0.102,0.5629
AT1G14980.1,0.102,0.5629
AT3G04290.1,0.102,0.5629
AT5G38520.1,0.102,0.5629
AT1G12270.1,0.102,0.5629
AT2G40600.1,0.102,0.5629
AT4G13360.1,0.102,0.5629
AT4G30310.2,-0.102,0.5678
AT1G74070.1,-0.102,0.5678
AT2G40290.1,-0.102,0.5678
AT4G21100.1,-0.102,0.5678
AT5G13450.1,-0.1015,0.568
AT4G35450.1,0.101,0.5682
AT1G78870.2,0.1008,0.5688
AT4G02530.1,-0.1001,0.569
AT3G23600.1,0.0989,0.5695
AT5G27850.1,0.0988,0.5696
sum133,-0.0988,0.5698
AT3G11910.1,-0.0986,0.5699
AT3G22630.1,0.0983,0.5701
AT1G67090.1,0.0977,0.5703
ATCG00720.1,-0.0968,0.5706
AT1G17100.1,-0.0967,0.5714
AT2G01210.1,-0.0967,0.5714
sum1,0.0967,0.5715
AT5G43750.1,0.095,0.5721
AT4G04910.1,0.095,0.5721
AT4G12730.1,0.095,0.5721
AT3G08770.1,0.095,0.5721
AT3G49560.1,0.095,0.5721
AT1G75270.1,0.095,0.5721
AT1G72750.1,-0.095,0.5761
AT5G47210.1,-0.095,0.5761
AT5G58710.1,-0.095,0.5761
AT3G23810.1,-0.095,0.5761
AT3G08740.1,-0.094,0.577
AT5G13120.1,-0.0928,0.5778
AT1G06680.1,-0.0925,0.5779
AT5G66190.1,-0.0922,0.578
AT4G09040.1,0.0909,0.5785
AT1G11860.1,0.0905,0.579
sum59,-0.0897,0.5792
AT2G24940.1,0.0893,0.5794
ATMG00070.1,0.0893,0.5794
AT1G31800.1,0.0893,0.5794
AT5G17560.1,0.0893,0.5794
AT3G43520.1,0.0893,0.5794
AT3G57050.1,0.0893,0.5794
AT4G16450.1,-0.0893,0.5819
AT5G53480.1,0.0875,0.5829
AT2G13360.1,0.0866,0.5834
AT3G22230.1,0.0864,0.5835
AT1G12410.1,0.0859,0.5836
ATCG00730.1,-0.0859,0.5838
AT5G52640.1,-0.0853,0.5841
AT2G29450.1,-0.0848,0.5843
AT1G50320.1,0.0844,0.5845
AT2G24090.1,0.0844,0.5845
AT3G07480.1,0.0844,0.5845
AT4G13010.1,0.0844,0.5845
AT5G16620.1,0.0844,0.5845
AT1G14345.1,-0.0844,0.587
AT3G10670.1,-0.0844,0.587
AT2G47470.1,-0.0844,0.5873
AT1G63770.3,-0.084,0.5874
AT3G52880.1,0.084,0.5875
AT3G23400.1,-0.083,0.5878
AT2G05990.1,-0.083,0.5878
AT4G35090.1,0.0832,0.5879
AT1G16880.1,-0.0822,0.5884
ATCG00130.1,0.0823,0.5884
AT3G02870.1,0.0815,0.5887
AT1G62780.1,0.0815,0.5887
ATCG00810.1,-0.0815,0.589
AT4G29120.1,0.0803,0.5896
AT4G33670.1,0.0803,0.5896
AT4G25050.1,-0.0803,0.5922
AT2G31390.1,-0.0803,0.5922
AT1G77510.1,-0.0794,0.5926
sum220,-0.0792,0.5927
AT3G48730.1,0.079,0.5928
AT5G17170.1,0.0789,0.5929
AT3G46010.1,-0.0786,0.5932
AT3G07390.1,0.0766,0.5941
AT5G08530.1,0.0766,0.5941
AT5G46580.1,0.0766,0.5941
AT3G56240.1,-0.0766,0.5963
AT1G27130.1,-0.0766,0.5963
AT5G35630.1,-0.0751,0.5972
sum75,0.0753,0.5973
AT1G20630.1,0.0742,0.5976
AT1G03630.1,0.0741,0.5979
AT1G43670.1,0.0738,0.5982
ATCG00820.1,-0.0734,0.5999
AT1G63970.1,-0.0734,0.5999
AT1G80410.1,-0.0734,0.5999
AT2G28900.1,0.0731,0.6001
AT3G14415.1,-0.0718,0.6007
AT1G09340.1,-0.0716,0.6009
AT1G01080.1,0.0706,0.6014
AT5G23540.1,0.0706,0.6014
AT4G34090.1,0.0706,0.6014
AT3G13120.1,0.0706,0.6014
AT5G27470.1,-0.0706,0.6028
AT5G01650.1,-0.0706,0.6028
AT4G16760.1,-0.0706,0.6028
sum67,-0.0706,0.6028
AT5G51970.1,-0.0706,0.6028
AT2G27860.1,0.0686,0.6037
AT1G62390.1,0.068,0.6039
ATCG00560.1,-0.068,0.605
AT4G15510.1,-0.068,0.605
AT4G11600.1,-0.068,0.605
AT5G10540.1,-0.0676,0.6051
AT1G13280.1,0.0679,0.6051
AT3G20390.1,0.0672,0.6053
AT5G54600.1,-0.0672,0.6055
AT1G15690.1,-0.0663,0.6059
AT3G60820.1,-0.0656,0.6073
AT5G52520.1,-0.0656,0.6073
AT4G01150.1,-0.0655,0.6075
AT5G07350.1,0.065,0.6078
AT2G33800.1,-0.0638,0.6083
AT4G35630.1,-0.0636,0.6083
AT5G66530.1,0.0635,0.6085
AT4G28440.1,0.0635,0.6085
AT2G23600.1,0.0635,0.6085
sum80,-0.0635,0.6095
AT2G28190.1,-0.0623,0.6099
AT5G35590.1,-0.0616,0.6102
AT5G45680.1,0.0615,0.6104
sum32,-0.0611,0.6112
AT5G53560.1,0.0597,0.6117
AT2G20610.1,0.0597,0.6117
AT5G55280.1,0.0597,0.6117
AT2G10940.1,-0.0597,0.6124
ATCG00150.1,0.058,0.613
AT3G23490.1,0.058,0.613
AT3G28940.1,0.058,0.613
AT2G20360.1,0.058,0.613
AT3G58140.1,-0.058,0.614
AT2G42520.1,0.0578,0.6142
AT1G12840.1,-0.0575,0.6143
AT5G58590.1,0.0573,0.6145
AT1G78680.1,0.0564,0.6147
AT2G19760.1,-0.0564,0.6157
AT2G44650.1,-0.0564,0.6157
sum21,0.0561,0.6161
AT1G66200.1,0.0555,0.6164
ATCG00790.1,0.0536,0.6179
AT3G10060.1,0.0536,0.6179
AT5G55730.1,0.0536,0.6179
AT3G63490.1,-0.0535,0.6183
AT2G34160.1,-0.053,0.6185
AT1G31230.1,-0.053,0.6186
AT1G72170.1,-0.052,0.6193
AT3G10520.1,-0.0511,0.6198
AT1G79210.1,0.0507,0.62
AT4G36130.1,0.0506,0.62
AT5G65810.1,-0.0506,0.6202
sum83,-0.0499,0.6208
sum37,-0.0493,0.621
sum15,0.0498,0.621
AT3G19820.1,0.0489,0.6214
AT4G03520.1,0.0489,0.6214
AT4G36810.1,-0.0489,0.6216
AT1G70600.1,-0.0473,0.6224
AT4G14030.1,0.0477,0.6225
AT2G43030.1,-0.0472,0.6226
AT5G37510.1,-0.0468,0.6229
AT5G51110.1,-0.0459,0.6237
AT2G36460.1,0.0458,0.6239
ATCG00490.1,0.0452,0.6242
AT4G35100.1,0.045,0.6243
AT3G01440.1,0.0442,0.6248
AT1G69830.1,0.0411,0.6266
AT5G54500.1,0.0408,0.6268
AT2G27530.1,0.0403,0.6273
ATCG00680.1,0.0395,0.6278
AT5G28060.1,0.0391,0.628
AT2G18110.1,0.0386,0.6281
sum20,0.0384,0.6284
AT4G35250.1,-0.0373,0.6288
AT1G73060.1,0.0363,0.6295
AT2G44120.1,-0.0359,0.6295
AT4G20980.1,-0.0356,0.6297
AT3G62030.1,0.0349,0.6303
AT3G27280.1,-0.0345,0.6303
sum78,-0.0343,0.6305
AT5G47930.1,0.0338,0.6311
AT5G58330.1,0.0317,0.6323
AT5G50850.1,-0.0313,0.6324
AT1G20620.1,0.0313,0.6326
AT5G49460.1,-0.0285,0.6333
AT1G78570.1,-0.0279,0.6338
AT1G32990.1,0.0274,0.6344
AT2G30870.1,-0.0262,0.6348
AT3G26060.1,0.0266,0.6349
AT2G17630.1,-0.026,0.6353
AT1G17745.1,0.0256,0.6356
AT1G78380.1,-0.0248,0.6358
ATCG00350.1,-0.024,0.6361
AT2G20450.1,-0.0219,0.637
AT3G54890.1,0.0216,0.6373
AT4G30620.1,0.021,0.6378
sum202,0.0209,0.6378
AT5G23900.1,-0.0181,0.6386
AT3G26650.1,0.0132,0.6404
AT2G09990.1,-0.0127,0.6405
sum200,-0.0103,0.6411
AT3G14210.1,-0.0101,0.6411
AT2G18020.1,-0.0093,0.6413
AT1G02920.1,0.0098,0.6414
AT1G15820.1,-0.0071,0.6418
sum34,-0.0058,0.6422
AT1G05010.1,0.0061,0.6423
sum96,-0.0033,0.6424
AT1G50250.1,-0.0032,0.6424
AT1G20020.1,0.0034,0.6426
sum33,0,0.6437
AT3G19170.1,0,0.6437
AT4G33680.1,0,0.6437
AT4G34620.1,0,0.6437
AT1G35680.1,0,0.6437
AT1G09310.1,0,0.6437
AT5G41520.1,0,0.6437
AT4G20260.1,0,0.6437
AT1G09130.1,0,0.6437
AT3G51260.1,0,0.6437
AT1G03600.1,0,0.6437
AT4G23850.1,0,0.6437
AT3G56150.1,0,0.6437
AT3G56650.1,0,0.6437
AT5G21430.1,0,0.6437
sum2,0,0.6437
AT1G75350.1,0,0.6437
AT1G08830.1,0,0.6437
AT4G21210.1,0,0.6437
AT3G22110.1,0,0.6437
AT3G49470.1,0,0.6437
AT1G17220.1,0,0.6437
AT5G24490.1,0,0.6437
AT1G27970.1,0,0.6437
AT3G53580.1,0,0.6437
AT4G21150.1,0,0.6437
AT5G62350.1,0,0.6437
AT2G02740.1,0,0.6437
AT5G58070.1,0,0.6437
AT3G15360.1,0,0.6437
AT5G47030.1,0,0.6437
ATCG00710.1,0,0.6437
AT5G35100.1,0,0.6437
ATCG01130.1,0,0.6437
AT5G42765.1,0,0.6437
AT3G60240.2,0,0.6437
AT3G53990.1,0,0.6437
AT3G55010.1,0,0.6437
AT3G54470.1,0,0.6437
AT1G64770.1,0,0.6437
AT5G41210.1,0,0.6437
AT5G08540.1,0,0.6437
AT5G16660.1,0,0.6437
AT5G04740.1,0,0.6437
AT3G53130.1,0,0.6437
sum44,0,0.6437
AT5G63840.1,0,0.6437
AT3G27160.1,0,0.6437
AT4G01883.1,0,0.6437
ATCG00180.1,0,0.6437
ATCG00650.1,0,0.6437
AT4G28730.1,0,0.6437
AT5G11560.1,0,0.6437
AT1G79600.1,0,0.6437
AT5G20090.1,0,0.6437
AT4G32760.1,0,0.6437
AT3G53560.1,0,0.6437
AT1G31860.1,0,0.6437
AT5G64130.1,0,0.6437
AT5G19620.1,0,0.6437
AT1G21680.1,0,0.6437
AT1G76680.1,0,0.6437
AT2G17380.1,0,0.6437
AT5G44650.1,0,0.6437
sum72,0,0.6437
AT1G79870.1,0,0.6437
AT4G21445.1,0,0.6437
AT3G15660.1,0,0.6437
AT3G44330.1,0,0.6437
AT2G45070.1,0,0.6437
AT4G30720.1,0,0.6437
AT2G47240.1,0,0.6437
ATCG00330.1,0,0.6437
sum142,0,0.6437
AT2G04700.1,0,0.6437
AT1G51690.1,0,0.6437
AT5G46070.1,0,0.6437
AT2G20190.1,0,0.6437
AT1G37130.1,0,0.6437
AT5G51545.1,0,0.6437
AT5G41790.1,0,0.6437
AT1G26340.1,0,0.6437
AT4G14070.1,0,0.6437
AT5G42310.1,0,0.6437
AT2G36145.1,0,0.6437
AT3G59980.1,0,0.6437
AT1G31160.1,0,0.6437
AT5G51200.1,0,0.6437
AT2G38170.1,0,0.6437
AT3G63170.1,0,0.6437
AT4G38100.1,0,0.6437
AT1G53670.1,0,0.6437
AT1G49670.1,0,0.6437
AT4G00165.1,0,0.6437
AT1G54520.1,0,0.6437
AT2G42540.1,0,0.6437
AT5G22640.1,0,0.6437
AT3G20790.1,0,0.6437
AT5G25265.1,0,0.6437
AT5G27970.1,0,0.6437
AT3G21865.1,0,0.6437
AT4G37870.1,0,0.6437
AT2G17560.1,0,0.6437
AT2G35840.1,0,0.6437
AT1G48920.1,0,0.6437
AT2G40730.1,0,0.6437
AT1G20330.1,0,0.6437
AT5G55200.1,0,0.6437
AT1G76180.1,0,0.6437
AT3G60860.1,0,0.6437
AT5G23250.1,0,0.6437
AT3G28900.1,0,0.6437
AT1G14030.1,0,0.6437
AT4G10060.1,0,0.6437
AT1G23130.1,0,0.6437
AT3G21055.1,0,0.6437
AT2G22250.1,0,0.6437
AT5G20830.1,0,0.6437
AT2G26540.1,0,0.6437
AT3G07470.1,0,0.6437
AT1G30400.1,0,0.6437
AT1G02475.1,0,0.6437
AT1G64980.1,0,0.6437
AT1G62740.1,0,0.6437
AT2G32090.1,0,0.6437
AT4G10000.1,0,0.6437
AT3G10260.1,0,0.6437
AT2G26250.1,0,0.6437
AT5G27290.1,0,0.6437
AT4G37300.1,0,0.6437
AT5G20250.1,0,0.6437
AT1G15290.1,0,0.6437
AT3G03100.1,0,0.6437
AT5G40480.1,0,0.6437
AT5G18400.1,0,0.6437
AT5G23440.1,0,0.6437
AT3G18600.1,0,0.6437
AT1G63680.1,0,0.6437
AT4G21110.1,0,0.6437
AT1G71040.1,0,0.6437
AT2G34640.1,0,0.6437
AT1G21770.1,0,0.6437
AT4G15545.1,0,0.6437
AT1G22410.1,0,0.6437
sum11,0,0.6437
AT5G39210.1,0,0.6437
AT2G13440.1,0,0.6437
AT1G67140.1,0,0.6437
AT4G34730.1,0,0.6437
AT5G04440.1,0,0.6437
AT2G04690.1,0,0.6437
AT2G31810.1,0,0.6437
AT3G06730.1,0,0.6437
AT4G14300.1,0,0.6437
sum52,0,0.6437
AT5G02740.1,0,0.6437
AT4G28025.1,0,0.6437
ATCG00570.1,0,0.6437
AT3G47810.1,0,0.6437
AT3G07160.1,0,0.6437
AT5G63680.1,0,0.6437
AT1G60000.1,0,0.6437
AT4G22010.1,0,0.6437
AT1G02910.1,0,0.6437
AT4G30950.1,0,0.6437
AT3G11170.1,0,0.6437
AT3G23760.1,0,0.6437
AT3G02260.1,0,0.6437
AT2G17870.1,0,0.6437
AT2G06530.1,0,0.6437
AT1G14830.1,0,0.6437
AT3G51600.1,0,0.6437
AT4G11820.1,0,0.6437
AT5G19690.1,0,0.6437
AT3G62550.1,0,0.6437
AT5G43850.1,0,0.6437
AT1G79750.1,0,0.6437
AT5G15910.1,0,0.6437
AT1G29700.1,0,0.6437
AT1G10830.1,0,0.6437
AT5G02890.1,0,0.6437
AT4G37270.1,0,0.6437
AT1G49430.1,0,0.6437
AT5G19855.1,0,0.6437
AT5G36890.1,0,0.6437
AT5G12370.1,0,0.6437
AT5G42150.1,0,0.6437
AT5G39830.1,0,0.6437
AT2G31170.1,0,0.6437
AT3G25150.1,0,0.6437
AT4G18370.1,0,0.6437
AT5G53170.1,0,0.6437
AT1G04170.1,0,0.6437
AT3G61111.1,0,0.6437
AT4G35230.1,0,0.6437
AT3G44340.1,0,0.6437
AT2G14120.1,0,0.6437
AT5G63910.1,0,0.6437
AT4G03550.1,0,0.6437
AT5G60620.1,0,0.6437
AT3G07050.1,0,0.6437
AT4G17520.1,0,0.6437
AT2G20990.1,0,0.6437
AT4G38200.1,0,0.6437
AT5G18570.1,0,0.6437
sum54,0,0.6437
AT5G64570.1,0,0.6437
AT5G16290.1,0,0.6437
AT3G59840.1,0,0.6437
AT3G29200.1,0,0.6437
AT1G41880.1,0,0.6437
AT2G02850.1,0,0.6437
AT1G09490.1,0,0.6437
AT5G51660.1,0,0.6437
AT4G02370.1,0,0.6437
sum55,0,0.6437
AT4G13170.1,0,0.6437
AT5G05470.1,0,0.6437
AT3G23820.1,0,0.6437
AT4G22670.1,0,0.6437
AT5G28750.1,0,0.6437
AT2G45540.1,0,0.6437
AT1G09010.1,0,0.6437
AT1G27385.1,0,0.6437
AT5G40930.1,0,0.6437
AT1G65410.1,0,0.6437
AT3G17970.1,0,0.6437
AT3G19900.1,0,0.6437
AT5G53540.1,0,0.6437
AT4G26860.1,0,0.6437
AT2G41090.1,0,0.6437
AT4G04610.1,0,0.6437
AT4G30270.1,0,0.6437
AT1G12920.1,0,0.6437
AT3G28200.1,0,0.6437
AT4G37660.1,0,0.6437
AT3G05625.1,0,0.6437
AT5G22510.1,0,0.6437
AT1G07700.1,0,0.6437
AT4G29590.1,0,0.6437
AT3G10050.1,0,0.6437
AT1G15980.1,0,0.6437
AT3G51510.1,0,0.6437
ATCG01010.1,0,0.6437
AT3G15000.1,0,0.6437
AT1G01050.1,0,0.6437
AT3G13330.1,0,0.6437
AT5G55610.1,0,0.6437
AT4G00660.1,0,0.6437
AT2G16460.1,0,0.6437
AT1G73650.1,0,0.6437
AT1G64850.1,0,0.6437
AT4G39090.1,0,0.6437
AT3G56630.1,0,0.6437
AT3G52370.1,0,0.6437
AT4G17330.1,0,0.6437
AT1G65440.1,0,0.6437
AT5G56740.1,0,0.6437
AT5G47010.1,0,0.6437
sum136,0,0.6437
AT2G16485.1,0,0.6437
AT4G26110.1,0,0.6437
AT2G34680.1,0,0.6437
AT1G26550.1,0,0.6437
AT2G25800.1,0,0.6437
AT3G27310.1,0,0.6437
AT4G36020.1,0,0.6437
AT3G11964.1,0,0.6437
AT5G08260.1,0,0.6437
AT4G33640.1,0,0.6437
AT1G65010.1,0,0.6437
AT3G07430.1,0,0.6437
AT5G61030.1,0,0.6437
AT4G12720.1,0,0.6437
AT2G03870.1,0,0.6437
AT4G09580.1,0,0.6437
AT1G75460.1,0,0.6437
AT3G20680.1,0,0.6437
AT4G01940.1,0,0.6437
AT4G09350.1,0,0.6437
AT4G29810.1,0,0.6437
AT2G27730.1,0,0.6437
AT5G03350.1,0,0.6437
AT3G22210.1,0,0.6437
AT1G44170.1,0,0.6437
AT1G71180.1,0,0.6437
AT5G07030.1,0,0.6437
AT1G44790.1,0,0.6437
AT1G05850.1,0,0.6437
AT4G35800.1,0,0.6437
AT3G25220.1,0,0.6437
AT1G14710.1,0,0.6437
AT3G57030.1,0,0.6437
AT1G65270.1,0,0.6437
AT2G15860.1,0,0.6437
AT1G04530.1,0,0.6437
AT3G15680.1,0,0.6437
AT3G26080.1,0,0.6437
AT2G37860.1,0,0.6437
AT1G66520.1,0,0.6437
AT4G13670.1,0,0.6437
AT1G78140.1,0,0.6437
AT2G40300.1,0,0.6437
AT2G17120.1,0,0.6437
AT2G17840.1,0,0.6437
AT1G53840.1,0,0.6437
AT4G24550.1,0,0.6437
AT2G37040.1,0,0.6437
AT5G04230.1,0,0.6437
AT2G42710.1,0,0.6437
AT3G54090.1,0,0.6437
AT4G24680.1,0,0.6437
AT2G42610.1,0,0.6437
AT5G20570.1,0,0.6437
AT4G13590.1,0,0.6437
AT4G31040.1,0,0.6437
AT2G25870.1,0,0.6437
AT3G62910.1,0,0.6437
AT1G10510.1,0,0.6437
AT3G60210.1,0,0.6437
AT1G06130.1,0,0.6437
AT1G32440.1,0,0.6437
sum123,0,0.6437
AT3G05420.1,0,0.6437
AT1G07110.1,0,0.6437
AT4G23650.1,0,0.6437
AT4G05160.1,0,0.6437
AT1G76850.1,0,0.6437
AT4G03560.1,0,0.6437
AT5G11490.1,0,0.6437
AT2G26780.1,0,0.6437
AT4G10120.1,0,0.6437
AT5G13360.1,0,0.6437
AT2G24180.1,0,0.6437
AT1G60420.1,0,0.6437
AT2G45810.1,0,0.6437
AT1G62630.1,0,0.6437
AT1G31730.1,0,0.6437
AT5G11340.1,0,0.6437
AT5G57440.1,0,0.6437
AT1G22270.1,0,0.6437
AT3G61050.1,0,0.6437
AT1G26460.1,0,0.6437
AT2G17930.1,0,0.6437
AT5G44070.1,0,0.6437
AT3G22480.1,0,0.6437
AT2G47250.1,0,0.6437
AT1G47490.1,0,0.6437
AT5G55850.1,0,0.6437
AT1G52600.1,0,0.6437
AT1G51160.1,0,0.6437
AT3G27960.1,0,0.6437
AT5G61140.1,0,0.6437
AT4G14090.1,0,0.6437
AT1G05560.1,0,0.6437
AT5G11040.1,0,0.6437
AT3G13845.1,0,0.6437
AT1G21380.1,0,0.6437
AT2G26140.1,0,0.6437
AT5G39410.1,0,0.6437
AT2G11890.1,0,0.6437
AT1G78060.1,0,0.6437
AT2G38740.1,0,0.6437
AT1G58270.1,0,0.6437
AT5G07460.1,0,0.6437
AT3G46510.1,0,0.6437
AT5G11950.1,0,0.6437
AT4G07390.1,0,0.6437
AT5G59950.1,0,0.6437
AT5G08160.1,0,0.6437
AT4G37210.1,0,0.6437
AT1G52730.1,0,0.6437
AT3G07230.1,0,0.6437
AT5G44600.1,0,0.6437
AT3G01060.1,0,0.6437
AT1G79790.1,0,0.6437
AT1G58290.1,0,0.6437
AT1G74030.1,0,0.6437
AT4G38225.1,0,0.6437
AT5G63100.1,0,0.6437
AT5G01500.1,0,0.6437
AT2G01110.1,0,0.6437
AT1G62480.1,0,0.6437
AT3G59990.1,0,0.6437
AT2G20860.1,0,0.6437
AT2G45640.1,0,0.6437
AT4G16566.1,0,0.6437
AT5G42890.1,0,0.6437
AT3G28860.1,0,0.6437
AT5G03040.1,0,0.6437
AT5G08080.1,0,0.6437
AT5G08380.1,0,0.6437
AT1G67490.1,0,0.6437
AT5G10240.1,0,0.6437
AT5G62740.1,0,0.6437
AT1G54410.1,0,0.6437
AT1G49510.1,0,0.6437
AT3G59380.1,0,0.6437
AT5G10730.1,0,0.6437
AT1G04260.1,0,0.6437
AT4G32590.1,0,0.6437
AT3G58470.1,0,0.6437
AT1G52190.1,0,0.6437
AT3G55940.1,0,0.6437
AT3G19420.1,0,0.6437
AT1G64090.1,0,0.6437
AT5G02530.1,0,0.6437
AT1G01630.1,0,0.6437
AT3G15610.1,0,0.6437
AT5G54750.1,0,0.6437
AT3G10220.1,0,0.6437
AT4G01290.1,0,0.6437
AT5G53045.1,0,0.6437
AT5G24165.1,0,0.6437
AT1G27930.1,0,0.6437
AT5G11580.1,0,0.6437
AT2G38410.1,0,0.6437
AT4G19490.1,0,0.6437
AT2G37670.1,0,0.6437
AT2G36850.1,0,0.6437
