Protein,wt_clpc1_rep1,wt_clpc1_rep2,wt_clpc1_rep3,trap_clpc1_rep1,trap_clpc1_rep2,trap_clpc1_rep3,LogFoldChange,Zstatistic,fdr,FDRup,FDRdown
AT5G54810.1,0,0,0,0,0,0,-0.036,-0.0418,0.967786,0.987251,1
AT4G34740.1,0,0,0,0,0,0,0.003,0.0035,1,1,0.978461
AT4G27440.1,0,0,0,0,0,0,0.028,0.0339,1,0.979511,0.99268
AT5G54190.1,0,0,0,0,0,0,0.014,0.0148,1,1,0.983976
AT5G38410.1_AT5G38420.1,0,0,0,0,0,0,-0.008,-0.0088,0.979717,1,0.975113
ATCG01310.1_ATCG00830.1,0,0,0,0,0,0,-0.02,-0.022,0.954249,0.995652,0.97803
AT5G42270.1,0,0,0,0,0,0,-0.026,-0.0314,0.94337,0.990741,0.98776
AT1G50010.1,0,0,0,0,0,0,0.026,0.0278,1,0.98977,0.990054
AT5G13110.1,0,0,0,0,0,0,0.013,0.0146,1,1,0.983875
AT1G27510.1,0,0,0,0,0,0,0.004,0.0048,1,1,0.979011
AT4G33630.1,0,0,0,0,0,0,0.024,0.0292,1,0.987779,0.990663
AT3G17800.1,0,0,0,0,0,0,-0.019,-0.0222,0.95387,0.995549,0.978158
AT1G36180.1,0,0,0,0,0,0,0.01,0.0115,1,1,0.98228
AT5G24060.1,0,0,0,0,0,0,-0.084,-0.0938,0.936446,0.997234,0.674679
AT4G11570.1,0,0,0,0,0,0,0.05,0.0546,1,0.895109,1
AT3G44720.1,0,0,0,0,0,0,-0.009,-0.0105,0.976621,1,0.974999
AT5G66050.1,0,0,0,0,0,0,-0.046,-0.0537,1,0.988482,1
AT2G14910.1,0,0,0,0,0,0,0.027,0.0312,1,0.984575,0.991526
AT1G48450.1,0,0,0,0,0,0,-0.065,-0.0762,1,0.99648,0.856291
AT4G09730.1,0,0,0,0,0,0,-0.014,-0.0167,0.964782,0.99833,0.975653
AT4G22240.1,0,0,0,0,0,0,-0.017,-0.0182,0.961775,0.99759,0.976135
AT4G21990.1,0,0,0,0,0,0,-0.05,-0.0588,1,0.990386,0.985894
AT1G74850.1,0,0,0,0,0,0,0.026,0.0305,1,0.985805,0.991209
AT4G25370.1,0,0,0,0,0,0,-0.004,-0.004,0.988567,1,0.975937
AT2G44650.1,0,0,0,0,0,0,-0.038,-0.042,0.968788,0.987223,1
AT1G30680.1,0,0,0,0,0,0,-0.012,-0.014,0.970072,0.999575,0.975136
AT1G23180.1,0,0,0,0,0,0,-0.073,-0.0842,1,0.997396,0.777194
ATCG00180.1,0,0,0,0,0,0,-0.031,-0.0347,0.945637,0.989272,0.99268
AT5G64840.1,0,0,0,0,0,0,-0.001,-0.0017,0.993043,1,0.976568
AT4G36390.1,0,0,0,0,0,0,0.031,0.0344,1,0.978344,0.992919
AT3G02060.1,0,0,0,0,0,0,0.041,0.0457,1,0.940673,0.998045
AT5G26742.1,0,0,0,0,0,0,0.068,0.0776,0.849787,0.79446,0.998032
ATCG00190.1,0,0,0,0,0,0,-0.014,-0.0165,0.965181,0.998424,0.975602
AT3G48500.1,0,0,0,0,0,0,0.009,0.0101,1,1,0.981553
AT5G20720.1,0,0,0,0,0,0,-0.042,-0.0492,1,0.987359,1
AT1G62180.1,0,0,0,0,0,0,-0.023,-0.0252,0.948656,0.993949,0.980513
AT3G04260.1,0,0,0,0,0,0,-0.025,-0.0281,0.944965,0.992406,0.98352
AT4G31210.1,0,0,0,0,0,0,-0.096,-0.1121,0.75352,0.995638,0.454465
AT2G35390.1,0,0,0,0,0,0,0,4e-4,0.997307,1,0.977262
AT4G04610.1,0,0,0,0,0,0,0.027,0.0301,1,0.986433,0.991041
AT5G45930.1,0,0,0,0,0,0,0.006,0.0073,1,1,0.980168
AT1G35340.1,0,0,0,0,0,0,-0.026,-0.0291,0.94414,0.991895,0.984699
AT3G10270.1,0,0,0,0,0,0,-0.037,-0.0425,0.971386,0.987161,1
AT4G15560.1,0,0,0,0,0,0,-0.037,-0.0427,0.972461,0.98714,1
AT3G48870.1,0,0,0,0,0,0,-0.007,-0.008,0.981169,1,0.9752
AT5G52920.1,0,0,0,0,0,0,-0.028,-0.0318,0.943418,0.990554,0.988318
AT2G29630.1,0,0,0,0,0,0,-0.003,-0.0037,0.989139,1,0.97601
AT2G03390.1,0,0,0,0,0,0,-0.016,-0.0182,0.961775,0.99759,0.976135
AT4G12060.1,0,0,0,0,0,0,0.011,0.0126,1,1,0.982837
AT3G21200.1,0,0,0,0,0,0,0.007,0.0077,1,1,0.980358
AT2G44530.1,0,0,0,0,0,0,0.023,0.0253,1,0.99282,0.98897
AT5G60600.1,0,0,0,0,0,0,0.017,0.0188,1,0.998762,0.985976
AT3G29240.1,0,0,0,0,0,0,-0.007,-0.0076,0.981896,1,0.975252
AT3G07630.1,0,0,0,0,0,0,0.045,0.0532,1,0.902905,1
AT4G30720.1,0,0,0,0,0,0,-0.02,-0.0215,0.955208,0.995911,0.977722
AT5G46580.1,0,0,0,0,0,0,-0.062,-0.0694,1,0.994627,0.917648
AT5G51070.1,0,0,0,0,0,0,-0.038,-0.0429,0.973558,0.987119,1
AT4G04020.1,0,0,0,0,0,0,0.024,0.0283,1,0.98904,0.990285
AT1G02150.1,0,0,0,0,0,0,0.009,0.0108,1,1,0.981903
AT5G67030.1,0,0,0,0,0,0,-0.052,-0.0587,1,0.990346,0.986318
AT3G10050.1,0,0,0,0,0,0,-0.006,-0.0071,0.982807,1,0.975323
AT1G74960.1,0,0,0,0,0,0,0.077,0.085,0.828237,0.775382,0.995969
AT3G10970.1,0,0,0,0,0,0,0.062,0.0692,0.91404,0.822286,1
AT1G75380.1,0,0,0,0,0,0,-0.069,-0.0798,1,0.997047,0.82132
AT2G39670.1,0,0,0,0,0,0,-0.008,-0.0097,0.978081,1,0.975038
AT1G19660.1,0,0,0,0,0,0,0.024,0.028,1,0.989508,0.990138
AT5G42390.1,0,0,0,0,0,0,-0.004,-0.0041,0.988376,1,0.975913
AT1G32160.1,0,0,0,0,0,0,-0.005,-0.0051,0.986494,1,0.975691
AT5G51110.1,0,0,0,0,0,0,0.041,0.0452,1,0.943077,0.997813
AT1G54870.1,0,0,0,0,0,0,0.007,0.0083,1,1,0.98067
AT3G23400.1,0,0,0,0,0,0,-0.03,-0.0338,0.944576,0.989642,0.99131
AT1G07320.1,0,0,0,0,0,0,0.015,0.0182,1,0.999191,0.985686
AT2G27820.1,0,0,0,0,0,0,0.026,0.0302,1,0.986278,0.991083
AT4G33760.1,0,0,0,0,0,0,-0.017,-0.0197,0.95876,0.99685,0.976748
AT1G74470.1,0,0,0,0,0,0,-0.034,-0.0411,0.964444,0.987369,1
AT5G55280.1,0,0,0,0,0,0,-0.01,-0.0116,0.974596,1,0.974985
AT4G19170.1,0,0,0,0,0,0,0.025,0.0286,1,0.988629,0.990411
AT4G04770.1,0,0,0,0,0,0,0.065,0.0741,0.872538,0.80484,0.999086
AT4G18240.1,0,0,0,0,0,0,-0.025,-0.0291,0.94414,0.991895,0.984699
AT3G48560.1,0,0,0,0,0,0,-0.019,-0.0202,0.957762,0.996599,0.976987
AT5G54770.1,0,0,0,0,0,0,-0.027,-0.029,0.944211,0.991946,0.984578
AT1G14410.1,0,0,0,0,0,0,0.136,0.148,0.156622,0.122591,0.99159
AT4G39980.1,0,0,0,0,0,0,-0.037,-0.0419,0.968284,0.987237,1
AT2G47450.1,0,0,0,0,0,0,-0.005,-0.0059,0.985008,1,0.975533
AT1G06690.1,0,0,0,0,0,0,0.002,0.0026,1,1,0.978098
AT2G47940.1,0,0,0,0,0,0,0.021,0.0242,1,0.993985,0.988493
AT1G11750.1,0,0,0,0,0,0,-0.048,-0.0529,1,0.988239,1
AT1G17745.1,0,0,0,0,0,0,0.018,0.0207,1,0.997249,0.986897
ATCG00170.1,0,0,0,0,0,0,-0.01,-0.0117,0.974411,1,0.974986
AT5G52960.1,0,0,0,0,0,0,-0.019,-0.0219,0.954439,0.995704,0.977967
ATCG00670.1,0,0,0,0,0,0,-0.034,-0.0372,0.950536,0.988352,0.996638
AT1G08520.1,0,0,0,0,0,0,0.002,0.0022,1,1,0.977922
AT4G16390.1,0,0,0,0,0,0,-0.042,-0.0475,1,0.987132,1
AT4G17040.1,0,0,0,0,0,0,0.002,0.0025,1,1,0.978058
AT1G49970.1,0,0,0,0,0,0,-0.028,-0.0317,0.9434,0.9906,0.988178
AT1G62780.1,0,0,0,0,0,0,0.057,0.0632,0.973375,0.849251,1
AT3G22890.1,0,0,0,0,0,0,-0.034,-0.0388,0.955285,0.98787,0.999166
AT1G75460.1,0,0,0,0,0,0,-0.015,-0.0174,0.963382,0.997999,0.975852
AT1G01080.1,0,0,0,0,0,0,-0.016,-0.019,0.960165,0.997198,0.976443
AT1G63610.1,0,0,0,0,0,0,-0.024,-0.0273,0.945806,0.992821,0.982634
AT1G02560.1,0,0,0,0,0,0,-0.074,-0.0889,0.980524,0.997438,0.728028
AT5G45390.1,0,0,0,0,0,0,0.047,0.0554,1,0.890785,1
AT5G13630.1,0,0,0,0,0,0,0.059,0.0652,0.953182,0.839789,1
AT3G10690.1,0,0,0,0,0,0,-0.011,-0.0122,0.97348,1,0.974998
AT5G53460.1,0,0,0,0,0,0,-0.039,-0.0438,0.978746,0.98705,1
AT5G49910.1,0,0,0,0,0,0,0.011,0.0123,1,1,0.982685
AT3G52750.1,0,0,0,0,0,0,-0.014,-0.0159,0.96637,0.998702,0.975461
AT4G01690.1,0,0,0,0,0,0,0.047,0.0573,1,0.880258,1
AT5G13650.1,0,0,0,0,0,0,0.085,0.0934,0.861081,0.740445,0.994404
AT1G12410.1,0,0,0,0,0,0,0.017,0.0176,1,0.999603,0.985394
AT1G62750.1,0,0,0,0,0,0,-0.049,-0.0573,1,0.989772,0.991974
AT1G22410.1,0,0,0,0,0,0,-0.058,-0.0684,1,0.994283,0.925631
AT2G46910.1,0,0,0,0,0,0,0.029,0.0328,1,0.981703,0.992207
AT1G03630.1,0,0,0,0,0,0,0.024,0.0263,1,0.991627,0.989419
AT2G31810.1,0,0,0,0,0,0,0.013,0.0146,1,1,0.983875
AT1G35680.1,0,0,0,0,0,0,-0.043,-0.0491,1,0.987342,1
AT3G13470.1,0,0,0,0,0,0,0.119,0.1309,0.47843,0.216625,0.99336
AT4G18480.1,0,0,0,0,0,0,0.022,0.0265,1,0.99139,0.989504
AT1G18500.1,0,0,0,0,0,0,0.065,0.0687,0.918748,0.824475,1
AT1G16720.1,0,0,0,0,0,0,0.003,0.0036,1,1,0.978502
AT1G32900.1,0,0,0,0,0,0,-0.009,-0.0102,0.97717,1,0.975011
AT2G04842.1,0,0,0,0,0,0,-0.021,-0.0234,0.951664,0.994923,0.978995
AT4G29060.1,0,0,0,0,0,0,-0.031,-0.0339,0.944676,0.989599,0.991461
AT1G10760.1,0,0,0,0,0,0,0.005,0.0059,1,1,0.979521
AT4G33510.1,0,0,0,0,0,0,-0.003,-0.0029,0.990682,1,0.976228
AT5G22800.1,0,0,0,0,0,0,-0.036,-0.0417,0.967292,0.987265,1
AT2G36250.1,0,0,0,0,0,0,0.024,0.0286,1,0.988629,0.990411
AT1G80480.1,0,0,0,0,0,0,0.001,0.001,0.998553,1,0.977474
AT2G37690.1,0,0,0,0,0,0,0.018,0.0198,1,0.99797,0.986476
AT1G09130.1,0,0,0,0,0,0,-0.019,-0.0216,0.955015,0.995859,0.977782
AT5G14060.1,0,0,0,0,0,0,-0.029,-0.0308,0.943405,0.991028,0.986943
AT5G63570.1,0,0,0,0,0,0,0.064,0.0748,0.86746,0.802534,0.99887
AT4G01800.1,0,0,0,0,0,0,0.078,0.0908,0.843609,0.754657,0.994776
AT5G08650.1,0,0,0,0,0,0,-0.021,-0.0233,0.951843,0.994975,0.978921
AT4G13430.1,0,0,0,0,0,0,-0.025,-0.0279,0.945161,0.99251,0.983294
AT4G24280.1,0,0,0,0,0,0,0.034,0.0375,1,0.970641,0.994315
AT1G56050.1,0,0,0,0,0,0,0.014,0.0159,1,1,0.984529
AT3G25920.1,0,0,0,0,0,0,0.002,0.0024,1,1,0.978019
AT5G35790.1,0,0,0,0,0,0,-0.082,-0.0938,0.936446,0.997234,0.674679
ATCG00770.1,0,0,0,0,0,0,-0.035,-0.0397,0.958537,0.987649,1
AT5G35970.1,0,0,0,0,0,0,0.02,0.022,1,0.996134,0.987493
AT2G30950.1,0,0,0,0,0,0,0.029,0.032,1,0.983183,0.991865
AT4G39960.1,0,0,0,0,0,0,0.003,0.0038,1,1,0.978585
AT2G28000.1,0,0,0,0,0,0,-0.002,-0.0024,0.991659,1,0.976366
AT5G46290.1,0,0,0,0,0,0,0.036,0.0406,1,0.961016,0.995744
AT4G14210.1,0,0,0,0,0,0,-0.033,-0.0386,0.95462,0.987923,0.998864
AT2G04030.1,0,0,0,0,0,0,-0.064,-0.0702,1,0.994906,0.910661
AT4G19710.2,0,0,0,0,0,0,0.022,0.0245,1,0.993675,0.988624
AT5G52520.1,0,0,0,0,0,0,0,5e-4,0.997514,1,0.977297
AT5G28500.1,0,0,0,0,0,0,-0.032,-0.0364,0.948644,0.988619,0.995393
AT1G33780.1,0,0,0,0,0,0,0.066,0.0717,0.891685,0.812796,0.999752
AT1G73110.1,0,0,0,0,0,0,-0.067,-0.0753,1,0.996286,0.865151
AT3G24430.1,0,0,0,0,0,0,-0.033,-0.0373,0.950795,0.98832,0.996793
AT4G04640.1,0,0,0,0,0,0,-0.014,-0.0164,0.965379,0.99847,0.975577
AT1G58290.1,0,0,0,0,0,0,-0.007,-0.0077,0.981714,1,0.975238
AT4G17090.1,0,0,0,0,0,0,0.025,0.0278,1,0.98977,0.990054
AT5G63420.1,0,0,0,0,0,0,0.003,0.0037,1,1,0.978543
ATCG00800.1,0,0,0,0,0,0,-0.016,-0.0176,0.962981,0.997904,0.975915
AT3G45140.1,0,0,0,0,0,0,-0.028,-0.0322,0.943524,0.990369,0.988885
AT5G11880.1,0,0,0,0,0,0,-0.06,-0.0667,1,0.993641,0.938922
AT5G15450.1,0,0,0,0,0,0,-0.035,-0.0381,0.953047,0.988077,0.998027
AT2G35500.1,0,0,0,0,0,0,0.021,0.0234,1,0.994783,0.988142
AT2G38040.1,0,0,0,0,0,0,-0,-5e-4,0.99546,1,0.976959
AT5G40950.1,0,0,0,0,0,0,-0.05,-0.0569,1,0.989619,0.993375
AT4G16155.1,0,0,0,0,0,0,-0.023,-0.0265,0.946791,0.993265,0.98175
AT2G22360.1,0,0,0,0,0,0,0.1,0.1092,1,0.542614,0.993865
AT2G21330.1,0,0,0,0,0,0,0.058,0.0612,0.993274,0.859477,1
AT3G01180.1,0,0,0,0,0,0,-0.018,-0.0219,0.954439,0.995704,0.977967
ATCG00780.1,0,0,0,0,0,0,0.001,0.0016,0.999808,1,0.977695
AT5G65220.1,0,0,0,0,0,0,-0.006,-0.0071,0.982807,1,0.975323
AT5G19940.1,0,0,0,0,0,0,0.055,0.0571,1,0.881603,1
AT5G14260.1,0,0,0,0,0,0,-0.016,-0.0189,0.960366,0.997247,0.976402
AT5G55220.1,0,0,0,0,0,0,-0.052,-0.0589,1,0.990427,0.985467
AT3G48110.1,0,0,0,0,0,0,-0.008,-0.0086,0.98008,1,0.975133
AT1G78630.1,0,0,0,0,0,0,-0.046,-0.0523,1,0.988056,1
AT3G19170.1,0,0,0,0,0,0,0.028,0.033,1,0.981318,0.992292
AT1G01090.1,0,0,0,0,0,0,-0.045,-0.0513,1,0.987799,1
AT5G47190.1,0,0,0,0,0,0,-0.038,-0.044,0.979955,0.987039,1
AT4G34620.1,0,0,0,0,0,0,0.073,0.083,0.829949,0.780735,0.996488
AT4G20360.1,0,0,0,0,0,0,0.006,0.0069,1,1,0.979981
AT1G74970.1,0,0,0,0,0,0,0.026,0.0273,1,0.990411,0.989843
AT1G17220.1,0,0,0,0,0,0,0.017,0.0183,1,0.999121,0.985735
AT4G38970.1,0,0,0,0,0,0,0.013,0.014,1,1,0.983572
AT1G32990.1,0,0,0,0,0,0,0.018,0.0207,1,0.997249,0.986897
AT3G63490.1,0,0,0,0,0,0,-0.016,-0.0179,0.962378,0.997759,0.976013
AT5G04590.1,0,0,0,0,0,0,-0.019,-0.0219,0.954439,0.995704,0.977967
AT3G60750.1,0,0,0,0,0,0,-0.005,-0.0053,0.986121,1,0.97565
AT3G29320.1,0,0,0,0,0,0,0.031,0.0341,1,0.978987,0.992789
AT1G64190.1,0,0,0,0,0,0,-0.057,-0.0656,1,0.993216,0.94679
AT4G33470.1,0,0,0,0,0,0,0.002,0.0019,1,1,0.977807
AT1G06950.1,0,0,0,0,0,0,-0.053,-0.0601,1,0.990918,0.98
AT3G01500.1,0,0,0,0,0,0,-0.036,-0.0411,0.964444,0.987369,1
AT3G22960.1,0,0,0,0,0,0,-0.008,-0.0092,0.97899,1,0.975078
AT1G20020.1,0,0,0,0,0,0,0.024,0.0276,1,0.990029,0.989969
AT5G30510.1,0,0,0,0,0,0,0.01,0.011,1,1,0.982029
AT1G55490.1,0,0,0,0,0,0,-0.008,-0.0093,0.978809,1,0.97507
AT5G66190.1,0,0,0,0,0,0,-0.028,-0.0307,0.943423,0.991077,0.986809
AT5G50920.1,1,1,1,1,1,1,-0.112,-0.1307,0.408716,0.99337,0.264801
AT4G17560.1,0,0,0,0,0,0,0.032,0.0365,1,0.973411,0.993845
AT4G24830.1,0,0,0,0,0,0,-0.025,-0.0294,0.943947,0.991744,0.985068
AT2G43030.1,0,0,0,0,0,0,-0.039,-0.0448,0.984989,0.987012,1
AT4G01310.1,0,0,0,0,0,0,0.056,0.065,0.955198,0.84071,1
AT1G31230.1,0,0,0,0,0,0,0.003,0.0037,1,1,0.978543
AT1G69830.1,0,0,0,0,0,0,0.01,0.0114,1,1,0.98223
AT5G24490.1,0,0,0,0,0,0,0.057,0.062,0.985388,0.855429,1
AT2G33800.1,0,0,0,0,0,0,-0.014,-0.0145,0.969108,0.999355,0.975201
AT3G58140.1,0,0,0,0,0,0,0.018,0.0197,1,0.998048,0.986428
AT5G13510.1,0,0,0,0,0,0,0.002,0.0022,1,1,0.977922
AT3G12780.1,0,0,0,0,0,0,-0.021,-0.0241,0.950444,0.994529,0.979576
AT3G11630.1,0,0,0,0,0,0,-0.014,-0.0156,0.966961,0.998839,0.975398
AT5G64050.1,0,0,0,0,0,0,-0.046,-0.0506,1,0.987638,1
AT1G56190.1,0,0,0,0,0,0,-0,-4e-4,0.995663,1,0.976991
ATCG00120.1,0,0,0,0,0,0,0.034,0.0377,1,0.97009,0.994405
AT3G52150.1,0,0,0,0,0,0,0.043,0.049,1,0.924923,0.999354
AT3G25860.1,0,0,0,0,0,0,0.068,0.0783,0.84609,0.792616,0.997826
AT1G05190.1,0,0,0,0,0,0,0.028,0.0329,1,0.981511,0.992249
AT2G47730.1,0,0,0,0,0,0,0.007,0.0081,1,1,0.980573
AT5G51820.1,0,0,0,0,0,0,-0.038,-0.0429,0.973558,0.987119,1
AT2G39730.1,0,0,0,0,0,0,-0.009,-0.0097,0.978081,1,0.975038
AT3G44890.1,0,0,0,0,0,0,-0.009,-0.0096,0.978263,1,0.975044
AT5G48300.1,0,0,0,0,0,0,0.024,0.0273,1,0.990411,0.989843
AT5G58330.1,0,0,0,0,0,0,0.048,0.0576,1,0.878646,1
AT3G18890.1,0,0,0,0,0,0,-0.031,-0.0327,0.943743,0.99012,0.989679
AT1G52670.1,0,0,0,0,0,0,0.002,0.002,1,1,0.977845
AT3G04870.1,0,0,0,0,0,0,-0.033,-0.0372,0.950536,0.988352,0.996638
AT3G46780.1,0,0,0,0,0,0,0.048,0.0546,1,0.895109,1
AT1G16880.1,0,0,0,0,0,0,-0.002,-0.0024,0.991659,1,0.976366
AT5G38430.1,0,0,0,0,0,0,-0.024,-0.0266,0.946661,0.993213,0.981851
AT3G14420.1,0,0,0,0,0,0,0.048,0.0531,1,0.90344,1
AT5G14320.1,0,0,0,0,0,0,0.071,0.083,0.829949,0.780735,0.996488
AT3G57610.1,0,0,0,0,0,0,0.013,0.0141,1,1,0.983623
AT5G23120.1,0,0,0,0,0,0,0.037,0.043,1,0.952112,0.996851
AT1G03475.1,0,0,0,0,0,0,-0.032,-0.0361,0.948014,0.988725,0.994926
AT1G42970.1,0,0,0,0,0,0,0.001,8e-4,0.998137,1,0.977403
AT1G79850.1,0,0,0,0,0,0,0.043,0.049,1,0.924923,0.999354
AT5G13030.1,0,0,0,0,0,0,0.017,0.0194,1,0.998316,0.986263
AT1G32500.1,0,0,0,0,0,0,0.035,0.0393,1,0.965389,0.99513
ATCG01120.1,0,0,0,0,0,0,0.003,0.0031,1,1,0.978297
AT3G15190.1,0,0,0,0,0,0,-0,-1e-4,0.996277,1,0.977091
ATCG00490.1,0,0,0,0,0,0,0.009,0.0097,1,1,0.981355
AT1G32060.1,0,0,0,0,0,0,-0.134,-0.1435,0.232813,0.991672,0.204686
AT5G54600.1,0,0,0,0,0,0,-0.005,-0.0052,0.986307,1,0.97567
AT1G29900.1,0,0,0,0,0,0,0.01,0.0117,1,1,0.982381
AT5G49030.1,0,0,0,0,0,0,-0.038,-0.0431,0.974675,0.987101,1
AT5G35360.1,0,0,0,0,0,0,0.053,0.0589,1,0.871712,1
AT5G42650.1,0,0,0,0,0,0,-0.101,-0.1139,0.726373,0.995445,0.432311
ATCG01110.1,0,0,0,0,0,0,-0.002,-0.002,0.992447,1,0.97648
AT1G32220.1,0,0,0,0,0,0,0.022,0.0246,1,0.993571,0.988667
AT4G05180.1,0,0,0,0,0,0,-0.043,-0.0478,1,0.987164,1
AT4G34200.1,0,0,0,0,0,0,0.01,0.0113,1,1,0.98218
AT2G41680.1,0,0,0,0,0,0,-0.011,-0.0122,0.97348,1,0.974998
AT1G48350.1,0,0,0,0,0,0,0.014,0.0164,1,1,0.984778
AT3G04790.1,0,0,0,0,0,0,-0.019,-0.0212,0.955791,0.996065,0.977547
AT1G09340.1,0,0,0,0,0,0,0.026,0.0301,1,0.986433,0.991041
AT4G20850.1,0,0,0,0,0,0,0.052,0.057,1,0.882142,1
ATCG00480.1,0,0,0,0,0,0,-0.024,-0.0268,0.946406,0.993082,0.982107
AT5G35630.1,0,0,0,0,0,0,0.029,0.0328,1,0.981703,0.992207
AT5G14740.2,0,0,0,0,0,0,-0.041,-0.0476,1,0.987142,1
AT1G65260.1,0,0,0,0,0,0,-0.008,-0.0089,0.979535,1,0.975104
AT2G21860.1,0,0,0,0,0,0,-0.021,-0.0247,0.949447,0.994213,0.980075
ATCG00500.1,0,0,0,0,0,0,-0.039,-0.0441,0.980567,0.987032,1
AT3G26650.1,0,0,0,0,0,0,0.022,0.0256,1,0.992431,0.98912
AT1G67090.1,0,0,0,0,0,0,-0.085,-0.0997,0.887107,0.996806,0.606884
AT5G42080.1,0,0,0,0,0,0,-0.08,-0.0881,0.988117,0.997451,0.736345
AT2G35490.1,0,0,0,0,0,0,-0.01,-0.0117,0.974411,1,0.974986
AT1G06680.1,0,0,0,0,0,0,-0.018,-0.0201,0.957961,0.996649,0.97693700000000006
AT4G29670.1,0,0,0,0,0,0,-0.015,-0.0167,0.964782,0.99833,0.975653
AT1G04620.1,0,0,0,0,0,0,0.035,0.0394,1,0.965078,0.995175
AT1G63940.1,0,0,0,0,0,0,0.06,0.0663,0.942152,0.83461,1
AT4G02520.1,0,0,0,0,0,0,0.022,0.0249,1,0.993253,0.988797
AT3G27925.1,0,0,0,0,0,0,0.075,0.0829,0.83012,0.780986,0.996514
AT2G27680.1,0,0,0,0,0,0,0.043,0.0483,1,0.9286,0.999079
AT5G04140.1,0,0,0,0,0,0,-0.007,-0.0084,0.980443,1,0.975154
AT5G24300.1,0,0,0,0,0,0,0.005,0.0061,1,1,0.979612
AT5G19220.1,0,0,0,0,0,0,0.033,0.0375,1,0.970641,0.994315
AT1G12900.1,0,0,0,0,0,0,0.047,0.0522,1,0.908225,1
AT1G36390.1,0,0,0,0,0,0,-0.008,-0.0092,0.97899,1,0.975078
AT5G26570.1,0,0,0,0,0,0,0.029,0.0344,1,0.978344,0.992919
AT1G51100.1,0,0,0,0,0,0,-0.001,-8e-4,0.99485,1,0.976846
AT3G54050.1,0,0,0,0,0,0,0.04,0.0452,1,0.943077,0.997813
AT3G54210.1,0,0,0,0,0,0,0.007,0.0078,1,1,0.980405
AT3G58610.1,0,0,0,0,0,0,0.018,0.0206,1,0.997331,0.98685
AT5G27380.1,0,0,0,0,0,0,-0.032,-0.0341,0.94489,0.989516,0.991764
AT3G02730.1,0,0,0,0,0,0,-0.04,-0.0445,0.983065,0.987018,1
AT4G21280.1,0,0,0,0,0,0,-0.004,-0.0041,0.988376,1,0.975913
AT2G43750.1,0,0,0,0,0,0,0.038,0.0416,1,0.957533,0.996198
AT2G20890.1,0,0,0,0,0,0,-0.058,-0.0649,1,0.992939,0.951586
AT5G13280.1,0,0,0,0,0,0,0.019,0.022,1,0.996134,0.987493
AT1G48860.1,0,0,0,0,0,0,0.028,0.0316,1,0.98389,0.991695
AT2G35040.1,0,0,0,0,0,0,-0.026,-0.0304,0.943496,0.991223,0.986411
AT1G34430.1,0,0,0,0,0,0,-0.012,-0.014,0.970072,0.999575,0.975136
AT5G03940.1,0,0,0,0,0,0,-0.025,-0.0298,0.943729,0.991519,0.985634
AT4G15110.1,0,0,0,0,0,0,-0.001,-7e-4,0.995053,1,0.976878
AT5G16400.1,0,0,0,0,0,0,-0.009,-0.0107,0.976255,1,0.974993
AT1G22940.1,0,0,0,0,0,0,-0.071,-0.0822,1,0.997282,0.7972
AT1G79530.1,0,0,0,0,0,0,0.003,0.0031,1,1,0.978297
AT5G17990.1,0,0,0,0,0,0,0.019,0.0211,1,0.996915,0.987082
AT1G66670.1,0,0,0,0,0,0,-0.002,-0.0023,0.991855,1,0.976394
AT1G69740.1,0,0,0,0,0,0,-0.07,-0.0817,1,0.997243,0.802158
AT3G49680.1,0,0,0,0,0,0,0.068,0.0756,0.861965,0.800164,0.998636
ATCG00380.1,0,0,0,0,0,0,0.051,0.0564,1,0.885379,1
AT3G04550.1,0,0,0,0,0,0,0.01,0.0118,1,1,0.982432
AT1G74040.1,0,0,0,0,0,0,-0.022,-0.0247,0.949447,0.994213,0.980075
AT3G62530.1,0,0,0,0,0,0,-0.023,-0.0269,0.946282,0.99303,0.982211
AT1G62640.1,0,0,0,0,0,0,0.036,0.0412,1,0.958951,0.996017
AT4G09650.1,0,0,0,0,0,0,-0.02,-0.0235,0.951486,0.99487,0.97907
AT3G15000.1,0,0,0,0,0,0,0.005,0.0056,1,1,0.979386
ATCG00470.1,0,0,0,0,0,0,0,1e-4,0.996688,1,0.977159
AT3G13490.1,0,0,0,0,0,0,-0.022,-0.0258,0.947758,0.993633,0.981067
AT2G20270.1,0,0,0,0,0,0,0.018,0.0196,1,0.998125,0.986381
AT3G56940.1,0,0,0,0,0,0,-0.032,-0.0352,0.946382,0.989077,0.99345
AT5G66570.1,0,0,0,0,0,0,0.032,0.037,1,0.971987,0.994091
AT4G32520.1,0,0,0,0,0,0,0.012,0.0153,1,1,0.984228
AT5G17710.1,0,0,0,0,0,0,-0.016,-0.0176,0.962981,0.997904,0.975915
AT3G47520.1,0,0,0,0,0,0,-0.056,-0.0657,1,0.993256,0.946091
AT2G38270.1,0,0,0,0,0,0,-0.008,-0.0092,0.97899,1,0.975078
AT3G52180.1,0,0,0,0,0,0,0.071,0.0809,0.835187,0.785939,0.997061
AT4G31530.1,0,0,0,0,0,0,0.018,0.0218,1,0.996312,0.987402
AT1G24360.1,0,0,0,0,0,0,0.034,0.0379,1,0.96953,0.994495
ATCG00160.1,0,0,0,0,0,0,0.006,0.0067,1,1,0.979888
AT4G03280.1,0,0,0,0,0,0,0.048,0.0541,1,0.898075,1
AT2G19940.1,0,0,0,0,0,0,-0.025,-0.028,0.945062,0.992458,0.983407
AT5G61410.1,0,0,0,0,0,0,0.009,0.0104,1,1,0.981703
AT3G48730.1,0,0,0,0,0,0,0.018,0.0208,1,0.997166,0.986943
AT1G14810.1,0,0,0,0,0,0,-0.012,-0.0129,0.972166,1,0.975035
AT1G52510.1,0,0,0,0,0,0,-0.062,-0.0734,1,0.995842,0.882492
ATCG00420.1,0,0,0,0,0,0,-0.031,-0.0364,0.948644,0.988619,0.995393
AT1G48520.1,0,0,0,0,0,0,-0.024,-0.0272,0.945922,0.992873,0.982527
AT1G50200.1,0,0,0,0,0,0,-0.039,-0.0426,0.971921,0.98715,1
AT2G42130.3,0,0,0,0,0,0,-0.025,-0.028,0.945062,0.992458,0.983407
AT3G63140.1,0,0,0,0,0,0,0.056,0.0611,0.994251,0.859987,1
AT4G31990.1,0,0,0,0,0,0,-0.056,-0.0649,1,0.992939,0.951586
AT4G09010.1,0,0,0,0,0,0,0.026,0.029,1,0.988067,0.990579
AT2G28190.1,0,0,0,0,0,0,0.037,0.0416,1,0.957533,0.996198
AT5G65620.1,0,0,0,0,0,0,0.057,0.0634,0.971359,0.84828,1
AT4G26900.1,0,0,0,0,0,0,0.004,0.005,1,1,0.979098
AT4G29840.1,0,0,0,0,0,0,0.007,0.0078,1,1,0.980405
