"Protein","UVR_1","UVR_2","UVR_3","ClpS_1","ClpS_2","ClpS_3","LogFoldChange","Zstatistic","fdr","FDRup","FDRdown"
"ATCG00420.1",0,0,0,0,0,0,0.143,0.1559,0.24265,0.183214,0.990416
"sum42",0,0,0,0,0,0,0.069,0.0828,0.756678,0.855361,0.993631
"AT5G64050.1",0,0,0,0,0,0,0.072,0.0825,0.756749,0.853613,0.993746
"AT1G31180.1",0,0,0,0,0,0,0.075,0.0822,0.75693,0.851905,0.993863
"AT2G22230.1",0,0,0,0,0,0,0.073,0.0817,0.757464,0.848883,0.99408
"AT1G32550.1",0,0,0,0,0,0,0.076,0.0843,0.75805,0.865338,0.993046
"AT5G57870.1",0,0,0,0,0,0,0.071,0.0811,0.758472,0.845497,0.994344
"AT2G37500.1",0,0,0,0,0,0,0.076,0.0846,0.758689,0.867657,0.992925
"AT5G50250.1",0,0,0,0,0,0,0.071,0.0805,0.759856,0.842554,0.994593
"sum1",0,0,0,0,0,0,0.068,0.0802,0.760681,0.840919,0.99474
"AT5G04140.1",0,0,0,0,0,0,0.072,0.0799,0.761591,0.839566,0.994868
"AT3G26740.1",0,0,0,0,0,0,0.071,0.0799,0.761591,0.839566,0.994868
"AT5G28500.1",0,0,0,0,0,0,0.069,0.0799,0.761591,0.839566,0.994868
"AT2G25605.1",0,0,0,0,0,0,0.078,0.0857,0.762139,0.875568,0.992545
"AT4G34740.1",0,0,0,0,0,0,0.07,0.0797,0.762242,0.838689,0.994954
"AT2G15620.1",0,0,0,0,0,0,0.076,0.0862,0.764301,0.879492,0.992373
"AT5G13120.1",0,0,0,0,0,0,0.076,0.0862,0.764301,0.879492,0.992373
"AT4G33500.1",0,0,0,0,0,0,0.069,0.0791,0.764402,0.835976,0.995236
"ATCG00190.1",0,0,0,0,0,0,0.074,0.0865,0.765781,0.881664,0.992282
"AT5G08610.1",0,0,0,0,0,0,0.074,0.0784,0.767282,0.833107,0.995567
"AT4G21860.1",0,0,0,0,0,0,0.073,0.0777,0.770509,0.830516,0.995905
"AT1G73230.1",0,0,0,0,0,0,0.069,0.0777,0.770509,0.830516,0.995905
"AT5G05730.1",0,0,0,0,0,0,0.067,0.0771,0.773518,0.828491,0.996201
"ATCG00280.1",0,0,0,0,0,0,0.078,0.0878,0.773822,0.89203,0.991887
"AT1G75460.1",0,0,0,0,0,0,0.08,0.0879,0.774551,0.89278,0.99186
"AT1G76080.1",0,0,0,0,0,0,0.081,0.088,0.775296,0.893532,0.991834
"AT4G00490.1",0,0,0,0,0,0,0.067,0.0767,0.775636,0.827345,0.996385
"AT5G10160.1",0,0,0,0,0,0,0.067,0.0766,0.776178,0.82707,0.996431
"AT1G48470.1",0,0,0,0,0,0,0.067,0.0765,0.776725,0.8268,0.996477
"AT5G09660.1",0,0,0,0,0,0,0.066,0.0762,0.778395,0.825892,0.99664
"AT2G43560.1",0,0,0,0,0,0,0.069,0.0757,0.781264,0.824691,0.996874
"AT5G20980.1",0,0,0,0,0,0,0.08,0.089,0.783633,0.901452,0.991573
"AT2G24090.1",0,0,0,0,0,0,0.067,0.075,0.78544,0.8231,0.997227
"AT4G28440.1",0,0,0,0,0,0,-0.086,-0.1006,0.78808,0.989149,1
"AT4G14890.1",0,0,0,0,0,0,-0.083,-0.0993,0.788429,0.989366,1
"ATCG00160.1",0,0,0,0,0,0,0.065,0.0745,0.788518,0.822089,0.997487
"AT5G14320.1",0,0,0,0,0,0,-0.084,-0.0981,0.791107,0.98958,1
"AT1G02475.1",0,0,0,0,0,0,-0.087,-0.0975,0.793223,0.989682,1
"AT5G13030.1",0,0,0,0,0,0,-0.083,-0.0965,0.797804,0.989874,1
"AT3G44620.1",0,0,0,0,0,0,0.062,0.0726,0.800728,0.819447,0.998445
"AT5G35790.1",0,0,0,0,0,0,-0.086,-0.0959,0.801137,0.98998,0.992145
"AT5G58250.1",0,0,0,0,0,0,-0.083,-0.0957,0.802338,0.990025,0.988812
"AT3G48110.1",0,0,0,0,0,0,0.066,0.0716,0.807352,0.818634,0.998977
"AT4G01310.1",0,0,0,0,0,0,0.063,0.0715,0.808018,0.818581,0.999025
"ATCG00480.1",0,0,0,0,0,0,0.064,0.0714,0.808685,0.818531,0.999074
"sum49",0,0,0,0,0,0,-0.081,-0.0944,0.811147,0.990268,0.97259
"AT5G04260.1",0,0,0,0,0,0,0.06,0.0706,0.814035,0.818242,0.999486
"AT5G65840.1",0,0,0,0,0,0,-0.094,-0.1054,0.81411,0.988519,1
"AT3G17390.1",0,0,0,0,0,0,-0.086,-0.094,0.814172,0.990349,0.967812
"AT5G48220.1",0,0,0,0,0,0,0.06,0.0699,0.818729,0.818174,0.99985
"AT1G08550.1",0,0,0,0,0,0,0.06,0.0698,0.8194,0.818178,0.999899
"AT4G09040.1",0,0,0,0,0,0,-0.077,-0.0928,0.823988,0.990575,0.956053
"AT1G32070.1",0,0,0,0,0,0,-0.093,-0.1063,0.824542,0.988434,1
"AT3G62030.1",0,0,0,0,0,0,0.06,0.0689,0.825438,0.818355,1
"AT2G47450.1",0,0,0,0,0,0,0.061,0.0688,0.826108,0.818389,1
"AT4G33680.1",0,0,0,0,0,0,0.058,0.0686,0.82745,0.818463,1
"AT5G03290.1",0,0,0,0,0,0,0.061,0.0682,0.830133,0.818669,1
"AT3G27740.1",0,0,0,0,0,0,-0.076,-0.0921,0.830139,0.990709,0.94999
"AT1G13930.1",0,0,0,0,0,0,-0.079,-0.0916,0.834682,0.990807,0.945982
"AT5G01530.1",0,0,0,0,0,0,-0.08,-0.0916,0.834682,0.990807,0.945982
"AT1G15060.1",0,0,0,0,0,0,0.06,0.0673,0.83617,0.819272,1
"AT2G21330.1",0,0,0,0,0,0,-0.095,-0.1074,0.840035,0.988346,1
"AT3G49140.1",0,0,0,0,0,0,-0.082,-0.091,0.840264,0.990913,0.942008
"AT3G44310.1",0,0,0,0,0,0,0.061,0.0664,0.842219,0.82009,1
"AT2G22250.1",0,0,0,0,0,0,0.057,0.0663,0.842892,0.820188,1
"AT5G40950.1",0,0,0,0,0,0,-0.081,-0.0903,0.846906,0.991043,0.937588
"AT1G06680.1",0,0,0,0,0,0,0.057,0.0656,0.847619,0.820991,1
"AT4G20260.1",0,0,0,0,0,0,0.059,0.0654,0.848974,0.821226,1
"AT5G59750.1",0,0,0,0,0,0,0.057,0.0653,0.849653,0.821407,1
"AT2G01755.1",0,0,0,0,0,0,0.06,0.0653,0.849653,0.821407,1
"AT4G26530.1",0,0,0,0,0,0,0.056,0.065,0.851692,0.821783,1
"AT4G25130.1",0,0,0,0,0,0,0.06,0.0649,0.852374,0.821913,1
"AT5G35170.1",0,0,0,0,0,0,0.056,0.0643,0.856481,0.822803,1
"AT1G53120.1",0,0,0,0,0,0,0.055,0.0641,0.857859,0.823093,1
"AT5G42390.1",0,0,0,0,0,0,0.056,0.0641,0.857859,0.823093,1
"AT1G01090.1",0,0,0,0,0,0,-0.079,-0.0888,0.861328,0.991312,0.930008
"AT1G66200.1",0,0,0,0,0,0,0.055,0.0629,0.866223,0.825163,1
"AT5G22800.1",0,0,0,0,0,0,0.053,0.0628,0.866929,0.825335,1
"AT3G46780.1",0,0,0,0,0,0,0.054,0.0627,0.867636,0.825508,1
"AT3G55250.1",0,0,0,0,0,0,-0.077,-0.0879,0.869908,0.991466,0.926565
"sum14",0,0,0,0,0,0,0.057,0.0623,0.870483,0.826221,1
"AT4G04640.1",0,0,0,0,0,0,0.053,0.0618,0.874078,0.827247,1
"AT3G26900.1",0,0,0,0,0,0,0.056,0.0616,0.875529,0.827632,1
"AT4G20360.1",0,0,0,0,0,0,0.054,0.0613,0.877719,0.828324,1
"AT1G50170.1",0,0,0,0,0,0,0.051,0.061,0.879927,0.828933,1
"AT5G14590.1",0,0,0,0,0,0,-0.074,-0.0866,0.881905,0.991684,0.922723
"AT1G76450.1",0,0,0,0,0,0,0.055,0.0603,0.885148,0.830521,1
"AT4G09000.1",0,0,0,0,0,0,0.054,0.0602,0.885902,0.83074,1
"AT2G41680.1",0,0,0,0,0,0,0.053,0.0598,0.88894,0.831631,1
"AT5G45030.1",0,0,0,0,0,0,0.051,0.0598,0.88894,0.831631,1
"sum3",0,0,0,0,0,0,0.051,0.0597,0.889704,0.831972,1
"AT1G17745.1",0,0,0,0,0,0,0.054,0.0593,0.892784,0.832898,1
"AT2G43030.1",0,0,0,0,0,0,0.052,0.0592,0.89356,0.833134,1
"AT5G13850.1",0,0,0,0,0,0,0.056,0.0589,0.895898,0.833971,1
"AT4G29840.1",0,0,0,0,0,0,-0.074,-0.0848,0.897181,0.99196,0.919472
"AT5G13650.1",0,0,0,0,0,0,-0.072,-0.0846,0.898754,0.991995,0.919185
"AT2G13440.1",0,0,0,0,0,0,0.053,0.0584,0.899838,0.835199,1
"AT1G63940.1",0,0,0,0,0,0,-0.072,-0.0844,0.900298,0.992023,0.918978
"AT5G60600.1",0,0,0,0,0,0,0.05,0.0581,0.902227,0.836082,1
"AT2G19940.1",0,0,0,0,0,0,0.049,0.0578,0.904635,0.836854,1
"AT3G58990.1",0,0,0,0,0,0,-0.073,-0.0838,0.904756,0.992111,0.918424
"AT5G10450.1",0,0,0,0,0,0,0.052,0.0575,0.90706,0.837639,1
"AT2G04030.1",0,0,0,0,0,0,0.051,0.0575,0.90706,0.837639,1
"AT3G05020.1",0,0,0,0,0,0,0.085,0.0974,0.90774,0.954355,0.990354
"AT1G24360.1",0,0,0,0,0,0,-0.072,-0.0833,0.908256,0.992178,0.918116
"AT5G62840.1",0,0,0,0,0,0,0.054,0.0573,0.908686,0.838304,1
"AT1G79870.1",0,0,0,0,0,0,-0.071,-0.0829,0.910911,0.992236,0.917917
"AT5G18570.1",0,0,0,0,0,0,0.051,0.057,0.91114,0.839114,1
"AT4G29590.1",0,0,0,0,0,0,0.051,0.057,0.91114,0.839114,1
"AT3G26060.1",0,0,0,0,0,0,0.052,0.0569,0.911961,0.839387,1
"AT3G23400.1",0,0,0,0,0,0,0.05,0.0566,0.914436,0.840214,1
"AT4G02520.1",0,0,0,0,0,0,0.052,0.0564,0.916094,0.840915,1
"AT4G38460.1",0,0,0,0,0,0,0.048,0.0563,0.916926,0.841197,1
"AT5G36890.1",0,0,0,0,0,0,0.049,0.056,0.91943,0.842053,1
"AT3G47340.1",0,0,0,0,0,0,0.051,0.0558,0.921106,0.84263,1
"AT5G48300.1",0,0,0,0,0,0,-0.055,-0.0604,0.921883,0.996449,0.924442
"AT3G26450.1",0,0,0,0,0,0,-0.053,-0.0605,0.921884,0.996419,0.924453
"AT2G33800.1",0,0,0,0,0,0,-0.054,-0.0602,0.92189,0.99651,0.924421
"AT1G15820.1",0,0,0,0,0,0,-0.051,-0.0602,0.92189,0.99651,0.924421
"AT4G38740.1",0,0,0,0,0,0,-0.054,-0.0607,0.921892,0.996345,0.924479
"AT2G41840.1",0,0,0,0,0,0,-0.053,-0.0607,0.921892,0.996345,0.924479
"AT3G47390.1",0,0,0,0,0,0,-0.053,-0.0608,0.9219,0.996315,0.92449
"AT1G67280.1",0,0,0,0,0,0,-0.053,-0.06,0.921906,0.996571,0.924401
"AT4G01883.1",0,0,0,0,0,0,-0.055,-0.06,0.921906,0.996571,0.924401
"AT4G34870.1",0,0,0,0,0,0,-0.052,-0.0599,0.921918,0.996601,0.924391
"AT4G24620.1",0,0,0,0,0,0,-0.054,-0.0596,0.921969,0.996709,0.924356
"AT1G70730.1",0,0,0,0,0,0,-0.053,-0.0596,0.921969,0.996709,0.924356
"AT4G05090.1",0,0,0,0,0,0,-0.051,-0.0595,0.921991,0.99674,0.924346
"AT2G20890.1",0,0,0,0,0,0,-0.053,-0.0595,0.921991,0.99674,0.924346
"sum30",0,0,0,0,0,0,-0.053,-0.0615,0.922028,0.996097,0.92457
"AT1G69200.1",0,0,0,0,0,0,-0.052,-0.0593,0.922041,0.996803,0.924327
"AT1G48860.1",0,0,0,0,0,0,-0.049,-0.0588,0.92221,0.996977,0.924279
"AT3G05625.1",0,0,0,0,0,0,-0.052,-0.0588,0.92221,0.996977,0.924279
"AT2G43945.1",0,0,0,0,0,0,-0.058,-0.0625,0.922425,0.995803,0.924675
"AT4G30690.1",0,0,0,0,0,0,-0.052,-0.0581,0.922541,0.997219,0.924222
"AT1G29700.1",0,0,0,0,0,0,-0.055,-0.0631,0.922784,0.995628,0.924732
"AT3G52880.1",0,0,0,0,0,0,0.049,0.0556,0.922788,0.843361,1
"AT1G76100.1",0,0,0,0,0,0,0.051,0.0556,0.922788,0.843361,1
"AT3G63140.1",0,0,0,0,0,0,-0.055,-0.0636,0.923149,0.995497,0.924769
"sum16",0,0,0,0,0,0,-0.054,-0.0637,0.923229,0.995471,0.924776
"AT5G16390.1",0,0,0,0,0,0,-0.06,-0.0637,0.923229,0.995471,0.924776
"AT5G38480.1",0,0,0,0,0,0,-0.051,-0.057,0.92327,0.997602,0.924162
"AT2G43750.1",0,0,0,0,0,0,-0.052,-0.0568,0.923428,0.99767,0.924155
"AT5G53460.1",0,0,0,0,0,0,-0.048,-0.0568,0.923428,0.99767,0.924155
"AT2G22450.1",0,0,0,0,0,0,-0.05,-0.0568,0.923428,0.99767,0.924155
"sum44",0,0,0,0,0,0,-0.048,-0.0567,0.92351,0.997721,0.924151
"AT1G07320.1",0,0,0,0,0,0,-0.048,-0.0567,0.92351,0.997721,0.924151
"AT4G34200.1",0,0,0,0,0,0,-0.048,-0.0564,0.923766,0.997824,0.924145
"AT3G03890.1",0,0,0,0,0,0,-0.049,-0.0562,0.923945,0.997893,0.924142
"AT4G26370.1",0,0,0,0,0,0,-0.058,-0.0646,0.924051,0.995233,0.924823
"AT1G03600.1",0,0,0,0,0,0,-0.048,-0.056,0.92413,0.997963,0.924141
"AT4G35760.1",0,0,0,0,0,0,-0.048,-0.0559,0.924225,0.998015,0.924141
"AT1G73090.1",0,0,0,0,0,0,-0.049,-0.0558,0.924322,0.99805,0.924142
"AT3G55330.1",0,0,0,0,0,0,-0.049,-0.0556,0.92452,0.99812,0.924144
"AT2G19730.1",0,0,0,0,0,0,-0.05,-0.0551,0.925039,0.998315,0.924157
"AT1G16720.1",0,0,0,0,0,0,-0.047,-0.0551,0.925039,0.998315,0.924157
"AT4G34620.1",0,0,0,0,0,0,-0.048,-0.055,0.925147,0.99835,0.924161
"AT2G41530.1",0,0,0,0,0,0,-0.049,-0.055,0.925147,0.99835,0.924161
"AT3G14420.1",0,0,0,0,0,0,-0.059,-0.0657,0.925281,0.994949,0.924832
"AT3G29240.1",0,0,0,0,0,0,-0.048,-0.0546,0.92559,0.998494,0.924179
"AT2G47940.1",0,0,0,0,0,0,-0.06,-0.0661,0.925781,0.994859,0.924819
"AT2G20690.1",0,0,0,0,0,0,-0.06,-0.0661,0.925781,0.994859,0.924819
"AT1G03680.1",0,0,0,0,0,0,-0.058,-0.0663,0.926041,0.994803,0.924806
"AT1G69740.1",0,0,0,0,0,0,0.047,0.0552,0.926166,0.844547,1
"AT5G38060.1",0,0,0,0,0,0,-0.058,-0.0664,0.926173,0.994781,0.924801
"AT3G46000.1",0,0,0,0,0,0,-0.05,-0.0539,0.926408,0.998766,0.924229
"AT1G22530.1",0,0,0,0,0,0,-0.057,-0.0666,0.92644,0.994738,0.924787
"AT5G26742.2",0,0,0,0,0,0,-0.046,-0.0538,0.926529,0.998803,0.924237
"AT2G41220.1",0,0,0,0,0,0,-0.049,-0.0538,0.926529,0.998803,0.924237
"AT2G30870.1",0,0,0,0,0,0,-0.058,-0.0667,0.926576,0.994716,0.924779
"AT2G05990.1",0,0,0,0,0,0,-0.059,-0.0669,0.926852,0.994673,0.924762
"AT2G30860.1",0,0,0,0,0,0,-0.05,-0.0535,0.926895,0.998931,0.92427
"AT2G26080.1",0,0,0,0,0,0,0.046,0.0551,0.927014,0.844846,1
"AT2G26340.1",0,0,0,0,0,0,0.048,0.0551,0.927014,0.844846,1
"AT2G42130.3",0,0,0,0,0,0,-0.068,-0.0797,0.927148,0.992655,0.918231
"AT3G52750.1",0,0,0,0,0,0,-0.047,-0.0528,0.927775,0.999192,0.924349
"AT5G64860.1",0,0,0,0,0,0,-0.062,-0.0676,0.927849,0.994518,0.924675
"AT1G48830.1",0,0,0,0,0,0,-0.045,-0.0527,0.927903,0.999248,0.924368
"sum37",0,0,0,0,0,0,-0.045,-0.0526,0.928031,0.999286,0.924381
"AT5G47870.1",0,0,0,0,0,0,-0.06,-0.0678,0.928141,0.994477,0.924646
"AT4G05180.1",0,0,0,0,0,0,-0.046,-0.0525,0.92816,0.999323,0.924395
"AT5G28060.1",0,0,0,0,0,0,-0.045,-0.0524,0.928289,0.999361,0.924409
"AT1G80480.1",0,0,0,0,0,0,-0.045,-0.0524,0.928289,0.999361,0.924409
"AT2G31660.1",0,0,0,0,0,0,-0.044,-0.0523,0.928419,0.999399,0.924424
"AT1G20620.1",0,0,0,0,0,0,-0.058,-0.0681,0.928584,0.994408,0.924588
"AT1G27385.1",0,0,0,0,0,0,-0.06,-0.0682,0.928732,0.994388,0.924569
"AT2G39800.1",0,0,0,0,0,0,-0.061,-0.0683,0.928881,0.994369,0.92455
"AT5G13410.1",0,0,0,0,0,0,-0.045,-0.0519,0.92894,0.99957,0.924494
"AT2G28190.1",0,0,0,0,0,0,-0.06,-0.0684,0.92903,0.99435,0.924531
"AT1G23730.1",0,0,0,0,0,0,-0.044,-0.0518,0.929071,0.999608,0.924511
"AT1G77060.1",0,0,0,0,0,0,-0.045,-0.0513,0.929728,0.9998,0.9246
"AT3G03710.1",0,0,0,0,0,0,-0.074,-0.0789,0.929796,0.992756,0.918649
"AT3G44890.1",0,0,0,0,0,0,-0.047,-0.0512,0.929859,0.999838,0.924618
"ATCG00670.1",0,0,0,0,0,0,-0.045,-0.0508,0.930384,1,0.924708
"AT3G52150.1",0,0,0,0,0,0,-0.045,-0.0508,0.930384,1,0.924708
"AT1G63610.1",0,0,0,0,0,0,-0.044,-0.0506,0.930646,1,0.92475
"AT1G10760.1",0,0,0,0,0,0,-0.048,-0.0505,0.930777,1,0.924771
"AT3G48420.1",0,0,0,0,0,0,-0.062,-0.0697,0.930964,0.994092,0.924177
"AT4G19710.2",0,0,0,0,0,0,-0.045,-0.0502,0.931168,1,0.924849
"AT3G02780.1",0,0,0,0,0,0,-0.045,-0.0502,0.931168,1,0.924849
"AT3G02870.1",0,0,0,0,0,0,0.048,0.0546,0.931265,0.846521,1
"AT1G77090.1",0,0,0,0,0,0,0.046,0.0546,0.931265,0.846521,1
"AT3G56650.1",0,0,0,0,0,0,-0.044,-0.0498,0.931685,1,0.924943
"AT1G70570.1",0,0,0,0,0,0,-0.06,-0.0703,0.931826,0.993981,0.923962
"AT3G20330.1",0,0,0,0,0,0,-0.045,-0.0496,0.931941,1,0.924992
"AT5G46580.1",0,0,0,0,0,0,-0.044,-0.0494,0.932195,1,0.925055
"AT4G36810.1",0,0,0,0,0,0,-0.067,-0.0779,0.932348,0.99288,0.919267
"AT1G49970.1",0,0,0,0,0,0,-0.062,-0.0708,0.932511,0.993898,0.923774
"AT5G45680.1",0,0,0,0,0,0,-0.066,-0.0778,0.932559,0.992892,0.91933
"AT4G15510.1",0,0,0,0,0,0,-0.043,-0.0489,0.932822,1,0.925186
"AT1G23740.1",0,0,0,0,0,0,-0.062,-0.0711,0.932903,0.993841,0.923631
"AT2G48120.1",0,0,0,0,0,0,-0.044,-0.0488,0.932945,1,0.925214
"AT2G27710.1",0,0,0,0,0,0,-0.065,-0.0774,0.933324,0.992945,0.91962
"AT1G70820.1",0,0,0,0,0,0,-0.063,-0.0715,0.933399,0.993778,0.923456
"AT4G26555.1",0,0,0,0,0,0,-0.042,-0.0484,0.933433,1,0.925339
"AT5G63310.1",0,0,0,0,0,0,-0.068,-0.0773,0.933496,0.992957,0.919686
"AT3G57050.1",0,0,0,0,0,0,-0.042,-0.0483,0.933554,1,0.925368
"AT3G10060.1",0,0,0,0,0,0,-0.064,-0.0718,0.933748,0.993732,0.923317
"AT1G66670.1",0,0,0,0,0,0,0.046,0.0543,0.933826,0.847451,1
"AT3G29320.1",0,0,0,0,0,0,0.046,0.0543,0.933826,0.847451,1
"AT4G18440.1",0,0,0,0,0,0,-0.041,-0.048,0.933911,1,0.925456
"AT4G24830.1",0,0,0,0,0,0,-0.069,-0.077,0.933967,0.992993,0.919885
"AT1G21440.1",0,0,0,0,0,0,-0.042,-0.0479,0.934028,1,0.9255
"AT1G51100.1",0,0,0,0,0,0,-0.041,-0.0479,0.934028,1,0.9255
"AT1G08110.1",0,0,0,0,0,0,-0.069,-0.0768,0.934245,0.993017,0.920019
"AT3G48560.1",0,0,0,0,0,0,-0.04,-0.0476,0.934375,1,0.925591
"AT3G10940.1",0,0,0,0,0,0,-0.041,-0.0476,0.934375,1,0.925591
"AT2G28605.1",0,0,0,0,0,0,-0.064,-0.0725,0.934468,0.99362,0.922941
"AT1G32220.1",0,0,0,0,0,0,-0.066,-0.0766,0.934494,0.993047,0.920188
"AT3G57610.1",0,0,0,0,0,0,-0.061,-0.0727,0.934647,0.993584,0.922807
"sum39",0,0,0,0,0,0,-0.041,-0.0473,0.934716,1,0.925684
"sum65",0,0,0,0,0,0,-0.041,-0.0473,0.934716,1,0.925684
"AT1G53280.1",0,0,0,0,0,0,-0.042,-0.0473,0.934716,1,0.925684
"AT3G12930.1",0,0,0,0,0,0,-0.042,-0.0472,0.934827,1,0.925716
"AT3G08940.2",0,0,0,0,0,0,-0.04,-0.0471,0.934938,1,0.925763
"AT1G56050.1",0,0,0,0,0,0,-0.062,-0.0734,0.935161,0.993485,0.922411
"ATCG00800.1",0,0,0,0,0,0,-0.069,-0.0756,0.935334,0.993176,0.920903
"AT1G20340.1",0,0,0,0,0,0,-0.065,-0.075,0.935539,0.993258,0.92134
"AT3G11940.1",0,0,0,0,0,0,-0.067,-0.0749,0.935553,0.993271,0.921406
"AT3G52155.1",0,0,0,0,0,0,-0.065,-0.0748,0.935562,0.993284,0.921472
"AT2G36145.1",0,0,0,0,0,0,-0.042,-0.0464,0.935689,1,0.925992
"AT4G16155.1",0,0,0,0,0,0,-0.041,-0.0462,0.935896,1,0.926076
"AT1G80380.2",0,0,0,0,0,0,-0.04,-0.0459,0.936198,1,0.926178
"AT4G26900.1",0,0,0,0,0,0,-0.04,-0.0458,0.936297,1,0.926212
"AT5G19140.1",0,0,0,0,0,0,-0.04,-0.0457,0.936396,1,0.926246
"AT5G65780.1",0,0,0,0,0,0,-0.041,-0.0454,0.936684,1,0.926368
"AT5G54770.1",0,0,0,0,0,0,-0.039,-0.0452,0.936872,1,0.926439
"AT1G35160.1",0,0,0,0,0,0,-0.04,-0.0446,0.937413,1,0.926671
"AT1G14030.1",0,0,0,0,0,0,-0.039,-0.0445,0.9375,1,0.926707
"AT1G70890.1",0,0,0,0,0,0,-0.037,-0.0444,0.937586,1,0.926744
"AT3G22960.1",0,0,0,0,0,0,-0.038,-0.0444,0.937586,1,0.926744
"AT4G39040.1",0,0,0,0,0,0,-0.038,-0.0443,0.937671,1,0.92678
"AT1G64190.1",0,0,0,0,0,0,-0.04,-0.0442,0.937755,1,0.926817
"AT1G49650.1",0,0,0,0,0,0,-0.039,-0.044,0.937921,1,0.92689
"AT2G17265.1",0,0,0,0,0,0,-0.039,-0.044,0.937921,1,0.92689
"AT1G32990.1",0,0,0,0,0,0,-0.037,-0.0436,0.938242,1,0.927056
"AT2G21620.1",0,0,0,0,0,0,-0.041,-0.0436,0.938242,1,0.927056
"AT5G04590.1",0,0,0,0,0,0,-0.037,-0.0432,0.938551,1,0.927206
"AT1G32900.1",0,0,0,0,0,0,-0.038,-0.0431,0.938626,1,0.927262
"AT2G43710.1",0,0,0,0,0,0,-0.037,-0.0427,0.93892,1,0.927412
"AT3G02660.1",0,0,0,0,0,0,0.047,0.0537,0.938961,0.849506,1
"AT2G41950.1",0,0,0,0,0,0,-0.037,-0.0423,0.939203,1,0.927583
"AT3G21110.1",0,0,0,0,0,0,-0.037,-0.0421,0.939341,1,0.927659
"AT1G07700.1",0,0,0,0,0,0,-0.037,-0.0419,0.939477,1,0.927735
"AT5G13420.1",0,0,0,0,0,0,-0.036,-0.0418,0.939544,1,0.927773
"AT3G56130.1",0,0,0,0,0,0,-0.037,-0.0414,0.939808,1,0.927946
"AT1G05190.1",0,0,0,0,0,0,-0.036,-0.0413,0.939873,1,0.927984
"AT4G10340.1",0,0,0,0,0,0,-0.036,-0.0412,0.939937,1,0.928022
"AT5G51820.1",0,0,0,0,0,0,-0.035,-0.0412,0.939937,1,0.928022
"AT5G46110.1",0,0,0,0,0,0,-0.037,-0.0408,0.940192,1,0.928176
"AT5G65220.1",0,0,0,0,0,0,-0.036,-0.0405,0.940381,1,0.928311
"AT3G25770.1",0,0,0,0,0,0,-0.036,-0.0404,0.940444,1,0.928349
"AT1G61520.1",0,0,0,0,0,0,-0.038,-0.0404,0.940444,1,0.928349
"AT4G35630.1",0,0,0,0,0,0,-0.035,-0.0403,0.940506,1,0.928388
"AT3G57180.1",0,0,0,0,0,0,-0.036,-0.0401,0.940631,1,0.928465
"AT4G37000.1",0,0,0,0,0,0,-0.034,-0.04,0.940693,1,0.928504
"AT2G47730.1",0,0,0,0,0,0,-0.035,-0.0399,0.940756,1,0.928561
"AT1G31190.1",0,0,0,0,0,0,-0.035,-0.0399,0.940756,1,0.928561
"ATCG00790.1",0,0,0,0,0,0,-0.034,-0.0398,0.940818,1,0.9286
"AT3G17810.1",0,0,0,0,0,0,-0.036,-0.0397,0.940881,1,0.928639
"AT4G32520.1",0,0,0,0,0,0,-0.034,-0.0397,0.940881,1,0.928639
"AT3G54890.1",0,0,0,0,0,0,-0.034,-0.0396,0.940943,1,0.928677
"AT3G47650.1",0,0,0,0,0,0,-0.033,-0.0395,0.941006,1,0.928716
"AT5G63890.1",0,0,0,0,0,0,-0.034,-0.0393,0.941132,1,0.928794
"AT1G35420.1",0,0,0,0,0,0,-0.034,-0.0392,0.941195,1,0.928832
"AT1G11930.1",0,0,0,0,0,0,-0.035,-0.0391,0.941259,1,0.92889
"AT4G09010.1",0,0,0,0,0,0,-0.035,-0.0391,0.941259,1,0.92889
"AT4G26970.1",0,0,0,0,0,0,-0.034,-0.0389,0.941387,1,0.928968
"AT1G52510.1",0,0,0,0,0,0,-0.034,-0.0388,0.941452,1,0.929007
"AT3G16420.1",0,0,0,0,0,0,-0.034,-0.0388,0.941452,1,0.929007
"AT2G38270.1",0,0,0,0,0,0,0.048,0.0534,0.941532,0.850473,1
"AT2G36250.1",0,0,0,0,0,0,0.048,0.0534,0.941532,0.850473,1
"AT4G12060.1",0,0,0,0,0,0,-0.033,-0.0382,0.94185,1,0.92926
"AT5G27390.1",0,0,0,0,0,0,-0.035,-0.0382,0.94185,1,0.92926
"AT1G21640.1",0,0,0,0,0,0,-0.033,-0.0381,0.941918,1,0.929299
"AT5G09810.1",0,0,0,0,0,0,-0.032,-0.0378,0.942127,1,0.929416
"AT1G52410.1",0,0,0,0,0,0,-0.033,-0.0378,0.942127,1,0.929416
"AT5G15760.1",0,0,0,0,0,0,-0.033,-0.0378,0.942127,1,0.929416
"AT4G17560.1",0,0,0,0,0,0,-0.033,-0.0377,0.942198,1,0.929455
"AT3G03780.1",0,0,0,0,0,0,-0.03,-0.0377,0.942198,1,0.929455
"AT1G33330.1",0,0,0,0,0,0,-0.032,-0.0377,0.942198,1,0.929455
"AT5G55280.1",0,0,0,0,0,0,-0.034,-0.0371,0.942644,1,0.929711
"ATCG00490.1",0,0,0,0,0,0,-0.032,-0.0371,0.942644,1,0.929711
"AT1G12410.1",0,0,0,0,0,0,-0.032,-0.0369,0.9428,1,0.92979
"AT5G14260.1",0,0,0,0,0,0,-0.031,-0.0366,0.943043,1,0.929928
"sum8",0,0,0,0,0,0,-0.031,-0.0365,0.943127,1,0.929968
"AT2G29690.1",0,0,0,0,0,0,-0.032,-0.0365,0.943127,1,0.929968
"AT3G29185.1",0,0,0,0,0,0,-0.032,-0.0364,0.943212,1,0.930008
"AT1G76180.1",0,0,0,0,0,0,-0.031,-0.036,0.943564,1,0.930168
"AT5G52970.1",0,0,0,0,0,0,-0.032,-0.0359,0.943656,1,0.930228
"AT1G17220.1",0,0,0,0,0,0,-0.031,-0.0359,0.943656,1,0.930228
"AT3G02080.1",0,0,0,0,0,0,-0.032,-0.0358,0.943749,1,0.930269
"sum9",0,0,0,0,0,0,-0.03,-0.0357,0.943844,1,0.930309
"AT3G15190.1",0,0,0,0,0,0,-0.031,-0.0357,0.943844,1,0.930309
"AT4G01940.1",0,0,0,0,0,0,-0.03,-0.0357,0.943844,1,0.930309
"AT1G66520.1",0,0,0,0,0,0,-0.032,-0.0355,0.944039,1,0.93039
"AT3G55010.1",0,0,0,0,0,0,-0.031,-0.0353,0.94424,1,0.930472
"AT2G37690.1",0,0,0,0,0,0,-0.03,-0.0352,0.944343,1,0.930513
"AT5G19940.1",0,0,0,0,0,0,-0.031,-0.035,0.944555,1,0.930616
"AT1G54780.1",0,0,0,0,0,0,-0.031,-0.0349,0.944663,1,0.930657
"AT4G20960.1",0,0,0,0,0,0,-0.03,-0.0347,0.944886,1,0.93074
"AT1G21350.3",0,0,0,0,0,0,-0.03,-0.0346,0.945001,1,0.930782
"AT5G17990.1",0,0,0,0,0,0,-0.03,-0.0344,0.945236,1,0.930866
"AT5G58770.1",0,0,0,0,0,0,-0.03,-0.0338,0.945993,1,0.931143
"AT2G42590.1",0,0,0,0,0,0,-0.029,-0.0335,0.946402,1,0.931295
"ATCG00170.1",0,0,0,0,0,0,-0.029,-0.0335,0.946402,1,0.931295
"AT5G50210.1",0,0,0,0,0,0,-0.029,-0.0334,0.946543,1,0.931339
"AT3G14930.1",0,0,0,0,0,0,-0.028,-0.0333,0.946687,1,0.931383
"AT1G68590.1",0,0,0,0,0,0,-0.031,-0.0332,0.946833,1,0.931428
"AT1G36390.1",0,0,0,0,0,0,-0.028,-0.0329,0.947287,1,0.931562
"AT4G19170.1",0,0,0,0,0,0,-0.029,-0.0328,0.947444,1,0.931607
"AT2G21660.1",0,0,0,0,0,0,-0.029,-0.0328,0.947444,1,0.931607
"AT5G09820.1",0,0,0,0,0,0,-0.029,-0.0326,0.947765,1,0.931721
"AT3G46100.1",0,0,0,0,0,0,-0.029,-0.0326,0.947765,1,0.931721
"AT1G26230.1",0,0,0,0,0,0,0.045,0.0526,0.948387,0.853271,1
"AT4G33030.1",0,0,0,0,0,0,-0.027,-0.032,0.948796,1,0.932001
"AT4G32320.1",0,0,0,0,0,0,-0.028,-0.0319,0.948978,1,0.932072
"AT3G52930.1",0,0,0,0,0,0,-0.028,-0.0318,0.949163,1,0.93212
"AT2G44530.1",0,0,0,0,0,0,-0.027,-0.0318,0.949163,1,0.93212
"AT3G09260.1",0,0,0,0,0,0,0.045,0.0525,0.949242,0.853774,1
"AT3G52380.1",0,0,0,0,0,0,-0.027,-0.0317,0.949351,1,0.932169
"AT5G49940.1",0,0,0,0,0,0,-0.028,-0.0316,0.949542,1,0.932217
"AT4G01650.1",0,0,0,0,0,0,-0.028,-0.0316,0.949542,1,0.932217
"AT1G35680.1",0,0,0,0,0,0,-0.026,-0.0314,0.949933,1,0.932315
"AT1G48850.1",0,0,0,0,0,0,-0.026,-0.0314,0.949933,1,0.932315
"AT4G25050.1",0,0,0,0,0,0,0.048,0.0524,0.950097,0.854111,1
"AT3G15520.1",0,0,0,0,0,0,0.045,0.0524,0.950097,0.854111,1
"AT2G22360.1",0,0,0,0,0,0,-0.027,-0.0312,0.950337,1,0.932415
"AT3G54640.1",0,0,0,0,0,0,-0.027,-0.0312,0.950337,1,0.932415
"sum50",0,0,0,0,0,0,-0.028,-0.031,0.950753,1,0.932541
"AT3G56910.1",0,0,0,0,0,0,-0.028,-0.031,0.950753,1,0.932541
"AT2G20420.1",0,0,0,0,0,0,0.046,0.0523,0.950951,0.854448,1
"AT5G03650.1",0,0,0,0,0,0,-0.028,-0.0308,0.951183,1,0.932643
"AT1G48350.1",0,0,0,0,0,0,-0.028,-0.0307,0.951403,1,0.932695
"AT4G35090.1",0,0,0,0,0,0,-0.027,-0.0307,0.951403,1,0.932695
"AT2G42540.1",0,0,0,0,0,0,-0.027,-0.0306,0.951626,1,0.932747
"AT5G02240.1",0,0,0,0,0,0,-0.027,-0.0304,0.952082,1,0.932852
"AT4G31700.1",0,0,0,0,0,0,-0.028,-0.0302,0.952552,1,0.932986
"AT4G13550.1",0,0,0,0,0,0,0.047,0.0521,0.952657,0.855127,1
"AT1G26630.1",0,0,0,0,0,0,-0.028,-0.0301,0.952792,1,0.93304
"AT2G36530.1",0,0,0,0,0,0,-0.027,-0.0297,0.953787,1,0.93326
"AT5G18660.1",0,0,0,0,0,0,0.044,0.0519,0.95436,0.85581,1
"AT5G22510.1",0,0,0,0,0,0,-0.025,-0.0292,0.955111,1,0.933574
"AT3G59400.1",0,0,0,0,0,0,-0.025,-0.0288,0.956236,1,0.933811
"sum68",0,0,0,0,0,0,-0.025,-0.0283,0.957727,1,0.934149
"AT2G33210.1",0,0,0,0,0,0,-0.025,-0.0283,0.957727,1,0.934149
"AT3G05350.1",0,0,0,0,0,0,-0.025,-0.0283,0.957727,1,0.934149
"AT2G45990.1",0,0,0,0,0,0,-0.024,-0.0282,0.958037,1,0.934212
"AT1G14810.1",0,0,0,0,0,0,-0.025,-0.0281,0.95835,1,0.934276
"AT4G04350.1",0,0,0,0,0,0,-0.026,-0.0281,0.95835,1,0.934276
"sum17",0,0,0,0,0,0,0.085,0.1003,0.958484,0.958789,0.990255
"AT1G17880.1",0,0,0,0,0,0,0.045,0.0513,0.959443,0.85806,1
"AT5G17530.1",0,0,0,0,0,0,-0.024,-0.0277,0.959641,1,0.934568
"AT5G21930.1",0,0,0,0,0,0,-0.024,-0.0275,0.96031,1,0.934702
"AT4G27440.1",0,0,0,0,0,0,-0.024,-0.0273,0.960995,1,0.934838
"AT1G32470.1",0,0,0,0,0,0,-0.023,-0.0273,0.960995,1,0.934838
"AT2G43100.1",0,0,0,0,0,0,-0.023,-0.0273,0.960995,1,0.934838
"AT4G10750.1",0,0,0,0,0,0,-0.023,-0.0272,0.961342,1,0.934906
"AT2G30695.1",0,0,0,0,0,0,-0.024,-0.0271,0.961694,1,0.93501
"AT3G06050.1",0,0,0,0,0,0,0.046,0.051,0.961967,0.859113,1
"AT5G23310.1",0,0,0,0,0,0,-0.024,-0.0269,0.96241,1,0.935151
"AT1G03630.1",0,0,0,0,0,0,-0.023,-0.0269,0.96241,1,0.935151
"AT3G04870.1",0,0,0,0,0,0,-0.023,-0.0269,0.96241,1,0.935151
"AT4G20850.1",0,0,0,0,0,0,-0.025,-0.0268,0.962774,1,0.935222
"AT1G74970.1",0,0,0,0,0,0,-0.024,-0.0267,0.963141,1,0.935294
"AT4G31990.1",0,0,0,0,0,0,-0.024,-0.0267,0.963141,1,0.935294
"AT3G46630.1",0,0,0,0,0,0,-0.024,-0.0267,0.963141,1,0.935294
"AT2G45300.1",0,0,0,0,0,0,-0.024,-0.0265,0.963888,1,0.93544
"AT2G34620.1",0,0,0,0,0,0,-0.024,-0.0265,0.963888,1,0.93544
"AT4G38680.1",0,0,0,0,0,0,-0.023,-0.0263,0.96465,1,0.935625
"AT5G40450.1",0,0,0,0,0,0,-0.023,-0.0262,0.965037,1,0.9357
"AT1G52400.1",0,0,0,0,0,0,-0.023,-0.0261,0.965428,1,0.935776
"AT2G36460.1",0,0,0,0,0,0,-0.023,-0.0261,0.965428,1,0.935776
"AT3G05900.1",0,0,0,0,0,0,-0.022,-0.0261,0.965428,1,0.935776
"AT1G12520.1",0,0,0,0,0,0,0.044,0.0505,0.966141,0.861067,1
"sum54",0,0,0,0,0,0,-0.023,-0.0259,0.966221,1,0.93593
"AT4G34450.1",0,0,0,0,0,0,-0.022,-0.0259,0.966221,1,0.93593
"AT3G23700.1",0,0,0,0,0,0,-0.023,-0.0259,0.966221,1,0.93593
"AT3G54660.1",0,0,0,0,0,0,-0.023,-0.0258,0.966624,1,0.936008
"AT1G11430.1",0,0,0,0,0,0,-0.024,-0.0258,0.966624,1,0.936008
"AT4G29060.1",0,0,0,0,0,0,-0.023,-0.0258,0.966624,1,0.936008
"AT5G66720.1",0,0,0,0,0,0,-0.022,-0.0256,0.96744,1,0.936205
"AT2G25840.1",0,0,0,0,0,0,-0.022,-0.0255,0.967855,1,0.936285
"AT4G17040.1",0,0,0,0,0,0,-0.023,-0.0254,0.968273,1,0.936365
"AT3G56090.1",0,0,0,0,0,0,-0.024,-0.0253,0.968695,1,0.936447
"AT5G52960.1",0,0,0,0,0,0,-0.022,-0.0253,0.968695,1,0.936447
"AT5G14910.1",0,0,0,0,0,0,-0.023,-0.0253,0.968695,1,0.936447
"AT1G16880.1",0,0,0,0,0,0,-0.021,-0.0253,0.968695,1,0.936447
"AT5G16290.1",0,0,0,0,0,0,-0.022,-0.0251,0.96955,1,0.936611
"AT1G72150.1",0,0,0,0,0,0,-0.023,-0.0251,0.96955,1,0.936611
"AT1G04410.1",0,0,0,0,0,0,-0.023,-0.025,0.969983,1,0.936694
"sum24",0,0,0,0,0,0,-0.022,-0.0249,0.97042,1,0.936778
"AT4G11570.1",0,0,0,0,0,0,-0.022,-0.0246,0.971754,1,0.937078
"ATCG00020.1",0,0,0,0,0,0,-0.022,-0.0246,0.971754,1,0.937078
"AT1G07040.1",0,0,0,0,0,0,-0.022,-0.0246,0.971754,1,0.937078
"sum31",0,0,0,0,0,0,0.044,0.0498,0.971901,0.863775,1
"AT2G31810.1",0,0,0,0,0,0,-0.022,-0.0244,0.972662,1,0.937252
"AT4G17300.1",0,0,0,0,0,0,0.043,0.0497,0.972715,0.86414,1
"AT4G22930.1",0,0,0,0,0,0,0.045,0.0497,0.972715,0.86414,1
"AT1G73530.1",0,0,0,0,0,0,0.043,0.0497,0.972715,0.86414,1
"AT4G02530.1",0,0,0,0,0,0,0.044,0.0496,0.973526,0.864505,1
"AT1G77122.1",0,0,0,0,0,0,0.048,0.0496,0.973526,0.864505,1
"AT1G78300.1",0,0,0,0,0,0,-0.022,-0.0242,0.973585,1,0.93743
"AT1G42970.1",0,0,0,0,0,0,-0.022,-0.0241,0.974052,1,0.93752
"AT1G75330.1",0,0,0,0,0,0,0.043,0.0495,0.974335,0.864872,1
"AT1G14310.1",0,0,0,0,0,0,-0.022,-0.0238,0.975475,1,0.93784
"AT2G26670.1",0,0,0,0,0,0,-0.02,-0.0238,0.975475,1,0.93784
"AT1G54630.1",0,0,0,0,0,0,0.044,0.0493,0.975944,0.865791,1
"AT1G48030.1",0,0,0,0,0,0,-0.02,-0.0235,0.97693,1,0.938121
"AT2G03440.1",0,0,0,0,0,0,-0.02,-0.0233,0.977918,1,0.938312
"AT5G54600.1",0,0,0,0,0,0,0.042,0.049,0.978338,0.866901,1
"AT3G25920.1",0,0,0,0,0,0,-0.021,-0.0232,0.978417,1,0.938458
"AT1G26220.1",0,0,0,0,0,0,-0.02,-0.0232,0.978417,1,0.938458
"AT5G24490.1",0,0,0,0,0,0,-0.02,-0.0232,0.978417,1,0.938458
"AT2G26540.1",0,0,0,0,0,0,-0.019,-0.0232,0.978417,1,0.938458
"AT4G09020.1",0,0,0,0,0,0,-0.021,-0.0231,0.978919,1,0.938555
"AT1G09130.1",0,0,0,0,0,0,0.042,0.0489,0.97913,0.867272,1
"AT2G35490.1",0,0,0,0,0,0,0.043,0.0489,0.97913,0.867272,1
"AT5G19220.1",0,0,0,0,0,0,-0.02,-0.0229,0.979934,1,0.938753
"AT5G66550.1",0,0,0,0,0,0,-0.02,-0.0229,0.979934,1,0.938753
"ATCG00270.1",0,0,0,0,0,0,-0.02,-0.0229,0.979934,1,0.938753
"AT2G27680.1",0,0,0,0,0,0,-0.02,-0.0227,0.980963,1,0.938954
"AT1G13280.1",0,0,0,0,0,0,-0.02,-0.0227,0.980963,1,0.938954
"AT3G48730.1",0,0,0,0,0,0,-0.02,-0.0226,0.981482,1,0.939056
"sum64",0,0,0,0,0,0,-0.02,-0.0225,0.982004,1,0.939158
"AT3G52960.1",0,0,0,0,0,0,-0.019,-0.0224,0.98253,1,0.939313
"AT3G29200.1",0,0,0,0,0,0,-0.019,-0.0223,0.983059,1,0.939417
"AT2G36390.1",0,0,0,0,0,0,-0.019,-0.0221,0.984126,1,0.939627
"AT1G07890.1",0,0,0,0,0,0,0.042,0.0482,0.984588,0.87008,1
"AT3G08740.1",0,0,0,0,0,0,-0.019,-0.0219,0.985205,1,0.939841
"AT2G47390.1",0,0,0,0,0,0,-0.019,-0.0218,0.985749,1,0.939949
"AT4G13430.1",0,0,0,0,0,0,-0.019,-0.0217,0.986296,1,0.940057
"AT5G35970.1",0,0,0,0,0,0,-0.019,-0.0216,0.986846,1,0.940222
"AT4G16060.1",0,0,0,0,0,0,-0.02,-0.0216,0.986846,1,0.940222
"AT2G36160.1",0,0,0,0,0,0,0.042,0.0479,0.986877,0.871212,1
"AT3G53580.1",0,0,0,0,0,0,0.042,0.0479,0.986877,0.871212,1
"AT5G24300.1",0,0,0,0,0,0,0.042,0.0479,0.986877,0.871212,1
"AT1G79850.1",0,0,0,0,0,0,-0.019,-0.0212,0.989075,1,0.940669
"AT1G59990.1",0,0,0,0,0,0,-0.019,-0.0212,0.989075,1,0.940669
"AT3G20390.1",0,0,0,0,0,0,-0.018,-0.0212,0.989075,1,0.940669
"AT3G10670.1",0,0,0,0,0,0,-0.019,-0.021,0.990205,1,0.940897
"AT1G65930.1",0,0,0,0,0,0,-0.019,-0.021,0.990205,1,0.940897
"AT5G46290.1",0,0,0,0,0,0,0.043,0.0474,0.990621,0.873303,1
"AT3G21200.1",0,0,0,0,0,0,0.042,0.0474,0.990621,0.873303,1
"AT3G05560.1",0,0,0,0,0,0,-0.019,-0.0209,0.990774,1,0.941012
"ATCG01110.1",0,0,0,0,0,0,-0.019,-0.0208,0.991346,1,0.941186
"AT3G53900.1",0,0,0,0,0,0,-0.018,-0.0208,0.991346,1,0.941186
"ATCG00820.1",0,0,0,0,0,0,-0.018,-0.0207,0.99192,1,0.941303
"AT2G43090.1",0,0,0,0,0,0,-0.018,-0.0206,0.992497,1,0.941421
"AT5G66090.1",0,0,0,0,0,0,-0.018,-0.0204,0.993658,1,0.941659
"AT4G25100.1",0,0,0,0,0,0,-0.017,-0.0203,0.994241,1,0.941779
"AT5G58260.1",0,0,0,0,0,0,0.041,0.0469,0.99427,0.875409,1
"AT2G01250.1",0,0,0,0,0,0,-0.017,-0.0202,0.994827,1,0.9419
"AT3G61470.1",0,0,0,0,0,0,-0.018,-0.0202,0.994827,1,0.9419
"AT5G19510.1",0,0,0,0,0,0,-0.017,-0.0201,0.995416,1,0.942021
"AT3G58010.1",0,0,0,0,0,0,0.041,0.0467,0.995702,0.876178,1
"AT1G74030.1",0,0,0,0,0,0,-0.018,-0.02,0.996006,1,0.942205
"AT1G13270.1",0,0,0,0,0,0,-0.017,-0.0196,0.998388,1,0.942704
"AT1G56500.1",0,0,0,0,0,0,0.042,0.0461,0.999897,0.878688,1
"sum11",0,0,0,0,0,0,0.013,0.0144,1,0.98174,0.994449
"sum15",0,0,0,0,0,0,0.006,0.0071,1,0.994224,0.98697
"sum18",0,0,0,0,0,0,0.011,0.013,1,0.984401,0.993157
"sum20",0,0,0,0,0,0,-0.014,-0.0166,1,1,0.947115
"sum21",0,0,0,0,0,0,0.009,0.0108,1,0.988308,0.990998
"sum22",0,0,0,0,0,0,-0.015,-0.0165,1,1,0.947264
"sum27",0,0,0,0,0,0,0.027,0.0312,1,0.936915,1
"sum28",0,0,0,0,0,0,0.037,0.0417,1,0.896823,1
"sum29",0,0,0,0,0,0,0.022,0.0257,1,0.954408,1
"sum32",0,0,0,0,0,0,-0.011,-0.0125,1,1,0.954134
"sum34",0,0,0,0,0,0,0.011,0.0129,1,0.984574,0.993068
"sum35",0,0,0,0,0,0,0.031,0.0354,1,0.921863,1
"sum40",0,0,0,0,0,0,0.035,0.0395,1,0.905859,1
"sum43",0,0,0,0,0,0,0.001,0.0014,1,1,0.979199
"sum45",0,0,0,0,0,0,0.007,0.0084,1,0.992244,0.988436
"sum48",0,0,0,0,0,0,-0.011,-0.0119,1,1,0.955258
"sum52",0,0,0,0,0,0,-0.01,-0.011,1,1,0.956924
"sum53",0,0,0,0,0,0,0.028,0.0331,1,0.93033,1
"sum57",0,0,0,0,0,0,0.003,0.003,1,1,0.981567
"sum58",0,0,0,0,0,0,0.016,0.0176,1,0.975141,0.997169
"sum59",0,0,0,0,0,0,0.034,0.0371,1,0.915378,1
"sum6",0,0,0,0,0,0,0.005,0.0055,1,0.99663,0.985002
"sum60",0,0,0,0,0,0,0.021,0.025,1,0.956455,1
"sum61",0,0,0,0,0,0,-0.006,-0.0074,1,1,0.963729
"sum62",0,0,0,0,0,0,0.011,0.013,1,0.984401,0.993157
"sum63",0,0,0,0,0,0,-0.01,-0.0111,1,1,0.956747
"sum67",0,0,0,0,0,0,0.008,0.0087,1,0.99172,0.988803
"sum7",0,0,0,0,0,0,-0.005,-0.0058,1,1,0.966762
"sum13",0,0,0,0,0,0,0.093,0.1113,1,0.912505,0.990313
"sum25",0,0,0,0,0,0,0.037,0.0404,1,0.902231,1
"AT2G42600.1",0,0,0,0,0,0,0.016,0.0174,1,0.975655,0.996978
"AT1G22300.1",0,0,0,0,0,0,-0.01,-0.0121,1,1,0.954824
"AT5G65430.1",0,0,0,0,0,0,-0.005,-0.0055,1,1,0.967379
"AT5G62790.1",0,0,0,0,0,0,-0.014,-0.015,1,1,0.949737
"AT4G15560.1",0,0,0,0,0,0,0.036,0.0404,1,0.902231,1
"AT4G34350.1",0,0,0,0,0,0,-0.017,-0.0193,1,1,0.943086
"AT1G63970.1",0,0,0,0,0,0,0.001,0.0016,1,1,0.979557
"AT4G33510.1",0,0,0,0,0,0,0.024,0.0265,1,0.952033,1
"AT5G23010.1",0,0,0,0,0,0,0.007,0.0076,1,0.993498,0.987522
"AT2G25450.1",0,0,0,0,0,0,-0.006,-0.0064,1,1,0.965697
"AT5G64300.1",0,0,0,0,0,0,0.009,0.0099,1,0.989808,0.990073
"AT5G30510.1",0,0,0,0,0,0,0.033,0.036,1,0.919545,1
"AT3G13120.1",0,0,0,0,0,0,0.033,0.0381,1,0.911502,1
"ATCG00750.1",0,0,0,0,0,0,-0.009,-0.0103,1,1,0.958254
"ATCG00330.1",0,0,0,0,0,0,-0.004,-0.0046,1,1,0.96904
"ATCG01120.1",0,0,0,0,0,0,-0.014,-0.0155,1,1,0.948869
"ATCG00650.1",0,0,0,0,0,0,0.019,0.0199,1,0.969844,0.998966
"AT3G27160.1",0,0,0,0,0,0,0.013,0.0141,1,0.982374,0.994153
"ATCG00380.1",0,0,0,0,0,0,0.02,0.0234,1,0.960926,1
"AT1G64510.1",0,0,0,0,0,0,0.003,0.0034,1,0.999683,0.982167
"ATCG00770.1",0,0,0,0,0,0,0.017,0.0195,1,0.970853,0.998646
"AT2G37660.1",0,0,0,0,0,0,-0.001,-7e-04,1,1,0.9759
"AT5G66120.2",0,0,0,0,0,0,0.031,0.0354,1,0.921863,1
"AT1G80560.1",0,0,0,0,0,0,0.006,0.007,1,0.99444,0.986802
"AT5G14200.1",0,0,0,0,0,0,0.021,0.0235,1,0.96067,1
"AT1G62640.1",0,0,0,0,0,0,0.021,0.0242,1,0.95872,1
"AT1G18640.2",0,0,0,0,0,0,-0.007,-0.008,1,1,0.962651
"AT2G26930.1",0,0,0,0,0,0,0.024,0.0264,1,0.952316,1
"AT3G11510.1",0,0,0,0,0,0,-0.004,-0.005,1,1,0.968256
"AT2G09990.1",0,0,0,0,0,0,0.003,0.0035,1,0.99955,0.982299
"AT5G18380.1",0,0,0,0,0,0,0.023,0.0251,1,0.956184,1
"AT3G47370.1",0,0,0,0,0,0,-0.017,-0.0184,1,1,0.944407
"AT3G04920.1",0,0,0,0,0,0,0.007,0.0075,1,0.993644,0.987413
"AT2G37270.1",0,0,0,0,0,0,0.036,0.0405,1,0.901847,1
"AT5G20290.1",0,0,0,0,0,0,0.025,0.028,1,0.947408,1
"AT5G15200.1",0,0,0,0,0,0,-0.008,-0.0098,1,1,0.959147
"AT1G72370.1",0,0,0,0,0,0,0.009,0.0105,1,0.988786,0.99071
"AT2G02500.1",0,0,0,0,0,0,0.024,0.0276,1,0.948729,1
"AT3G63490.1",0,0,0,0,0,0,0.039,0.0453,1,0.88199,1
"AT5G13510.1",0,0,0,0,0,0,0.028,0.0319,1,0.934481,1
"AT1G78630.1",0,0,0,0,0,0,-0.014,-0.0157,1,1,0.948558
"ATCG00780.1",0,0,0,0,0,0,-0.004,-0.0045,1,1,0.969213
"AT3G54210.1",0,0,0,0,0,0,0.024,0.0286,1,0.945622,1
"AT5G47190.1",0,0,0,0,0,0,-0.014,-0.0155,1,1,0.948869
"ATCG00660.1",0,0,0,0,0,0,0.002,0.0024,1,1,0.98075
"ATCG00810.1",0,0,0,0,0,0,-0.001,-0.0017,1,1,0.974156
"AT2G33450.1",0,0,0,0,0,0,-0.014,-0.0149,1,1,0.949897
"AT1G75350.1",0,0,0,0,0,0,0.014,0.0159,1,0.978738,0.995763
"AT1G62180.1",0,0,0,0,0,0,0.006,0.0076,1,0.993498,0.987522
"AT5G17920.1",0,0,0,0,0,0,0.023,0.0263,1,0.952597,1
"AT5G48960.1",0,0,0,0,0,0,-0.011,-0.012,1,1,0.955084
"AT2G44050.1",0,0,0,0,0,0,0.035,0.0374,1,0.914093,1
"AT3G09200.1",0,0,0,0,0,0,-0.013,-0.0139,1,1,0.951604
"AT2G27720.1",0,0,0,0,0,0,0.023,0.0244,1,0.958192,1
"AT4G29120.1",0,0,0,0,0,0,-0.015,-0.0165,1,1,0.947264
"AT5G41670.1",0,0,0,0,0,0,0.024,0.0293,1,0.943349,1
"AT5G24400.1",0,0,0,0,0,0,0.017,0.0204,1,0.968704,0.999316
"AT3G24190.1",0,0,0,0,0,0,0.018,0.0205,1,0.968474,0.999386
"AT5G36880.1",0,0,0,0,0,0,0.006,0.0061,1,0.995791,0.985713
"AT1G80600.1",0,0,0,0,0,0,0,2e-04,1,1,0.977356
"AT4G35830.1",0,0,0,0,0,0,0.017,0.0201,1,0.969391,0.999107
"AT2G05710.1",0,0,0,0,0,0,0.031,0.0335,1,0.928807,1
"AT5G04740.1",0,0,0,0,0,0,0,0,1,1,0.977054
"AT5G59880.1",0,0,0,0,0,0,0.034,0.0383,1,0.910569,1
"AT1G73110.1",0,0,0,0,0,0,0.04,0.0426,1,0.893124,1
"AT1G54580.1",0,0,0,0,0,0,0.011,0.012,1,0.986184,0.992214
"AT3G02630.1",0,0,0,0,0,0,0.002,0.0019,1,1,0.979983
"AT1G27450.1",0,0,0,0,0,0,-0.014,-0.0152,1,1,0.949419
"AT2G14750.1",0,0,0,0,0,0,0.022,0.0252,1,0.955913,1
"AT5G47840.1",0,0,0,0,0,0,-0.009,-0.0106,1,1,0.957632
"AT3G07630.1",0,0,0,0,0,0,-0.008,-0.0085,1,1,0.961661
"AT2G35040.1",0,0,0,0,0,0,0.007,0.0079,1,0.992985,0.987902
"AT1G50200.1",0,0,0,0,0,0,0.029,0.034,1,0.927098,1
"AT2G13360.1",0,0,0,0,0,0,0.009,0.0112,1,0.987582,0.991425
"AT1G06690.1",0,0,0,0,0,0,0.017,0.0199,1,0.969844,0.998966
"AT1G04420.1",0,0,0,0,0,0,0.027,0.0293,1,0.943349,1
"AT5G66530.1",0,0,0,0,0,0,0.01,0.0109,1,0.988148,0.991094
"AT5G20250.4",0,0,0,0,0,0,-0.013,-0.0158,1,1,0.948404
"AT3G25760.1",0,0,0,0,0,0,0.029,0.0307,1,0.938673,1
"AT1G69830.1",0,0,0,0,0,0,0,1e-04,1,1,0.977205
"AT1G57770.1",0,0,0,0,0,0,0.027,0.0312,1,0.936915,1
"AT2G28900.1",0,0,0,0,0,0,0.037,0.0421,1,0.895268,1
"AT5G57850.1",0,0,0,0,0,0,-0.001,-0.0013,1,1,0.974876
"AT3G10350.1",0,0,0,0,0,0,0.016,0.0181,1,0.974098,0.997546
"AT1G35720.1",0,0,0,0,0,0,0.036,0.0413,1,0.898568,1
"AT5G10920.1",0,0,0,0,0,0,0.02,0.0236,1,0.960412,1
"AT4G26300.1",0,0,0,0,0,0,-0.013,-0.0149,1,1,0.949897
"AT5G27970.1",0,0,0,0,0,0,0.038,0.0433,1,0.890194,1
"AT1G23180.1",0,0,0,0,0,0,0.006,0.0067,1,0.99487,0.986463
"AT5G65010.1",0,0,0,0,0,0,-0.016,-0.0185,1,1,0.944204
"AT1G31230.1",0,0,0,0,0,0,0.031,0.0341,1,0.926754,1
"AT3G18680.1",0,0,0,0,0,0,-0.004,-0.0043,1,1,0.969558
"AT3G08010.1",0,0,0,0,0,0,-0.011,-0.0132,1,1,0.952857
"AT1G08490.1",0,0,0,0,0,0,0.035,0.041,1,0.899728,1
"AT4G04770.1",0,0,0,0,0,0,0.032,0.0342,1,0.926409,1
"AT1G58080.1",0,0,0,0,0,0,-0.016,-0.0173,1,1,0.946016
"AT1G09795.1",0,0,0,0,0,0,0.007,0.0083,1,0.992393,0.98833
"AT4G26160.1",0,0,0,0,0,0,0.038,0.0437,1,0.88863,1
"AT4G29670.1",0,0,0,0,0,0,0.017,0.0196,1,0.97063,0.998717
"AT4G33580.1",0,0,0,0,0,0,-0.01,-0.0118,1,1,0.955432
"AT1G74960.1",0,0,0,0,0,0,0.029,0.0323,1,0.933166,1
"AT3G54440.1",0,0,0,0,0,0,0.02,0.022,1,0.964676,1
"AT1G52670.1",0,0,0,0,0,0,0,-4e-04,1,1,0.976365
"AT5G35360.1",0,0,0,0,0,0,0.012,0.0136,1,0.983265,0.993724
"AT5G17560.1",0,0,0,0,0,0,-0.014,-0.016,1,1,0.948096
"AT3G49680.1",0,0,0,0,0,0,-0.008,-0.0094,1,1,0.959954
"AT1G29900.1",0,0,0,0,0,0,0.011,0.0126,1,0.985173,0.992757
"AT5G12040.1",0,0,0,0,0,0,-0.005,-0.0051,1,1,0.968081
"AT2G38040.1",0,0,0,0,0,0,0.005,0.005,1,0.99739,0.984333
"ATCG00500.1",0,0,0,0,0,0,0.006,0.0061,1,0.995791,0.985713
"AT4G36910.1",0,0,0,0,0,0,0.011,0.0127,1,0.984917,0.992891
"AT4G34120.1",0,0,0,0,0,0,-0.012,-0.0139,1,1,0.951604
"ATCG00120.1",0,0,0,0,0,0,-0.015,-0.0169,1,1,0.946597
"AT4G09650.1",0,0,0,0,0,0,-0.099,-0.1146,1,0.988139,1
"ATCG00470.1",0,0,0,0,0,0,0.009,0.0103,1,0.989102,0.990515
"AT4G24770.1",0,0,0,0,0,0,0.022,0.0245,1,0.957927,1
"AT1G67840.1",0,0,0,0,0,0,0.007,0.0082,1,0.992542,0.988224
"AT5G05010.1",0,0,0,0,0,0,0.005,0.0057,1,0.996352,0.985241
"AT5G15450.1",0,0,0,0,0,0,0.033,0.0371,1,0.915378,1
"AT5G51070.1",0,0,0,0,0,0,-0.009,-0.0105,1,1,0.95781
"AT5G45390.1",0,0,0,0,0,0,0.011,0.0132,1,0.984054,0.993332
"AT1G02560.1",0,0,0,0,0,0,0.017,0.0196,1,0.97063,0.998717
"AT1G11750.1",0,0,0,0,0,0,0.011,0.0128,1,0.984746,0.992979
"AT4G25370.1",0,0,0,0,0,0,0.029,0.0335,1,0.928807,1
"AT2G21390.1",0,0,0,0,0,0,-0.003,-0.0033,1,1,0.97135
"AT2G42530.1",0,0,0,0,0,0,-0.005,-0.0061,1,1,0.96623
"AT1G03475.1",0,0,0,0,0,0,0.009,0.0108,1,0.988308,0.990998
"AT3G62410.1",0,0,0,0,0,0,0.03,0.034,1,0.927098,1
"AT2G47400.1",0,0,0,0,0,0,0.009,0.0097,1,0.990118,0.989874
"AT4G24280.1",0,0,0,0,0,0,0.018,0.0208,1,0.967661,0.999627
"AT5G49910.1",0,0,0,0,0,0,-0.003,-0.0037,1,1,0.970672
"AT2G44650.1",0,0,0,0,0,0,-0.01,-0.0118,1,1,0.955432
"AT3G60210.1",0,0,0,0,0,0,0.096,0.1102,1,0.91955,0.990304
"AT5G20720.1",0,0,0,0,0,0,0.009,0.0103,1,0.989102,0.990515
"AT3G23990.1",0,0,0,0,0,0,0.004,0.0047,1,0.997869,0.9839
"AT2G28000.1",0,0,0,0,0,0,0.003,0.003,1,1,0.981567
"AT4G01800.1",0,0,0,0,0,0,0.001,6e-04,1,1,0.977955
"AT5G03940.1",0,0,0,0,0,0,0.003,0.0038,1,0.999151,0.982691
"AT4G26500.1",0,0,0,0,0,0,0.026,0.0284,1,0.94622,1
"AT5G52100.1",0,0,0,0,0,0,0.024,0.0256,1,0.954683,1
"AT2G47910.1",0,0,0,0,0,0,0.024,0.0261,1,0.953297,1
"AT3G01120.1",0,0,0,0,0,0,-0.016,-0.0177,1,1,0.945375
"AT3G61440.1",0,0,0,0,0,0,0.002,0.0022,1,1,0.980403
"AT4G14880.1",0,0,0,0,0,0,-0.016,-0.0181,1,1,0.944818
"AT2G31170.1",0,0,0,0,0,0,0.018,0.0211,1,0.966956,0.999831
"AT1G31800.1",0,0,0,0,0,0,0.003,0.0033,1,0.999815,0.982035
"AT3G19480.1",0,0,0,0,0,0,-0.005,-0.0061,1,1,0.96623
"AT2G33430.1",0,0,0,0,0,0,-0.004,-0.0049,1,1,0.968431
"AT3G08840.2",0,0,0,0,0,0,0.023,0.0257,1,0.954408,1
"AT1G70070.1",0,0,0,0,0,0,-0.003,-0.0039,1,1,0.970331
"AT1G45230.1",0,0,0,0,0,0,0.003,0.0036,1,0.999417,0.98243
"AT3G27925.1",0,0,0,0,0,0,0.029,0.0324,1,0.932835,1
"AT4G18370.1",0,0,0,0,0,0,0.015,0.0175,1,0.975347,0.997093
"AT5G39830.1",0,0,0,0,0,0,0.007,0.0079,1,0.992985,0.987902
"AT1G19570.1",0,0,0,0,0,0,0.013,0.0143,1,0.981922,0.994364
"AT5G16710.1",0,0,0,0,0,0,0.027,0.0311,1,0.937237,1
"AT3G06350.1",0,0,0,0,0,0,-0.009,-0.0099,1,1,0.958968
"AT5G62530.1",0,0,0,0,0,0,0.023,0.0254,1,0.955369,1
"AT1G43670.1",0,0,0,0,0,0,0.034,0.0402,1,0.902998,1
"AT3G14390.1",0,0,0,0,0,0,0.005,0.0059,1,0.996072,0.985478
"AT5G11880.1",0,0,0,0,0,0,-0.013,-0.0148,1,1,0.950057
"AT2G45440.1",0,0,0,0,0,0,-0.011,-0.013,1,1,0.953195
"AT3G23940.1",0,0,0,0,0,0,0,-1e-04,1,1,0.976825
"AT1G14410.1",0,0,0,0,0,0,0.006,0.0068,1,0.994727,0.986576
"AT4G03200.1",0,0,0,0,0,0,0.031,0.0349,1,0.923801,1
"AT3G25860.1",0,0,0,0,0,0,0.037,0.0452,1,0.882379,1
"AT1G56070.1",0,0,0,0,0,0,-0.006,-0.0075,1,1,0.96355
"AT5G08650.1",0,0,0,0,0,0,-0.001,-0.0012,1,1,0.975035
"AT1G62750.1",0,0,0,0,0,0,0.027,0.0313,1,0.936593,1
"AT4G29010.1",0,0,0,0,0,0,0.031,0.0347,1,0.9245,1
"AT1G53520.1",0,0,0,0,0,0,0.038,0.0433,1,0.890194,1
"AT3G63170.1",0,0,0,0,0,0,0.01,0.012,1,0.986184,0.992214
"AT5G08410.1",0,0,0,0,0,0,-0.005,-0.0055,1,1,0.967379
"AT2G04700.1",0,0,0,0,0,0,-0.012,-0.0133,1,1,0.952689
"AT5G23440.1",0,0,0,0,0,0,0.014,0.016,1,0.978544,0.995843
"AT5G01600.1",0,0,0,0,0,0,-0.002,-0.0018,1,1,0.973994
"AT2G40300.1",0,0,0,0,0,0,0.027,0.03,1,0.941033,1
"AT4G04020.1",0,0,0,0,0,0,0.032,0.0373,1,0.914645,1
"AT4G22240.1",0,0,0,0,0,0,-0.011,-0.0121,1,1,0.954824
"AT2G46910.1",0,0,0,0,0,0,0.029,0.0323,1,0.933166,1
"AT4G39710.1",0,0,0,0,0,0,-0.001,-0.0015,1,1,0.974557
"AT1G79790.1",0,0,0,0,0,0,-0.013,-0.0147,1,1,0.950217
"AT5G66190.1",0,0,0,0,0,0,0.025,0.0268,1,0.951181,1
"AT1G20020.1",0,0,0,0,0,0,-0.014,-0.0151,1,1,0.949578
"AT1G74260.1",0,0,0,0,0,0,0.01,0.0116,1,0.986929,0.991799
"AT3G54050.1",0,0,0,0,0,0,0.035,0.0418,1,0.896434,1
"AT4G38970.1",0,0,0,0,0,0,-0.001,-0.0011,1,1,0.975193
"AT2G01140.1",0,0,0,0,0,0,0.001,6e-04,1,1,0.977955
"AT4G23100.1",0,0,0,0,0,0,0.007,0.0081,1,0.99269,0.988117
"AT4G28030.1",0,0,0,0,0,0,0.022,0.0241,1,0.958982,1
"AT5G63570.1",0,0,0,0,0,0,0.001,0.0013,1,1,0.979055
"AT5G35630.1",0,0,0,0,0,0,0.026,0.0298,1,0.941655,1
"AT3G17820.1",0,0,0,0,0,0,-0.004,-0.005,1,1,0.968256
"AT3G54900.1",0,0,0,0,0,0,0.012,0.0142,1,0.982193,0.994238
"AT4G28730.1",0,0,0,0,0,0,-0.015,-0.0165,1,1,0.947264
"AT2G20270.1",0,0,0,0,0,0,-0.005,-0.0055,1,1,0.967379
"AT2G25080.1",0,0,0,0,0,0,0.003,0.0039,1,0.999017,0.98282
"AT4G11600.1",0,0,0,0,0,0,0.002,0.0023,1,1,0.980542
"AT2G29450.1",0,0,0,0,0,0,0.023,0.0259,1,0.953854,1
"AT5G27380.1",0,0,0,0,0,0,0.018,0.0205,1,0.968474,0.999386
"AT1G78370.1",0,0,0,0,0,0,-0.006,-0.0072,1,1,0.964177
"AT1G78380.1",0,0,0,0,0,0,0.018,0.0205,1,0.968474,0.999386
"AT3G55040.1",0,0,0,0,0,0,0.001,0.0015,1,1,0.979343
"AT3G25660.1",0,0,0,0,0,0,-0.002,-0.0022,1,1,0.973344
"AT1G48520.1",0,0,0,0,0,0,0.014,0.0167,1,0.977069,0.996436
"AT1G32200.1",0,0,0,0,0,0,-0.001,-0.0013,1,1,0.974876
"AT1G11860.1",0,0,0,0,0,0,0.018,0.02,1,0.969618,0.999036
"AT2G35370.1",0,0,0,0,0,0,0.004,0.005,1,0.99739,0.984333
"AT4G33010.1",0,0,0,0,0,0,-0.002,-0.0021,1,1,0.973507
"AT4G37930.1",0,0,0,0,0,0,0.006,0.0071,1,0.994224,0.98697
"AT3G14415.1",0,0,0,0,0,0,0.007,0.0086,1,0.991945,0.988646
"AT1G63770.3",0,0,0,0,0,0,0.033,0.037,1,0.915744,1
"AT1G11840.1",0,0,0,0,0,0,-0.001,-0.0012,1,1,0.975035
"AT3G25530.1",0,0,0,0,0,0,0.021,0.0241,1,0.958982,1
"AT1G17650.1",0,0,0,0,0,0,-0.007,-0.0081,1,1,0.962381
"AT5G17710.1",0,0,0,0,0,0,-0.014,-0.0161,1,1,0.947867
"AT3G43300.1",0,0,0,0,0,0,-0.009,-0.01,1,1,0.95879
"AT5G53850.2",0,0,0,0,0,0,-0.002,-0.0024,1,1,0.973016
"AT2G33255.1",0,0,0,0,0,0,-0.013,-0.0155,1,1,0.948869
"AT5G10460.1",0,0,0,0,0,0,0.015,0.0173,1,0.975859,0.996901
"AT2G25870.1",0,0,0,0,0,0,-0.014,-0.0164,1,1,0.947414
"AT4G39970.1",0,0,0,0,0,0,0.002,0.0021,1,1,0.980264
"AT3G24430.1",0,0,0,0,0,0,-0.002,-0.0023,1,1,0.97318
"AT5G23120.1",0,0,0,0,0,0,0.017,0.0188,1,0.972498,0.998102
"AT3G46970.1",0,0,0,0,0,0,0.028,0.0332,1,0.929993,1
"AT1G09340.1",0,0,0,0,0,0,0.013,0.0142,1,0.982193,0.994238
"AT5G42310.1",0,0,0,0,0,0,0.036,0.0417,1,0.896823,1
"AT1G06130.1",0,0,0,0,0,0,0.019,0.0207,1,0.967894,0.999558
"AT5G08280.1",0,0,0,0,0,0,-0.013,-0.014,1,1,0.951439
"AT1G68010.1",0,0,0,0,0,0,0.1,0.1046,1,0.949766,0.990247
"AT5G49030.1",0,0,0,0,0,0,0.11,0.1203,1,0.838847,0.990344
"AT3G55760.1",0,0,0,0,0,0,-0.008,-0.0092,1,1,0.960313
"AT5G53480.1",0,0,0,0,0,0,0.029,0.0329,1,0.931002,1
"AT2G04400.1",0,0,0,0,0,0,0.034,0.037,1,0.915744,1
"AT5G09650.1",0,0,0,0,0,0,0.027,0.0295,1,0.942582,1
"AT4G39120.1",0,0,0,0,0,0,0.014,0.0157,1,0.979219,0.995562
"AT5G51100.1",0,0,0,0,0,0,0.023,0.0254,1,0.955369,1
"AT2G39930.1",0,0,0,0,0,0,0.019,0.0202,1,0.969163,0.999177
"AT1G03310.1",0,0,0,0,0,0,-0.013,-0.0148,1,1,0.950057
"AT4G19830.1",0,0,0,0,0,0,0.026,0.0294,1,0.943043,1
"AT3G60370.1",0,0,0,0,0,0,0.021,0.0244,1,0.958192,1
"AT1G20810.1",0,0,0,0,0,0,0.012,0.0131,1,0.984228,0.993245
"AT5G16440.1",0,0,0,0,0,0,0.024,0.0283,1,0.946518,1
"AT3G58610.1",0,0,0,0,0,0,-0.011,-0.0128,1,1,0.953621
"AT5G57040.1",0,0,0,0,0,0,0.04,0.0455,1,0.881016,1
"AT2G44060.1",0,0,0,0,0,0,0.012,0.0146,1,0.981374,0.994616
"AT5G45170.1",0,0,0,0,0,0,0.037,0.041,1,0.899728,1
"AT2G01210.1",0,0,0,0,0,0,0.025,0.0294,1,0.943043,1
"AT4G30920.1",0,0,0,0,0,0,0.035,0.0385,1,0.909821,1
"AT4G30910.1",0,0,0,0,0,0,-0.006,-0.0068,1,1,0.964894
"AT1G09620.1",0,0,0,0,0,0,0.003,0.003,1,1,0.981567
"AT3G47470.1",0,0,0,0,0,0,0.001,0.0012,1,1,0.97891
"AT3G01510.1",0,0,0,0,0,0,0.005,0.005,1,0.99739,0.984333
"AT3G45140.1",0,0,0,0,0,0,0,2e-04,1,1,0.977356
"AT1G73060.1",0,0,0,0,0,0,-0.009,-0.0094,1,1,0.959954
"AT5G65620.1",0,0,0,0,0,0,0.016,0.0189,1,0.972281,0.998175
"AT5G01650.1",0,0,0,0,0,0,-0.004,-0.0045,1,1,0.969213
"AT3G47520.1",0,0,0,0,0,0,0.01,0.011,1,0.987987,0.991189
"AT5G58330.1",0,0,0,0,0,0,0.038,0.0428,1,0.892343,1
"AT2G30200.1",0,0,0,0,0,0,0.032,0.0364,1,0.918106,1
"AT3G10920.1",0,0,0,0,0,0,-0.002,-0.0017,1,1,0.974156
"AT1G79230.1",0,0,0,0,0,0,0.037,0.0438,1,0.888043,1
"AT2G23820.2",0,0,0,0,0,0,0.02,0.0221,1,0.964432,1
"AT1G53670.1",0,0,0,0,0,0,0.032,0.0333,1,0.929655,1
"AT3G59970.3",0,0,0,0,0,0,0.004,0.0047,1,0.997869,0.9839
"AT3G55400.1",0,0,0,0,0,0,-0.011,-0.0125,1,1,0.954134
"AT1G08520.1",0,0,0,0,0,0,-0.009,-0.0098,1,1,0.959147
"AT5G13630.1",0,0,0,0,0,0,0,2e-04,1,1,0.977356
"AT5G24020.1",0,0,0,0,0,0,0.015,0.0177,1,0.974934,0.997245
"AT3G63540.1",0,0,0,0,0,0,0,-6e-04,1,1,0.976055
"AT4G09620.1",0,0,0,0,0,0,0.039,0.0451,1,0.882769,1
"AT1G63680.1",0,0,0,0,0,0,0.008,0.009,1,0.991267,0.989113
"AT5G25980.2",0,0,0,0,0,0,0,3e-04,1,1,0.977507
"AT3G57560.1",0,0,0,0,0,0,-0.012,-0.0139,1,1,0.951604
"AT3G27890.1",0,0,0,0,0,0,0.009,0.0105,1,0.988786,0.99071
"AT5G11670.1",0,0,0,0,0,0,-0.01,-0.0118,1,1,0.955432
"AT3G12390.1",0,0,0,0,0,0,0.039,0.0415,1,0.897599,1
"ATCG00430.1",0,0,0,0,0,0,0.009,0.01,1,0.989652,0.990172
"AT4G37925.1",0,0,0,0,0,0,0.039,0.0402,1,0.902998,1
"AT1G74880.1",0,0,0,0,0,0,0.014,0.0151,1,0.980355,0.995073
"AT4G09320.1",0,0,0,0,0,0,-0.017,-0.0192,1,1,0.943279
"AT4G11010.1",0,0,0,0,0,0,0.022,0.0246,1,0.957661,1
"AT2G24270.1",0,0,0,0,0,0,-0.006,-0.0066,1,1,0.965251
"AT4G12720.1",0,0,0,0,0,0,0.033,0.0355,1,0.921508,1
"AT5G19460.1",0,0,0,0,0,0,0.005,0.0056,1,0.996491,0.985121
"AT5G11450.1",0,0,0,0,0,0,0.017,0.0185,1,0.973143,0.997881
"AT1G34000.1",0,0,0,0,0,0,-0.005,-0.0053,1,1,0.967731
"AT3G48990.1",0,0,0,0,0,0,-0.012,-0.0135,1,1,0.952353
"AT1G15140.1",0,0,0,0,0,0,0.01,0.0107,1,0.988468,0.990902
"AT4G33520.2",0,0,0,0,0,0,0.002,0.002,1,1,0.980123
"AT4G23670.1",0,0,0,0,0,0,0.026,0.0281,1,0.947112,1
"AT5G19820.1",0,0,0,0,0,0,0.016,0.0191,1,0.971736,0.998357
"AT3G62530.1",0,0,0,0,0,0,0.022,0.0248,1,0.956993,1
"AT2G38230.1",0,0,0,0,0,0,0.033,0.0403,1,0.902614,1
"AT5G13230.1",0,0,0,0,0,0,-0.018,-0.0192,1,1,0.943279
"AT1G74850.1",0,0,0,0,0,0,0.023,0.0254,1,0.955369,1
"AT5G53490.1",0,0,0,0,0,0,0.014,0.0157,1,0.979219,0.995562
"AT1G15390.1",0,0,0,0,0,0,0.017,0.0186,1,0.972929,0.997955
"AT5G35100.1",0,0,0,0,0,0,-0.006,-0.0071,1,1,0.964357
"AT2G16600.1",0,0,0,0,0,0,0.006,0.0074,1,0.99379,0.987303
"ATCG00540.1",0,0,0,0,0,0,0.006,0.0071,1,0.994224,0.98697
"ATCG00720.1",0,0,0,0,0,0,0.014,0.0157,1,0.979219,0.995562
"AT4G03280.1",0,0,0,0,0,0,0.025,0.0289,1,0.944567,1
"AT1G66430.1",0,0,0,0,0,0,0.019,0.0208,1,0.967661,0.999627
"AT1G17160.1",0,0,0,0,0,0,0.011,0.0126,1,0.985173,0.992757
"AT4G28706.2",0,0,0,0,0,0,0.023,0.0252,1,0.955913,1
"AT5G37850.1",0,0,0,0,0,0,0.03,0.0321,1,0.933825,1
"AT3G58140.1",0,0,0,0,0,0,-0.01,-0.0114,1,1,0.956131
"AT5G26570.1",0,0,0,0,0,0,0.034,0.0379,1,0.912245,1
"AT1G23190.1",0,0,0,0,0,0,-0.001,-0.0012,1,1,0.975035
"AT1G79550.1",0,0,0,0,0,0,0.038,0.0428,1,0.892343,1
"AT3G12780.1",0,0,0,0,0,0,0.007,0.0077,1,0.993352,0.987632
"AT1G56190.1",0,0,0,0,0,0,0.023,0.027,1,0.95061,1
"AT3G15730.1",0,0,0,0,0,0,-0.01,-0.0114,1,1,0.956131
"AT4G21210.1",0,0,0,0,0,0,0.001,9e-04,1,1,0.978472
"AT1G09830.1",0,0,0,0,0,0,0.028,0.0306,1,0.93899,1
"AT1G31860.1",0,0,0,0,0,0,0.006,0.0067,1,0.99487,0.986463
"AT2G36230.1",0,0,0,0,0,0,0.001,9e-04,1,1,0.978472
"AT1G32060.1",0,0,0,0,0,0,-0.015,-0.0162,1,1,0.947716
"AT2G17630.1",0,0,0,0,0,0,-0.016,-0.0183,1,1,0.944543
"AT3G15840.1",0,0,0,0,0,0,-0.015,-0.0175,1,1,0.94573
"AT4G01900.1",0,0,0,0,0,0,0.019,0.0222,1,0.964187,1
"AT2G14260.1",0,0,0,0,0,0,0.008,0.0087,1,0.99172,0.988803
"AT2G19760.1",0,0,0,0,0,0,0.027,0.0292,1,0.943655,1
"AT4G29350.1",0,0,0,0,0,0,0.03,0.0352,1,0.92257,1
"AT1G31160.1",0,0,0,0,0,0,0.027,0.0317,1,0.935297,1
"AT2G16950.1",0,0,0,0,0,0,-0.012,-0.0141,1,1,0.951275
"AT3G52180.1",0,0,0,0,0,0,0.01,0.0114,1,0.987257,0.991613
"ATCG00340.1",0,0,0,0,0,0,0.008,0.0089,1,0.991419,0.98901
"AT4G28750.1",0,0,0,0,0,0,0.013,0.0153,1,0.979979,0.995237
"AT2G20260.1",0,0,0,0,0,0,0.038,0.0412,1,0.898955,1
"AT1G31330.1",0,0,0,0,0,0,0.015,0.0168,1,0.97687,0.996514
"AT4G12800.1",0,0,0,0,0,0,0.008,0.0087,1,0.99172,0.988803
"AT1G05385.1",0,0,0,0,0,0,0.011,0.012,1,0.986184,0.992214
"ATCG00680.1",0,0,0,0,0,0,0.01,0.0112,1,0.987582,0.991425
"AT5G66570.1",0,0,0,0,0,0,0.009,0.0101,1,0.989495,0.99027
"AT3G50820.1",0,0,0,0,0,0,0.012,0.0138,1,0.98291,0.993896
"AT4G21280.1",0,0,0,0,0,0,0.007,0.0083,1,0.992393,0.98833
"AT3G01440.1",0,0,0,0,0,0,0.003,0.0031,1,1,0.981701
"AT1G44575.1",0,0,0,0,0,0,0.007,0.0081,1,0.99269,0.988117
"AT4G28660.1",0,0,0,0,0,0,0.014,0.016,1,0.978544,0.995843
"AT2G30170.1",0,0,0,0,0,0,0.022,0.0263,1,0.952597,1
"AT2G38140.1",0,0,0,0,0,0,0.009,0.0106,1,0.988627,0.990806
"AT5G17870.1",0,0,0,0,0,0,0.006,0.0064,1,0.995297,0.986119
"AT5G04360.1",0,0,0,0,0,0,0.001,6e-04,1,1,0.977955
"AT1G48420.1",0,0,0,0,0,0,-0.016,-0.0189,1,1,0.943671
"AT3G15690.2",0,0,0,0,0,0,0.024,0.0286,1,0.945622,1
"AT3G63190.1",0,0,0,0,0,0,0.017,0.0186,1,0.972929,0.997955
"AT2G35410.1",0,0,0,0,0,0,0.013,0.0143,1,0.981922,0.994364
"AT4G11980.1",0,0,0,0,0,0,-0.006,-0.0072,1,1,0.964177
"AT5G50850.1",0,0,0,0,0,0,0.007,0.0076,1,0.993498,0.987522
"AT1G32440.1",0,0,0,0,0,0,-0.01,-0.0117,1,1,0.955606
"AT5G52920.1",0,0,0,0,0,0,-0.013,-0.0149,1,1,0.949897
"AT4G15530.1",0,0,0,0,0,0,0.013,0.0148,1,0.981006,0.994783
"AT2G01350.1",0,0,0,0,0,0,-0.011,-0.0122,1,1,0.954651
"AT5G19855.1",0,0,0,0,0,0,-0.009,-0.0103,1,1,0.958254
"AT5G19370.1",0,0,0,0,0,0,0.028,0.0319,1,0.934481,1
"AT3G04790.1",0,0,0,0,0,0,0.025,0.0273,1,0.949601,1
"AT5G44520.1",0,0,0,0,0,0,-0.012,-0.0137,1,1,0.951936
"AT4G34730.1",0,0,0,0,0,0,0.025,0.0267,1,0.951466,1
"AT3G61080.1",0,0,0,0,0,0,0,4e-04,1,1,0.977657
"AT5G61410.1",0,0,0,0,0,0,0.02,0.0227,1,0.962824,1
"AT3G53460.1",0,0,0,0,0,0,0.096,0.1087,1,0.928888,0.99029
"AT2G37220.1",0,0,0,0,0,0,0.007,0.0076,1,0.993498,0.987522
"AT1G60000.1",0,0,0,0,0,0,-0.018,-0.0193,1,1,0.943086
"AT1G01080.1",0,0,0,0,0,0,-0.015,-0.0172,1,1,0.94616
"AT4G16390.1",0,0,0,0,0,0,-0.003,-0.0032,1,1,0.971602
"AT5G63420.1",0,0,0,0,0,0,-0.003,-0.003,1,1,0.971938
"ATCG00180.1",0,0,0,0,0,0,-0.003,-0.0039,1,1,0.970331
"AT1G16445.1",0,0,0,0,0,0,0,-2e-04,1,1,0.976672
"AT2G39730.1",0,0,0,0,0,0,-0.002,-0.0027,1,1,0.972437
"AT5G38430.1",0,0,0,0,0,0,0.02,0.0234,1,0.960926,1
"AT1G67090.1",0,0,0,0,0,0,-0.011,-0.0128,1,1,0.953621
"AT1G12800.1",0,0,0,0,0,0,0.025,0.0282,1,0.946816,1
"AT4G13940.1",0,0,0,0,0,0,-0.007,-0.0074,1,1,0.963729
"AT3G04260.1",0,0,0,0,0,0,-0.009,-0.0105,1,1,0.95781
"AT3G55800.1",0,0,0,0,0,0,0.031,0.0352,1,0.92257,1
"AT5G36210.1",0,0,0,0,0,0,0.008,0.0096,1,0.990273,0.989774
"AT1G11870.1",0,0,0,0,0,0,0.01,0.0115,1,0.987093,0.991706
"AT2G35500.1",0,0,0,0,0,0,-0.017,-0.0191,1,1,0.943409
"AT1G17050.1",0,0,0,0,0,0,0.03,0.0332,1,0.929993,1
"AT3G01180.1",0,0,0,0,0,0,0.016,0.0184,1,0.973357,0.997807
"AT1G11720.1",0,0,0,0,0,0,0.038,0.0428,1,0.892343,1
"AT4G18240.1",0,0,0,0,0,0,0.034,0.0376,1,0.913356,1
"AT4G08390.1",0,0,0,0,0,0,0.027,0.03,1,0.941033,1
"AT1G32500.1",0,0,0,0,0,0,0.015,0.0169,1,0.976669,0.996592
"AT3G16640.1",0,0,0,0,0,0,0.041,0.0459,1,0.879463,1
"AT4G00620.1",0,0,0,0,0,0,0.008,0.0092,1,0.990963,0.989318
"AT1G01320.1",0,0,0,0,0,0,-0.011,-0.0121,1,1,0.954824
"AT2G29630.1",0,0,0,0,0,0,0.013,0.0143,1,0.981922,0.994364
"AT1G68260.1",0,0,0,0,0,0,0.039,0.0436,1,0.889021,1
"AT5G26000.1",0,0,0,0,0,0,0.001,0.0013,1,1,0.979055
"AT3G02730.1",0,0,0,0,0,0,0.012,0.0136,1,0.983265,0.993724
"AT5G16400.1",0,0,0,0,0,0,-0.011,-0.012,1,1,0.955084
"AT5G42980.1",0,0,0,0,0,0,0.007,0.0083,1,0.992393,0.98833
"AT4G03520.1",0,0,0,0,0,0,0.02,0.0233,1,0.961182,1
"AT3G15360.1",0,0,0,0,0,0,-0.011,-0.0135,1,1,0.952353
"AT1G50320.1",0,0,0,0,0,0,0.005,0.006,1,0.995932,0.985595
"AT1G43560.1",0,0,0,0,0,0,0.018,0.0208,1,0.967661,0.999627
"AT2G04842.1",0,0,0,0,0,0,0.004,0.0042,1,0.998547,0.98327
"AT4G24930.1",0,0,0,0,0,0,0.014,0.0169,1,0.976669,0.996592
"AT1G12250.1",0,0,0,0,0,0,0.014,0.0154,1,0.97979,0.995318
"AT2G44920.2",0,0,0,0,0,0,-0.008,-0.0088,1,1,0.961122
"AT3G18890.1",0,0,0,0,0,0,0.02,0.0225,1,0.963323,1
"AT3G01480.1",0,0,0,0,0,0,0.006,0.0066,1,0.995013,0.986349
"AT1G12230.1",0,0,0,0,0,0,0.008,0.0087,1,0.99172,0.988803
"AT2G24060.1",0,0,0,0,0,0,-0.003,-0.0036,1,1,0.970842
"AT5G55220.1",0,0,0,0,0,0,-0.01,-0.0118,1,1,0.955432
"AT2G21170.1",0,0,0,0,0,0,-0.011,-0.0125,1,1,0.954134
"AT3G55440.1",0,0,0,0,0,0,0.037,0.0405,1,0.901847,1
"AT3G59980.1",0,0,0,0,0,0,-0.015,-0.0173,1,1,0.946016
"AT4G33760.1",0,0,0,0,0,0,0.025,0.0282,1,0.946816,1
"AT3G13490.1",0,0,0,0,0,0,0.036,0.0401,1,0.90338,1
"AT5G52520.1",0,0,0,0,0,0,0.02,0.0229,1,0.962323,1
"AT5G38530.1",0,0,0,0,0,0,-0.011,-0.0129,1,1,0.953365
"AT5G54810.1",0,0,0,0,0,0,-0.005,-0.006,1,1,0.966407
"AT3G15950.1",0,0,0,0,0,0,0.015,0.0176,1,0.975141,0.997169
"AT2G30110.1",0,0,0,0,0,0,0.028,0.0312,1,0.936915,1
"AT5G47860.1",0,0,0,0,0,0,0.008,0.0089,1,0.991419,0.98901
"AT3G59870.1",0,0,0,0,0,0,0,5e-04,1,1,0.977806
"AT1G67700.1",0,0,0,0,0,0,-0.016,-0.0184,1,1,0.944407
"AT1G72640.1",0,0,0,0,0,0,-0.005,-0.0065,1,1,0.965429
"AT5G41950.1",0,0,0,0,0,0,0.03,0.0324,1,0.932835,1
"AT5G27560.1",0,0,0,0,0,0,-0.01,-0.0113,1,1,0.956307
"AT2G43180.1",0,0,0,0,0,0,0.01,0.0108,1,0.988308,0.990998
"AT1G32160.1",0,0,0,0,0,0,-0.01,-0.0121,1,1,0.954824
"AT5G63100.1",0,0,0,0,0,0,0.007,0.0075,1,0.993644,0.987413
"AT2G31890.1",0,0,0,0,0,0,0.03,0.0312,1,0.936915,1
"AT1G55480.1",0,0,0,0,0,0,-0.004,-0.0042,1,1,0.969731
"AT5G04440.1",0,0,0,0,0,0,-0.004,-0.0049,1,1,0.968431
"AT2G04039.1",0,0,0,0,0,0,-0.007,-0.0077,1,1,0.96319
"AT2G39080.1",0,0,0,0,0,0,0.017,0.0184,1,0.973357,0.997807
"AT4G38225.1",0,0,0,0,0,0,0.035,0.0411,1,0.899341,1
"AT4G21445.1",0,0,0,0,0,0,0.002,0.0026,1,1,0.981024
"AT5G51720.1",0,0,0,0,0,0,-0.003,-0.0038,1,1,0.970502
"AT5G51110.1",0,0,0,0,0,0,0.026,0.0289,1,0.944567,1
"AT3G04550.1",0,0,0,0,0,0,0.031,0.0371,1,0.915378,1
"AT4G34090.1",0,0,0,0,0,0,0.005,0.0057,1,0.996352,0.985241
"AT2G31670.1",0,0,0,0,0,0,0.009,0.0104,1,0.988944,0.990613
"AT2G21385.1",0,0,0,0,0,0,0.007,0.0079,1,0.992985,0.987902
"AT1G16080.1",0,0,0,0,0,0,-0.009,-0.0098,1,1,0.959147
"AT4G31530.1",0,0,0,0,0,0,-0.011,-0.013,1,1,0.953195
"AT4G30720.1",0,0,0,0,0,0,0,4e-04,1,1,0.977657
"AT5G42765.1",0,0,0,0,0,0,0.03,0.0351,1,0.922922,1
"AT4G10300.1",0,0,0,0,0,0,-0.003,-0.0038,1,1,0.970502
"AT1G54520.1",0,0,0,0,0,0,0.004,0.005,1,0.99739,0.984333
"AT1G62780.1",0,0,0,0,0,0,0.031,0.0349,1,0.923801,1
"AT4G13200.1",0,0,0,0,0,0,-0.007,-0.0084,1,1,0.961841
"AT3G43540.1",0,0,0,0,0,0,0.01,0.0111,1,0.987744,0.991331
"AT2G35450.1",0,0,0,0,0,0,0.008,0.0084,1,0.992244,0.988436
"AT4G30620.1",0,0,0,0,0,0,0.022,0.0255,1,0.954958,1
"AT2G24020.1",0,0,0,0,0,0,0.031,0.0351,1,0.922922,1
"AT2G21530.1",0,0,0,0,0,0,-0.005,-0.0064,1,1,0.965697
"AT2G40490.1",0,0,0,0,0,0,-0.008,-0.0085,1,1,0.961661
"AT4G18810.1",0,0,0,0,0,0,0.028,0.0309,1,0.938037,1
"AT3G09250.1",0,0,0,0,0,0,0.013,0.0149,1,0.980821,0.994866
"AT2G03390.1",0,0,0,0,0,0,0.016,0.0177,1,0.974934,0.997245
"AT5G16715.1",0,0,0,0,0,0,-0.008,-0.0096,1,1,0.959595
"AT4G35250.1",0,0,0,0,0,0,-0.004,-0.005,1,1,0.968256
"AT1G65260.1",0,0,0,0,0,0,-0.011,-0.0125,1,1,0.954134
"AT2G02740.1",0,0,0,0,0,0,0.032,0.0363,1,0.918467,1
"AT2G21370.1",0,0,0,0,0,0,0.008,0.0089,1,0.991419,0.98901
"AT2G25830.1",0,0,0,0,0,0,-0.005,-0.0061,1,1,0.96623
"AT5G67030.1",0,0,0,0,0,0,0.011,0.0122,1,0.985849,0.992396
