"Protein","wt-rep1","wt-rep2","wt-rep3","p1xp2-rep1","p1xp2-rep2","p1xp2-rep3","LogFoldChange","Zstatistic","fdr","FDRup","FDRdown"
"AT3G19170.1",76,124,61,0,0,0,-4.595,-7.4186,0,0.973582,0
"ATCG00480.1",943,1025,836,717,814,849,-0.162,-5.7687,1e-06,0.974743,0
"AT1G61520.1",159,302,374,157,244,238,-0.266,-5.2239,1.7e-05,0.976508,4e-06
"AT5G01530.1",241,286,243,207,177,205,-0.268,-5.166,2.4e-05,0.976756,5e-06
"ATCG00340.1",452,415,355,328,314,334,-0.22,-5.0971,3.8e-05,0.977046,7e-06
"sum53",374,513,507,543,484,606,0.162,4.6911,0.000919,0.00078,0.973641
"ATCG00280.1",442,639,675,376,486,644,-0.153,-4.2887,0.003187,0.979275,0.000384
"AT3G60750.1",239,308,240,360,255,346,0.203,4.2915,0.004476,0.002093,0.974709
"AT1G52230.1",61,72,31,41,33,27,-0.495,-3.888,0.007806,0.98179,0.001884
"AT4G21280.1",250,319,324,226,264,240,-0.2,-3.8658,0.008295,0.982001,0.002036
"AT4G10340.1",352,475,578,368,409,447,-0.139,-3.7585,0.011372,0.983128,0.002931
"sum23",117,178,187,78,163,132,-0.256,-3.6964,0.013878,0.983859,0.003607
"ATCG00720.1",135,126,109,118,99,61,-0.286,-3.6788,0.014715,0.984067,0.003816
"AT2G39730.2",325,473,445,472,425,552,0.151,3.9915,0.015114,0.005184,0.975759
"AT1G32900.1",23,3,5,5,0,0,-1.534,-3.5326,0.024685,0.985928,0.006124
"AT5G13630.1",18,37,4,12,1,12,-0.859,-3.4724,0.030928,0.986721,0.007424
"AT5G04140.1",240,445,239,301,332,468,0.174,3.7708,0.035443,0.010401,0.976624
"ATCG00120.1",800,765,665,679,662,669,-0.106,-3.3893,0.042452,0.987809,0.009648
"AT4G03280.1",58,54,65,38,37,46,-0.388,-3.3855,0.043072,0.987857,0.009761
"sum50",148,157,113,103,99,125,-0.243,-3.3407,0.051076,0.988438,0.01123
"AT1G56500.1",68,65,28,44,27,40,-0.381,-3.1365,0.104927,0.991064,0.021228
"AT3G47470.1",229,435,383,237,382,286,-0.144,-3.1284,0.107612,0.991174,0.021794
"ATCG00170.1",10,13,10,19,16,34,0.74,3.4078,0.115122,0.031725,0.978265
"AT3G43540.1",5,5,8,1,0,0,-1.973,-2.9936,0.156255,0.992916,0.03254
"AT3G01500.1",70,97,128,84,146,152,0.259,3.274,0.172333,0.046836,0.978945
"AT5G35630.1",72,112,134,135,98,175,0.25,3.2108,0.208069,0.055978,0.979265
"sum6",416,716,769,448,602,680,-0.095,-2.8544,0.212006,0.994872,0.048373
"AT1G22530.1",3,12,0,0,0,0,-1.858,-2.7031,0.284176,0.997186,0.071762
"AT1G44575.1",158,247,199,187,195,128,-0.165,-2.6934,0.289551,0.997344,0.073564
"ATCG00680.1",796,844,888,755,725,871,-0.073,-2.6615,0.30808,0.997863,0.079673
"ATCG00270.1",521,658,582,485,524,593,-0.093,-2.647,0.316969,0.998104,0.082625
"sum49",152,167,109,127,108,123,-0.177,-2.5913,0.354129,0.999012,0.094492
"AT2G04030.1",36,33,21,57,26,52,0.413,3.013,0.354446,0.096474,0.98025
"AT2G43945.1",0,7,6,0,0,0,-1.712,-2.5846,0.358944,0.999133,0.096173
"AT3G14210.1",44,36,52,39,27,27,-0.348,-2.5723,0.367986,0.999334,0.099029
"AT2G43030.1",21,35,27,14,21,19,-0.428,-2.4733,0.450742,1,0.124455
"AT1G71500.1",32,43,45,27,33,25,-0.339,-2.4604,0.462839,1,0.128334
"AT5G35790.1",3,10,7,0,4,2,-1.083,-2.4557,0.467319,1,0.129409
"sum32",43,55,55,34,28,52,-0.296,-2.4497,0.473093,1,0.131217
"AT3G16140.1",23,36,86,41,66,88,0.292,2.7177,0.546133,0.197555,0.981729
"AT5G04740.1",0,6,2,6,9,10,1.026,2.6738,0.562955,0.216635,0.981986
"ATCG00350.1",255,262,202,223,171,238,-0.131,-2.3614,0.564386,1,0.159615
"AT1G15820.1",305,285,314,282,247,278,-0.111,-2.354,0.572474,1,0.162189
"AT3G23400.1",34,45,52,28,64,86,0.302,2.6131,0.583315,0.243746,0.982366
"AT3G08940.2",136,238,228,116,206,202,-0.139,-2.3409,0.586907,1,0.166994
"AT4G24770.1",5,11,8,11,16,16,0.606,2.3701,0.670009,0.360386,0.984275
"AT3G46740.1",8,23,16,9,6,13,-0.532,-2.2531,0.685217,1,0.200743
"AT4G20360.1",219,251,264,237,238,348,0.12,2.333,0.687856,0.3788,0.984607
"AT3G57050.1",1,7,10,11,9,15,0.687,2.3255,0.691669,0.382502,0.984674
"AT1G27450.1",1,3,2,6,4,7,1.097,2.3237,0.692594,0.383739,0.984696
"AT5G15450.1",16,5,11,23,10,21,0.528,2.3065,0.701638,0.392411,0.984852
"AT3G59870.1",0,0,2,0,5,9,1.335,2.3057,0.702067,0.393032,0.984864
"sum31",12,14,6,6,0,9,-0.712,-2.2324,0.708118,1,0.209538
"AT2G37660.1",14,34,37,36,32,48,0.32,2.248,0.735066,0.421839,0.985374
"AT1G16880.1",16,23,26,31,26,36,0.353,2.2123,0.75734,0.440271,0.985687
"AT1G22700.1",3,3,4,11,5,6,0.848,2.2094,0.759205,0.442193,0.985719
"AT5G25980.2",6,7,2,2,2,0,-1.177,-2.1553,0.789091,1,0.243943
"AT5G51070.1",3,6,7,11,7,13,0.649,2.1052,0.830011,0.497023,0.986533
"AT2G30200.1",9,15,10,15,11,27,0.452,2.0957,0.83666,0.502354,0.986601
"AT3G05350.1",6,8,1,10,5,14,0.671,2.0887,0.841558,0.506364,0.986651
"ATCG00500.1",14,12,10,7,3,10,-0.589,-2.0989,0.841854,1,0.271753
"AT4G27440.1",23,29,33,37,41,36,0.299,2.0808,0.847079,0.510383,0.986699
"AT4G01050.1",54,47,43,41,27,43,-0.254,-2.0894,0.850096,1,0.276778
"AT4G22890.1",38,57,50,30,36,45,-0.254,-2.0704,0.866002,1,0.286344
"AT5G38430.1",50,79,94,77,98,92,0.18,2.0427,0.87343,0.531299,0.98693
"sum28",73,131,120,69,162,146,0.157,2.0304,0.881771,0.538093,0.986996
"ATCG00150.1",9,24,3,16,26,14,0.431,2.0245,0.885733,0.541498,0.987028
"sum24",21,39,41,42,47,43,0.269,2.0193,0.8892,0.544224,0.987053
"AT5G01650.1",0,2,1,4,6,2,1.186,2.003,0.899903,0.553105,0.98713
"AT2G17630.1",2,4,0,5,6,6,0.882,1.9773,0.916177,0.567501,0.987239
"AT3G49680.1",0,0,2,0,3,7,1.175,1.9637,0.924438,0.575057,0.987289
"AT1G02910.1",7,1,6,2,0,2,-1.054,-1.974,0.935203,1,0.339553
"AT4G33500.1",4,11,4,13,8,12,0.562,1.941,0.937603,0.588118,0.987363
"AT1G64190.1",1,3,3,6,3,6,0.854,1.933,0.94204,0.592241,0.987383
"AT2G38040.1",15,11,7,29,6,16,0.431,1.8901,0.96383,0.616232,0.987472
"AT1G62780.1",0,1,2,0,0,2,0.056,0.0771,0.970319,0.97146,0.97528
"AT5G43940.1",0,3,0,0,0,3,0.048,0.0724,0.970327,0.971455,0.9753
"sum43",76,78,40,28,63,104,0.007,0.072,0.970328,0.971455,0.9753
"AT3G55440.1",1,3,4,0,2,5,0.036,0.07,0.970336,0.971452,0.97531
"AT5G19940.1",11,14,19,15,15,15,0.014,0.0673,0.970352,0.97145,0.97532
"AT5G65840.1",0,0,2,0,0,2,0.049,0.0672,0.970352,0.97145,0.97532
"AT4G35250.1",21,28,24,23,29,22,0.012,0.0669,0.970354,0.97145,0.97532
"AT3G57610.1",12,17,18,17,14,17,0.014,0.0662,0.970359,0.971449,0.975325
"ATCG00630.1",1,2,1,1,2,1,0.065,0.0897,0.970366,0.971472,0.975231
"AT4G04770.1",0,3,4,0,5,2,0.033,0.065,0.970368,0.971448,0.97533
"AT3G17810.1",9,13,14,9,10,18,0.022,0.0904,0.970372,0.971473,0.975226
"AT2G36250.1",2,8,9,1,6,13,0.028,0.0918,0.970384,0.971475,0.975221
"AT5G43780.1",5,3,4,2,3,8,0.023,0.0627,0.970389,0.971445,0.97534
"AT5G51820.1",21,32,34,25,31,32,0.009,0.0589,0.970429,0.971442,0.975355
"AT3G08740.1",11,14,15,13,12,15,0.013,0.057,0.970453,0.971441,0.97536
"AT5G13120.1",13,17,23,11,24,19,0.019,0.0983,0.970456,0.97148,0.975198
"AT2G28190.1",19,32,27,19,28,32,0.015,0.0988,0.970463,0.971482,0.975193
"AT5G19855.1",0,2,0,0,2,1,0.04,0.0556,0.970472,0.97144,0.975365
"AT4G04640.1",166,185,197,177,133,173,-0.121,-1.9129,0.970498,1,0.374583
"AT1G09130.1",8,11,12,6,8,18,0.027,0.106,0.970576,0.971487,0.97517
"AT1G65930.1",0,5,6,2,3,7,0.02,0.049,0.970579,0.971434,0.975395
"AT3G25660.1",1,1,2,1,0,2,0.034,0.0458,0.970641,0.971432,0.975405
"ATCG00190.1",10,11,4,10,5,11,0.032,0.1104,0.970662,0.971491,0.975152
"AT5G47860.1",0,2,2,0,1,3,0.029,0.0432,0.970696,0.97143,0.975419
"sum15",1,4,3,0,4,3,0.021,0.0422,0.970719,0.97143,0.975419
"AT1G18640.2",0,2,0,0,2,0,0.033,0.0421,0.970721,0.97143,0.975419
"AT2G20420.1",2,1,0,0,2,1,0.031,0.0415,0.970735,0.971429,0.975424
"AT5G50250.1",2,10,7,6,6,7,0.013,0.0408,0.970751,0.971429,0.975424
"AT2G44530.1",0,2,1,1,2,0,0.031,0.0406,0.970756,0.971428,0.975429
"AT5G16710.1",16,26,24,19,30,17,0.007,0.0392,0.97079,0.971427,0.975434
"AT2G43090.1",6,10,11,11,9,8,0.031,0.1175,0.970824,0.971496,0.975126
"AT2G20690.1",0,0,2,0,0,2,0.027,0.0368,0.970851,0.971426,0.975443
"AT3G10920.1",0,2,0,0,0,2,0.028,0.0364,0.970861,0.971426,0.975443
"AT4G12060.1",8,9,9,7,7,13,0.033,0.1199,0.970886,0.971497,0.975118
"AT3G53130.1",0,2,3,0,2,3,0.02,0.033,0.970955,0.971424,0.975457
"AT3G63410.1",10,15,19,13,13,18,0.007,0.0324,0.970972,0.971424,0.975457
"AT4G15530.1",28,19,26,25,26,23,0.021,0.1233,0.97098,0.971499,0.975106
"AT5G19750.1",0,0,2,0,2,0,0.024,0.0316,0.970996,0.971424,0.975462
"AT4G33030.1",0,0,2,0,0,2,0.021,0.0286,0.971087,0.971423,0.975471
"AT5G17560.1",1,1,1,0,0,1,0.025,0.0284,0.971093,0.971423,0.975476
"AT2G04400.1",9,9,10,10,8,10,0.007,0.0262,0.971165,0.971422,0.97548
"AT3G02660.1",1,3,4,2,2,4,0.013,0.0257,0.971181,0.971422,0.975485
"AT5G47110.1",0,5,2,0,3,4,0.013,0.0248,0.971211,0.971422,0.975485
"AT1G14345.1",9,10,7,9,9,9,0.035,0.1316,0.971238,0.971501,0.975083
"AT1G35680.1",6,15,14,10,12,13,0.006,0.0237,0.971249,0.971422,0.975489
"AT1G02475.1",1,0,1,1,0,1,0.02,0.0221,0.971305,0.971422,0.975498
"AT5G22510.1",0,1,2,0,1,2,0.016,0.022,0.971309,0.971422,0.975498
"AT1G31860.1",0,2,2,1,2,2,0.015,0.0217,0.97132,0.971422,0.975498
"AT5G04900.1",0,1,3,0,2,2,0.013,0.0207,0.971356,0.971421,0.975502
"AT4G28706.1",1,2,2,0,2,2,0.013,0.02,0.971382,0.971421,0.975502
"AT4G26500.1",1,2,4,2,1,4,0.011,0.0191,0.971415,0.971421,0.975507
"AT5G51010.1",2,2,2,0,2,3,0.011,0.0186,0.971434,0.971421,0.975511
"AT2G43710.1",4,8,9,6,5,12,0.042,0.1378,0.971457,0.971502,0.975065
"AT1G57770.1",2,3,1,3,2,0,0.011,0.0177,0.971469,0.971421,0.975511
"AT5G09660.1",15,33,29,18,22,39,0.021,0.1393,0.971514,0.971502,0.975058
"AT3G55330.1",7,21,15,13,18,14,0.031,0.1411,0.971583,0.971502,0.975055
"AT1G17160.1",0,0,2,0,1,2,0.01,0.0124,0.971681,0.971422,0.975532
"AT2G26500.1",5,2,0,0,3,4,0.006,0.0123,0.971686,0.971422,0.975532
"AT3G26060.1",19,19,25,16,26,21,0.002,0.0122,0.97169,0.971422,0.975532
"AT2G04842.1",1,3,2,1,3,2,0.007,0.0109,0.971745,0.971422,0.975536
"AT5G17990.1",7,4,10,7,8,6,0.003,0.0109,0.971745,0.971422,0.975536
"AT4G38100.1",1,0,1,1,0,1,0.009,0.0106,0.971758,0.971422,0.975536
"AT2G40300.1",4,7,12,5,8,11,0.041,0.1456,0.971765,0.971501,0.975042
"AT4G37925.1",1,4,3,3,0,4,0.005,0.0099,0.971788,0.971423,0.97554
"AT5G13650.1",0,3,4,0,1,6,0.005,0.0095,0.971806,0.971423,0.97554
"AT1G29390.1",2,0,1,2,0,0,0.006,0.0084,0.971854,0.971423,0.975544
"AT1G73990.1",3,2,5,5,2,3,0.004,0.0082,0.971863,0.971423,0.975544
"AT2G02500.1",1,1,3,1,2,2,0.003,0.0052,0.972,0.971424,0.975551
"AT4G01150.1",37,52,44,43,41,49,0.001,0.0048,0.972018,0.971425,0.975555
"AT2G22230.1",23,36,21,22,25,34,0.024,0.1531,0.972095,0.971498,0.975025
"AT5G43750.1",2,6,9,5,7,6,0.053,0.1537,0.972123,0.971498,0.975025
"AT1G58080.1",1,1,0,1,1,0,0.002,0.002,0.972152,0.971426,0.975562
"AT1G62640.1",0,6,9,2,5,9,0.001,0.0019,0.972156,0.971426,0.975562
"AT5G14910.1",14,22,18,18,17,21,0.03,0.1554,0.972202,0.971496,0.975019
"AT3G46100.1",0,1,5,0,3,3,0,1e-04,0.972245,0.971427,0.975569
"ATCG00020.1",199,214,188,189,190,228,0.009,0.1569,0.972274,0.971495,0.975017
"AT5G08280.1",18,23,24,25,20,22,0.028,0.1593,0.972391,0.971493,0.975012
"AT1G06690.1",6,7,7,7,7,6,-0.001,-0.0038,0.972443,0.97143,0.97558
"AT3G02630.1",4,5,3,6,1,6,-0.002,-0.0041,0.972459,0.97143,0.97558
"AT3G53580.1",6,7,11,7,8,9,-0.001,-0.0047,0.97249,0.97143,0.97558
"AT4G37200.1",2,2,1,2,1,2,-0.004,-0.0051,0.972512,0.971431,0.975583
"AT2G41040.1",1,1,2,0,2,1,-0.004,-0.0055,0.972533,0.971431,0.975583
"AT1G13270.1",4,4,2,3,4,3,-0.004,-0.0088,0.972712,0.971435,0.975592
"AT5G22580.1",0,5,3,0,4,4,-0.005,-0.0095,0.972751,0.971435,0.975592
"AT1G16720.1",10,5,11,5,8,13,-0.003,-0.0099,0.972773,0.971436,0.975595
"AT1G67560.1",2,1,1,0,0,2,-0.008,-0.0104,0.972801,0.971436,0.975595
"AT5G23120.1",49,53,62,42,56,66,-0.001,-0.0117,0.972875,0.971437,0.975598
"AT1G34000.1",6,16,15,13,10,14,-0.003,-0.0127,0.972932,0.971439,0.975601
"AT3G62030.3",34,70,164,97,86,86,-0.001,-0.0139,0.973002,0.97144,0.975604
"AT3G13120.1",0,2,4,0,2,4,-0.008,-0.0142,0.973019,0.97144,0.975604
"AT5G38660.1",13,19,26,14,24,22,0.032,0.172,0.973065,0.971479,0.97499
"AT2G20890.1",25,39,29,31,40,24,0.025,0.1726,0.973099,0.971477,0.974989
"AT5G24690.1",2,2,2,3,0,2,-0.01,-0.0173,0.973204,0.971445,0.975612
"ATCG00820.1",5,6,5,4,7,6,0.06,0.1756,0.973272,0.971472,0.974985
"ATCG00330.1",5,7,11,4,12,8,0.052,0.1758,0.973283,0.971472,0.974985
"AT5G26000.1",6,6,1,1,2,11,0.07,0.1763,0.973313,0.97147,0.974984
"AT4G33350.1",1,4,5,3,6,2,0.076,0.1765,0.973325,0.97147,0.974984
"AT5G16660.1",8,18,13,7,16,16,-0.004,-0.0194,0.973333,0.971447,0.975614
"ATCG00520.1",1,4,5,2,4,4,-0.009,-0.0194,0.973333,0.971447,0.975614
"AT1G06950.1",83,115,56,89,60,104,-0.002,-0.0196,0.973345,0.971449,0.975617
"AT4G22160.1",2,4,0,3,2,2,-0.012,-0.0209,0.973426,0.971451,0.975619
"AT4G17040.1",1,3,6,0,3,6,-0.01,-0.0212,0.973445,0.971451,0.975619
"AT1G74260.1",21,60,26,27,26,54,-0.003,-0.0228,0.973546,0.971453,0.975622
"AT5G22640.1",4,3,2,2,2,5,-0.012,-0.0254,0.973715,0.971457,0.975626
"AT1G03600.1",4,9,9,8,9,6,0.053,0.1832,0.973731,0.971458,0.974977
"AT1G52400.1",2,2,2,2,2,2,-0.016,-0.0275,0.973854,0.971462,0.97563
"AT3G44880.1",1,0,2,0,1,2,-0.02,-0.0277,0.973867,0.971462,0.97563
"AT4G35760.1",2,1,2,2,0,2,-0.018,-0.0282,0.9739,0.971464,0.975632
"AT1G72640.1",2,0,0,2,0,0,-0.022,-0.0285,0.973921,0.971464,0.975632
"AT5G61410.1",8,20,20,12,14,22,-0.006,-0.0305,0.974057,0.971466,0.975633
"AT3G29185.1",0,0,2,0,0,2,-0.023,-0.0307,0.97407,0.971469,0.975635
"AT2G22360.1",0,0,2,0,2,0,-0.023,-0.0316,0.974133,0.971469,0.975635
"AT3G10670.1",1,4,5,1,4,6,0.086,0.1895,0.974134,0.971443,0.974972
"AT1G48420.1",3,4,3,3,3,5,0.088,0.1918,0.974286,0.971436,0.97497
"AT4G20260.1",2,2,2,2,2,2,-0.021,-0.0343,0.974322,0.971474,0.975638
"AT3G52150.1",1,11,11,6,8,9,-0.011,-0.0359,0.974436,0.97148,0.975641
"AT1G26090.1",0,2,0,0,2,0,-0.028,-0.0365,0.974479,0.97148,0.975641
"AT4G14210.1",2,0,0,0,1,2,-0.028,-0.0374,0.974545,0.971483,0.975642
"AT2G05620.1",3,7,3,5,5,3,-0.015,-0.0385,0.974625,0.971486,0.975643
"sum7",178,355,309,225,276,344,-0.002,-0.0393,0.974684,0.971489,0.975644
"AT1G13930.1",2,4,1,1,2,4,-0.021,-0.0399,0.974729,0.971489,0.975644
"AT1G21440.1",3,3,6,4,4,4,-0.018,-0.0417,0.974863,0.971495,0.975646
"AT1G11720.1",9,4,1,9,1,5,0.074,0.2016,0.974964,0.971406,0.974967
"AT4G12450.1",2,0,0,1,2,0,-0.031,-0.0437,0.975015,0.971499,0.975647
"AT3G04340.1",5,1,0,0,0,5,-0.026,-0.0453,0.975138,0.971502,0.975647
"AT2G34460.1",16,21,16,18,18,17,-0.009,-0.0476,0.975318,0.971509,0.975648
"AT1G50450.1",7,7,6,8,6,6,-0.016,-0.0498,0.975493,0.971517,0.975649
"AT5G47190.1",5,5,17,7,7,13,-0.014,-0.054,0.975834,0.971533,0.975648
"AT2G39470.1",17,15,12,15,14,17,0.045,0.2137,0.975865,0.971357,0.974971
"AT1G12250.1",12,13,10,8,12,17,0.053,0.2146,0.975935,0.971351,0.974972
"AT2G36390.1",16,14,11,11,16,16,0.049,0.2176,0.97617,0.97134,0.974974
"AT1G56050.1",6,6,9,5,6,11,0.066,0.2189,0.976273,0.971334,0.974975
"ATCG00180.1",2,3,3,2,2,5,0.106,0.22,0.976361,0.971327,0.974976
"AT1G32470.1",3,3,2,1,4,3,-0.032,-0.0613,0.976452,0.971555,0.975645
"AT3G49560.1",0,1,6,1,4,4,0.112,0.2256,0.976816,0.971295,0.974983
"AT1G79560.1",6,15,3,7,4,14,0.064,0.2266,0.976899,0.971295,0.974983
"AT2G21170.1",36,38,43,30,47,38,-0.009,-0.0672,0.976973,0.971579,0.975639
"ATCG00420.1",12,14,17,14,10,18,-0.014,-0.0672,0.976973,0.971579,0.975639
"sum14",0,0,4,0,5,0,0.127,0.2275,0.976974,0.971288,0.974984
"AT4G39970.1",2,5,5,2,5,5,-0.029,-0.0674,0.976991,0.971579,0.975639
"AT3G03710.1",20,41,15,30,12,37,0.037,0.228,0.977015,0.971281,0.974986
"AT5G35970.1",14,14,8,12,7,19,0.056,0.2289,0.977091,0.971281,0.974986
"AT1G20620.1",56,86,59,55,62,82,-0.007,-0.0747,0.977664,0.971611,0.975627
"AT5G59880.1",1,0,2,1,0,2,-0.057,-0.0749,0.977683,0.971611,0.975627
"AT3G19490.1",0,3,2,0,2,4,0.137,0.2361,0.977706,0.971236,0.974998
"AT5G45170.1",2,3,4,3,2,5,0.112,0.2384,0.977907,0.97122,0.975003
"AT4G00630.1",20,21,7,21,9,19,0.05,0.2386,0.977925,0.97122,0.975003
"AT5G55710.1",2,4,2,2,3,4,0.121,0.2387,0.977933,0.97122,0.975003
"AT5G12470.1",19,21,19,18,25,18,0.044,0.2397,0.978022,0.971211,0.975005
"AT1G19800.1",1,0,1,0,1,1,-0.069,-0.0791,0.978084,0.971635,0.975617
"AT3G47860.1",3,5,4,2,3,8,0.103,0.2408,0.978119,0.971203,0.975008
"AT5G12040.1",3,3,2,2,3,4,0.122,0.2426,0.978279,0.971194,0.97501
"AT5G11450.1",2,4,1,3,3,2,0.125,0.2428,0.978297,0.971185,0.975013
"AT1G74960.1",4,7,9,5,5,10,-0.025,-0.0815,0.978317,0.971647,0.975611
"AT3G22890.1",25,27,29,28,25,31,0.038,0.2431,0.978324,0.971185,0.975013
"AT5G04590.1",26,28,34,22,29,41,0.037,0.2431,0.978324,0.971185,0.975013
"AT3G15900.1",2,4,4,1,6,4,0.112,0.2432,0.978333,0.971185,0.975013
"AT5G52970.1",1,3,2,2,4,1,0.145,0.2438,0.978387,0.971185,0.975013
"AT4G32770.1",6,1,3,4,1,6,0.11,0.2457,0.978559,0.971167,0.975019
"AT5G35100.1",7,9,5,8,8,7,0.076,0.249,0.97886,0.971139,0.975028
"AT1G32060.1",96,138,153,103,123,166,0.018,0.2503,0.97898,0.971129,0.975032
"AT2G30695.1",4,4,3,4,3,5,0.106,0.252,0.979138,0.971119,0.975035
"AT3G54900.1",2,0,4,4,2,2,0.136,0.2558,0.979494,0.971088,0.975046
"sum46",0,5,4,4,3,4,0.117,0.2596,0.979856,0.971056,0.975057
"AT5G02160.1",9,11,11,2,15,13,-0.026,-0.0982,0.980025,0.971737,0.975557
"AT2G38550.1",0,6,1,4,4,1,0.134,0.2617,0.980058,0.971034,0.975065
"AT5G08050.1",9,8,8,8,9,10,0.074,0.2621,0.980096,0.971034,0.975065
"AT1G75690.1",3,2,3,3,4,2,0.135,0.2655,0.980427,0.970999,0.975078
"AT5G58260.1",15,10,12,11,12,13,-0.025,-0.1056,0.980827,0.971784,0.975523
"AT1G15140.1",4,15,17,5,15,15,-0.025,-0.1061,0.980883,0.971792,0.975517
"ATCG00750.1",11,11,11,13,10,9,-0.026,-0.11,0.981318,0.971818,0.975498
"AT4G34830.1",2,0,0,3,0,0,0.207,0.2747,0.981341,0.970899,0.975116
"AT2G40490.1",19,24,29,17,25,34,0.048,0.2756,0.981432,0.970898,0.975116
"AT5G46290.1",14,9,29,16,13,26,0.054,0.279,0.981777,0.970858,0.975132
"AT2G35370.1",1,2,0,2,0,2,0.198,0.28,0.981879,0.970844,0.975138
"AT5G48960.1",5,5,8,2,8,10,0.093,0.2802,0.9819,0.970844,0.975138
"AT4G33010.1",0,8,2,0,4,7,0.115,0.2807,0.981951,0.970844,0.975138
"ATCG00540.1",113,173,93,153,106,118,-0.009,-0.1159,0.98199,0.971862,0.975461
"AT2G44350.1",0,0,2,1,0,2,-0.085,-0.1183,0.982268,0.971881,0.975445
"ATCG00580.1",120,89,89,84,80,90,-0.154,-1.8894,0.982701,1,0.388498
"AT5G60600.1",24,42,28,25,32,42,0.042,0.2896,0.982876,0.970725,0.975185
"AT2G15290.1",2,3,0,2,3,2,0.167,0.2907,0.982992,0.97071,0.975191
"AT4G02520.1",11,12,6,8,11,9,-0.033,-0.1249,0.983047,0.97193,0.975403
"AT5G56730.1",1,2,2,1,2,3,0.186,0.2929,0.983224,0.970694,0.975197
"AT2G37860.1",0,2,2,3,2,1,0.188,0.2948,0.983426,0.970661,0.97521
"AT2G26080.1",0,1,0,0,1,2,0.224,0.2958,0.983533,0.970645,0.975217
"AT4G23940.1",4,1,4,4,0,5,0.136,0.2959,0.983543,0.970645,0.975217
"AT1G66670.1",0,1,2,1,2,2,0.212,0.2961,0.983565,0.970645,0.975217
"AT2G44640.1",0,2,1,1,0,3,0.208,0.2964,0.983597,0.970645,0.975217
"AT5G49910.1",44,51,32,46,26,53,-0.017,-0.1312,0.983809,0.971981,0.975355
"AT5G55280.1",4,9,5,1,7,9,-0.045,-0.1329,0.984017,0.972002,0.975335
"AT2G21330.3",20,44,37,25,38,36,-0.019,-0.1342,0.984178,0.972013,0.975324
"AT2G47940.1",5,9,6,5,7,7,-0.044,-0.1369,0.984513,0.972035,0.975303
"AT3G27740.1",2,6,11,4,3,14,0.099,0.3055,0.98458,0.970506,0.975274
"AT3G05020.1",6,8,7,2,8,10,-0.045,-0.1388,0.984751,0.972046,0.975292
"AT4G09020.1",8,9,5,11,2,8,-0.044,-0.1389,0.984764,0.972046,0.975292
"AT5G33320.1",9,12,11,12,7,12,-0.036,-0.1411,0.985042,0.972068,0.975269
"AT1G77090.1",5,8,4,5,6,8,0.104,0.3105,0.985128,0.970431,0.975304
"AT2G24090.1",0,2,3,2,2,3,0.175,0.3123,0.985327,0.970412,0.975312
"AT4G26970.1",1,0,3,0,0,3,-0.089,-0.1439,0.985398,0.972103,0.975233
"AT4G29060.1",69,92,31,74,45,71,-0.015,-0.145,0.985539,0.972103,0.975233
"AT3G54660.1",1,6,7,1,7,8,0.119,0.3156,0.985693,0.970353,0.975336
"sum22",0,10,4,0,8,8,0.116,0.3157,0.985704,0.970353,0.975336
"AT2G38270.1",0,2,0,1,2,2,0.234,0.317,0.985849,0.970333,0.975344
"AT4G32470.1",0,3,2,0,3,3,0.183,0.3199,0.986174,0.970292,0.975361
"sum45",74,162,100,96,106,130,-0.012,-0.1519,0.986434,0.972176,0.975156
"AT3G52180.1",5,4,4,7,4,4,0.125,0.3245,0.986691,0.970208,0.975396
"AT4G04020.1",25,41,27,21,34,35,-0.023,-0.1542,0.986737,0.972201,0.975129
"AT4G35090.1",2,4,3,1,1,9,0.142,0.3265,0.986917,0.970165,0.975414
"AT5G21430.1",7,7,18,6,12,13,-0.04,-0.1576,0.987188,0.97224,0.975086
"AT5G65780.1",2,2,3,1,0,4,-0.092,-0.1602,0.987536,0.972266,0.975056
"AT2G39290.1",1,3,0,2,3,0,0.207,0.3332,0.98768,0.970052,0.97546
"AT5G63570.1",22,30,33,23,23,37,-0.026,-0.1623,0.987819,0.972279,0.975041
"AT3G44310.1",3,5,8,2,6,7,-0.06,-0.163,0.987914,0.972293,0.975026
"AT5G63890.1",8,9,6,5,9,8,-0.048,-0.163,0.987914,0.972293,0.975026
"AT1G76730.1",0,2,0,1,2,2,0.239,0.3371,0.988128,0.969982,0.975488
"AT3G04920.1",1,1,0,2,1,1,0.272,0.3381,0.988243,0.969958,0.975498
"AT4G11960.1",1,0,3,2,2,2,0.207,0.3432,0.988831,0.96986,0.975538
"AT5G57040.1",0,0,2,2,0,2,0.244,0.3453,0.989075,0.96981,0.975558
"AT1G70820.1",4,8,14,0,4,9,-0.635,-1.8766,0.989078,1,0.396626
"AT3G54210.1",4,9,11,7,9,10,0.096,0.3465,0.989214,0.969784,0.975569
"AT5G22800.1",31,65,28,39,42,49,0.043,0.3485,0.989446,0.969759,0.975579
"AT1G80300.1",0,0,3,0,1,4,0.219,0.3517,0.98982,0.96968,0.975611
"AT2G41680.1",3,3,7,3,6,3,-0.072,-0.1774,0.989903,0.972463,0.974822
"AT3G56910.1",2,4,3,3,3,2,-0.091,-0.1779,0.989974,0.972463,0.974822
"ATCG01100.1",5,7,10,7,7,10,0.105,0.3548,0.990182,0.969599,0.975644
"AT4G32260.1",47,47,50,47,57,36,-0.021,-0.1805,0.990341,0.972493,0.974785
"AT5G27390.1",0,0,2,1,0,3,0.26,0.3562,0.990346,0.969571,0.975655
"AT3G29320.1",55,77,43,53,52,75,0.037,0.3586,0.990627,0.969516,0.975677
"AT4G04850.2",2,0,1,0,3,0,0.251,0.3589,0.990662,0.969516,0.975677
"ATCG00660.1",11,12,11,11,14,12,0.087,0.3591,0.990686,0.969515,0.975677
"AT3G04790.1",29,37,38,37,39,34,0.051,0.3593,0.990709,0.969515,0.975677
"AT3G56940.1",11,17,19,12,9,24,-0.04,-0.1842,0.990868,0.972538,0.974727
"AT5G08650.1",0,2,1,1,1,3,0.258,0.3641,0.991274,0.969401,0.975723
"AT5G53460.1",92,122,59,125,77,112,0.147,1.8201,0.991336,0.654697,0.987512
"AT3G10690.1",2,1,0,0,0,3,0.272,0.3648,0.991356,0.969372,0.975735
"AT5G27290.1",2,1,1,1,0,3,0.271,0.3655,0.991439,0.969372,0.975735
"ATCG00560.1",0,2,2,2,2,2,0.222,0.3663,0.991533,0.969342,0.975747
"AT5G41670.1",6,18,14,13,8,20,0.085,0.3679,0.991722,0.969313,0.975758
"AT1G08380.1",17,17,14,14,16,21,0.073,0.3698,0.991946,0.969252,0.975782
"AT1G03630.1",11,13,12,10,9,15,-0.046,-0.192,0.991993,0.97265,0.974583
"AT1G74070.1",3,8,5,4,5,6,-0.071,-0.194,0.992285,0.972666,0.974562
"AT2G28000.1",74,103,96,71,109,103,0.032,0.3761,0.992691,0.969097,0.975843
"AT3G01120.1",1,1,0,0,2,1,0.296,0.3771,0.992809,0.969065,0.975856
"AT1G42970.1",138,205,218,135,189,250,0.022,0.3792,0.993058,0.969033,0.975869
"AT5G64290.1",6,6,4,6,5,4,-0.074,-0.2002,0.993196,0.972749,0.97445
"AT2G37500.1",0,0,1,0,1,2,0.314,0.3804,0.9932,0.969001,0.975881
"ATCG00800.1",4,14,21,12,14,17,0.086,0.3827,0.993472,0.968935,0.975907
"AT1G79600.1",8,11,5,13,6,8,0.107,0.3835,0.993567,0.968902,0.97592
"AT2G37690.1",2,5,5,2,1,8,-0.088,-0.2041,0.993776,0.9728,0.97438
"AT1G35420.1",0,0,0,1,2,1,0.32,0.386,0.993863,0.968835,0.975946
"AT5G62720.1",1,7,3,1,4,8,0.166,0.3877,0.994065,0.968801,0.975959
"AT3G51820.1",4,5,5,5,4,7,0.145,0.3885,0.99416,0.968767,0.975972
"AT5G14590.1",3,3,6,2,1,8,-0.091,-0.2125,0.995038,0.972924,0.974206
"AT3G04260.1",3,6,3,5,2,4,-0.091,-0.2153,0.995463,0.972979,0.974127
"AT5G64580.1",0,0,1,1,1,2,0.321,0.4001,0.995534,0.968448,0.976094
"AT5G48220.1",0,1,1,0,0,2,0.321,0.401,0.99564,0.968411,0.976108
"AT2G17695.1",1,2,8,0,4,5,-0.094,-0.2167,0.995676,0.972998,0.974101
"AT3G52380.1",7,17,10,10,8,14,-0.055,-0.218,0.995875,0.973016,0.974074
"AT5G62790.1",7,23,20,13,18,23,0.082,0.4083,0.996503,0.968184,0.976194
"AT2G46820.1",15,17,10,8,19,19,0.085,0.4118,0.996915,0.968067,0.976238
"AT2G42770.1",1,0,1,0,1,2,0.331,0.4129,0.997045,0.968027,0.976252
"AT4G09040.1",0,1,1,1,0,2,0.341,0.414,0.997174,0.967987,0.976267
"AT5G42390.1",14,25,8,27,6,18,0.086,0.4195,0.99782,0.967825,0.976327
"AT3G08640.1",4,4,3,4,6,3,0.177,0.4199,0.997867,0.967825,0.976327
"AT1G48520.1",1,6,3,4,7,0,0.18,0.4203,0.997914,0.967783,0.976342
"AT3G22960.1",9,21,28,5,18,33,-0.043,-0.2321,0.998054,0.973228,0.973757
"AT1G11750.1",9,19,13,12,15,18,0.093,0.4224,0.99816,0.9677,0.976373
"AT2G24020.1",10,15,14,9,15,13,-0.053,-0.2338,0.99832,0.973268,0.973696
"AT4G10000.1",4,4,3,8,2,3,0.18,0.4247,0.998428,0.967658,0.976388
"AT4G02510.1",51,63,44,61,46,59,0.047,0.4251,0.998475,0.967615,0.976403
"AT4G23100.1",10,17,14,6,12,21,-0.051,-0.2359,0.998649,0.973289,0.973664
"AT4G26300.1",2,4,3,3,0,4,-0.121,-0.2374,0.998885,0.973309,0.973633
"AT1G78140.1",1,1,1,0,2,1,0.347,0.4342,0.999533,0.96731,0.976513
"AT1G78900.1",16,14,10,3,11,24,-0.054,-0.2432,0.999801,0.973412,0.973471
"AT3G25920.1",7,10,17,6,12,20,0.103,0.4367,0.999821,0.96722,0.976545
"AT4G29840.1",3,11,7,3,8,13,0.13,0.4381,0.999983,0.967175,0.976561
"AT1G01080.1",2,6,8,8,4,7,0.2,0.5969,1,0.958792,0.979022
"AT1G01090.1",0,1,2,2,2,2,0.484,0.6866,1,0.951778,0.980532
"AT1G01790.1",48,91,28,51,34,52,-0.192,-1.7106,1,1,0.499206
"AT1G02560.1",16,23,22,15,26,13,-0.129,-0.6738,1,0.984967,0.936427
"AT1G03160.1",38,32,30,23,22,40,-0.161,-1.0757,1,0.996036,0.835987
"AT1G03310.1",9,2,7,3,5,8,-0.092,-0.2638,1,0.973783,0.972862
"AT1G03475.1",11,13,16,11,15,19,0.123,0.5495,1,0.961795,0.978241
"AT1G03680.1",10,23,20,15,25,23,0.171,0.9163,1,0.92679,0.983729
"AT1G04410.1",0,6,6,0,4,3,-0.515,-1.1067,1,0.996795,0.824168
"AT1G04420.1",15,21,31,17,26,32,0.12,0.6972,1,0.950802,0.980714
"AT1G05190.1",21,29,39,22,26,28,-0.152,-0.9575,1,0.993068,0.874235
"AT1G06680.1",105,150,193,107,160,207,0.055,0.8396,1,0.936293,0.982812
"AT1G07320.1",12,19,13,16,10,23,0.103,0.4797,1,0.965459,0.977144
"AT1G08110.1",0,4,0,0,2,2,-0.162,-0.2628,1,0.97376,0.9729
"AT1G08490.1",0,1,1,1,5,3,1.204,1.6824,1,0.725201,0.987289
"AT1G08520.1",14,15,10,10,9,13,-0.214,-0.8928,1,0.991353,0.891659
"AT1G08550.1",4,2,8,1,3,4,-0.581,-1.2499,1,0.99993,0.763463
"AT1G08640.1",1,3,1,1,2,1,-0.226,-0.3162,1,0.974855,0.970885
"AT1G09340.1",50,67,81,60,68,91,0.099,1.0019,1,0.915097,0.984524
"AT1G09795.1",1,5,6,3,3,5,-0.104,-0.2462,1,0.973475,0.97337
"AT1G09830.1",2,3,5,0,1,3,-0.736,-1.2799,1,1,0.749289
"AT1G10510.1",2,1,1,0,0,1,-0.333,-0.4074,1,0.977083,0.965835
"AT1G10760.1",79,110,54,94,66,104,0.089,0.9692,1,0.919667,0.984249
"AT1G11430.1",0,3,2,0,2,6,0.433,0.781,1,0.942672,0.982013
"AT1G11860.1",7,9,5,4,5,8,-0.214,-0.6388,1,0.983913,0.941634
"AT1G12230.1",7,16,16,7,12,14,-0.168,-0.6951,1,0.985604,0.933041
"AT1G12410.1",1,0,3,6,2,3,0.842,1.479,1,0.808394,0.986631
"AT1G12800.1",1,1,0,0,0,3,0.6,0.7533,1,0.945569,0.981591
"AT1G12840.1",0,0,2,0,0,4,0.473,0.6863,1,0.951778,0.980532
"AT1G13280.1",7,8,7,7,6,6,-0.151,-0.4866,1,0.979292,0.959559
"AT1G14030.1",2,1,0,0,1,0,-0.369,-0.4481,1,0.978197,0.962833
"AT1G14150.1",11,8,7,7,9,6,-0.174,-0.603,1,0.98278,0.946719
"AT1G14410.1",0,3,0,1,4,3,0.488,0.7964,1,0.941101,0.982226
"AT1G14810.1",7,23,29,9,17,29,-0.071,-0.392,1,0.976662,0.966885
"AT1G15060.1",0,0,1,0,2,2,0.515,0.6634,1,0.953759,0.980144
"AT1G15980.1",12,9,12,4,6,14,-0.33,-1.195,1,0.998766,0.788564
"AT1G16080.1",6,9,4,8,7,10,0.289,0.9071,1,0.928057,0.983622
"AT1G16790.1",0,0,2,2,3,2,0.616,0.9615,1,0.920863,0.98417
"AT1G17050.1",0,1,1,0,0,3,0.625,0.7864,1,0.942153,0.982085
"AT1G17220.1",17,23,5,26,9,28,0.34,1.7321,1,0.701059,0.987405
"AT1G17650.1",0,2,3,2,0,5,0.31,0.5436,1,0.962156,0.978141
"AT1G17745.1",3,0,3,0,1,0,-1.036,-1.4807,1,1,0.639717
"AT1G18060.1",8,9,9,10,10,4,-0.082,-0.2912,1,0.974309,0.971932
"AT1G18170.1",2,9,4,6,5,1,-0.216,-0.5326,1,0.980643,0.955044
"AT1G18500.1",0,2,7,0,6,9,0.488,1.1447,1,0.891927,0.985434
"AT1G18730.1",5,4,2,4,1,4,-0.21,-0.445,1,0.978093,0.963127
"AT1G19150.1",1,4,3,3,4,7,0.598,1.3427,1,0.849121,0.986185
"AT1G20020.1",26,37,34,22,32,35,-0.072,-0.4922,1,0.979436,0.959103
"AT1G20340.1",9,15,28,8,12,15,-0.401,-1.8451,1,1,0.415277
"AT1G21350.1",0,0,3,0,0,5,0.413,0.709,1,0.949802,0.980894
"AT1G23310.1",6,12,10,4,6,12,-0.231,-0.7887,1,0.988393,0.915707
"AT1G23740.1",22,38,33,32,37,34,0.103,0.731,1,0.947732,0.981247
"AT1G24360.1",10,20,24,17,19,24,0.112,0.5818,1,0.959789,0.978773
"AT1G28140.1",3,1,1,2,1,1,-0.274,-0.3919,1,0.976662,0.966885
"AT1G29395.1",6,2,6,11,5,5,0.402,1.1053,1,0.898822,0.985228
"AT1G29900.1",63,112,44,70,66,99,0.06,0.6479,1,0.954954,0.979896
"AT1G31160.1",4,7,3,5,2,5,-0.175,-0.4228,1,0.97748,0.9648
"AT1G31180.1",5,21,19,7,27,20,0.182,0.9241,1,0.925828,0.983806
"AT1G31190.1",0,3,9,1,5,4,-0.262,-0.603,1,0.98278,0.946719
"AT1G31230.1",18,22,18,16,13,21,-0.154,-0.7973,1,0.988644,0.91392
"AT1G31330.1",465,445,387,468,410,344,-0.061,-1.6273,1,1,0.550702
"AT1G32080.1",6,26,19,4,25,31,0.163,0.8398,1,0.93615,0.982828
"AT1G32200.1",1,5,5,2,1,4,-0.483,-0.9845,1,0.993771,0.866191
"AT1G32220.1",4,9,13,8,13,9,0.137,0.5292,1,0.962993,0.977902
"AT1G32990.1",13,25,27,22,27,25,0.139,0.8038,1,0.940301,0.98233
"AT1G33810.1",3,2,2,4,3,2,0.268,0.5131,1,0.963848,0.977649
"AT1G34430.1",10,11,5,6,7,11,-0.164,-0.5937,1,0.982516,0.947835
"AT1G35720.1",3,2,2,1,1,3,-0.356,-0.5726,1,0.981875,0.950433
"AT1G42960.1",0,5,2,2,5,5,0.437,0.9064,1,0.928057,0.983622
"AT1G43560.1",0,8,8,5,5,4,-0.199,-0.5759,1,0.981951,0.950135
"AT1G44920.1",0,8,3,0,1,6,-0.419,-0.8544,1,0.990296,0.901039
"AT1G45474.1",1,4,6,1,4,4,-0.198,-0.4412,1,0.97799,0.963416
"AT1G48350.1",6,9,12,7,7,11,-0.093,-0.3206,1,0.974937,0.970723
"AT1G48470.1",0,0,1,0,0,5,0.937,1.2927,1,0.861273,0.986024
"AT1G48850.1",2,3,4,5,2,5,0.313,0.6937,1,0.95113,0.980654
"AT1G49970.1",0,4,3,2,2,2,-0.304,-0.5493,1,0.981164,0.953156
"AT1G50170.1",0,2,2,1,4,2,0.406,0.6763,1,0.952625,0.98037
"AT1G50320.1",1,6,3,2,3,4,-0.119,-0.2461,1,0.973475,0.97337
"AT1G50900.1",1,1,2,2,3,3,0.787,1.2219,1,0.876981,0.985769
"AT1G51110.1",12,12,11,10,10,10,-0.157,-0.6253,1,0.983497,0.943557
"AT1G52220.1",2,2,2,1,0,2,-0.487,-0.7223,1,0.986422,0.9284
"AT1G52510.1",15,22,22,17,16,15,-0.206,-1.0217,1,0.994738,0.854141
"AT1G52570.1",2,2,0,1,0,0,-0.586,-0.7705,1,0.987888,0.91918
"AT1G53280.1",6,6,5,7,8,8,0.323,0.9655,1,0.920181,0.984215
"AT1G53520.1",1,3,3,1,3,2,-0.178,-0.3106,1,0.974721,0.971149
"AT1G54500.1",4,6,7,5,3,5,-0.269,-0.754,1,0.987379,0.922524
"AT1G54520.1",1,3,1,0,5,5,0.806,1.4282,1,0.824753,0.986464
"AT1G54580.1",4,4,6,6,7,10,0.493,1.4389,1,0.821689,0.986496
"AT1G54630.1",6,10,10,10,12,11,0.239,0.8926,1,0.929925,0.983457
"AT1G54780.1",39,53,49,41,54,38,-0.067,-0.5312,1,0.980606,0.955175
"AT1G55480.1",11,8,11,10,5,9,-0.226,-0.8087,1,0.989,0.91131
"AT1G55670.1",71,77,73,77,53,61,-0.148,-1.5238,1,1,0.614083
"AT1G56070.1",18,19,13,7,11,20,-0.292,-1.372,1,1,0.701703
"AT1G61850.1",1,0,1,0,3,0,0.615,0.7685,1,0.94395,0.981832
"AT1G62750.1",50,73,45,51,45,67,-0.029,-0.2578,1,0.973671,0.973051
"AT1G63770.3",28,37,40,34,28,52,0.088,0.633,1,0.956106,0.979647
"AT1G63940.1",18,15,17,17,16,25,0.155,0.7669,1,0.944202,0.981795
"AT1G63970.1",2,1,0,0,1,1,-0.289,-0.3627,1,0.975915,0.968637
"AT1G64510.1",0,4,1,1,2,5,0.285,0.5012,1,0.96441,0.977477
"AT1G64770.1",16,11,6,6,10,9,-0.289,-1.0822,1,0.996213,0.833316
"AT1G64790.1",1,4,0,0,0,0,-0.8,-1.0569,1,0.995589,0.842514
"AT1G65260.1",5,4,2,3,3,3,-0.223,-0.4976,1,0.979617,0.958523
"AT1G66200.1",1,6,2,2,5,4,0.206,0.4531,1,0.966608,0.976759
"AT1G66430.1",11,17,12,17,17,21,0.33,1.5894,1,0.76648,0.987007
"AT1G66970.1",0,2,0,0,0,4,0.542,0.7965,1,0.941101,0.982226
"AT1G67090.1",118,270,249,178,259,258,0.089,1.5546,1,0.78091,0.986887
"AT1G67280.1",7,18,19,16,17,21,0.217,1.0445,1,0.90861,0.984849
"AT1G67700.1",2,4,3,1,6,5,0.324,0.7058,1,0.950026,0.980854
"AT1G68010.1",13,30,19,20,20,38,0.234,1.3572,1,0.845238,0.986233
"AT1G68590.1",0,8,5,3,12,10,0.588,1.7315,1,0.701059,0.987405
"AT1G68830.1",6,6,7,5,6,4,-0.245,-0.7046,1,0.985903,0.931388
"AT1G69200.1",2,2,0,0,0,2,-0.298,-0.4088,1,0.977115,0.965751
"AT1G69740.1",13,17,21,9,18,21,-0.066,-0.3309,1,0.975158,0.970272
"AT1G69830.1",6,8,4,8,2,6,-0.137,-0.3983,1,0.976822,0.96649
"AT1G70070.1",1,5,0,3,1,7,0.497,1.0318,1,0.910504,0.984761
"AT1G70890.1",0,4,0,0,2,1,-0.446,-0.6765,1,0.985043,0.936038
"AT1G71810.1",0,0,0,2,3,1,0.729,0.945,1,0.923046,0.984017
"AT1G72150.1",12,25,6,7,7,20,-0.237,-1.0293,1,0.994922,0.85171
"AT1G72370.1",0,5,3,0,0,4,-0.424,-0.7531,1,0.987342,0.922758
"AT1G73060.1",10,16,11,16,14,12,0.13,0.5602,1,0.9612,0.978404
"AT1G73110.1",2,0,1,1,1,1,-0.358,-0.4251,1,0.977548,0.964621
"AT1G74470.1",40,47,37,44,33,37,-0.081,-0.6175,1,0.983233,0.944745
"AT1G74730.1",9,9,5,8,8,5,-0.102,-0.3315,1,0.975186,0.970214
"AT1G74850.1",1,1,6,2,3,5,0.247,0.5336,1,0.962719,0.977981
"AT1G74880.1",7,6,3,2,5,2,-0.61,-1.4955,1,1,0.630994
"AT1G74970.1",9,11,12,17,9,15,0.252,1.0432,1,0.908801,0.98484
"AT1G75330.1",6,5,4,7,4,9,0.327,0.9084,1,0.9279,0.983636
"AT1G75350.1",2,2,3,1,4,4,0.261,0.5103,1,0.963975,0.97761
"AT1G76080.1",1,6,10,7,11,9,0.473,1.4662,1,0.812945,0.986586
"AT1G76100.1",4,4,6,2,3,3,-0.562,-1.2849,1,1,0.746875
"AT1G76450.1",7,9,7,7,6,7,-0.145,-0.4745,1,0.978934,0.960665
"AT1G77060.1",2,4,3,4,0,2,-0.269,-0.5208,1,0.980311,0.956205
"AT1G77490.1",33,24,31,22,25,21,-0.254,-1.6069,1,1,0.563681
"AT1G77590.1",13,9,9,9,6,12,-0.149,-0.5814,1,0.982139,0.949382
"AT1G78370.1",1,0,0,3,1,2,0.77,1.069,1,0.90472,0.985014
"AT1G78630.1",1,10,13,10,8,14,0.303,1.1018,1,0.899447,0.985207
"AT1G79040.1",16,20,23,17,15,20,-0.118,-0.6262,1,0.983497,0.943557
"AT1G79790.1",0,3,2,0,2,2,-0.256,-0.3935,1,0.976694,0.966807
"AT1G79850.1",6,3,4,7,5,7,0.393,1.1005,1,0.899654,0.9852
"AT1G80380.2",20,23,32,28,24,38,0.168,1.053,1,0.907264,0.984908
"AT1G80560.1",6,10,9,7,9,18,0.309,1.1916,1,0.883149,0.985646
"AT1G80600.1",7,10,10,5,13,17,0.264,1.0072,1,0.914194,0.984573
"AT2G01140.1",4,8,6,2,11,10,0.271,0.8573,1,0.934129,0.983047
"AT2G02740.1",0,1,2,2,4,2,0.725,1.1803,1,0.885291,0.985599
"AT2G03140.1",3,0,0,7,1,3,0.866,1.6145,1,0.75602,0.987088
"AT2G04039.1",0,0,3,0,0,1,-0.548,-0.689,1,0.985417,0.934055
"AT2G04700.1",0,2,1,0,0,1,-0.316,-0.3849,1,0.976471,0.967346
"AT2G05310.1",3,3,0,2,3,0,-0.201,-0.352,1,0.975676,0.969169
"AT2G05710.1",13,17,15,5,13,17,-0.248,-1.093,1,0.996476,0.829247
"AT2G05990.1",20,31,46,16,29,36,-0.179,-1.18,1,0.998444,0.794927
"AT2G13360.1",16,23,18,9,19,34,0.084,0.4593,1,0.96636,0.976844
"AT2G15620.1",29,43,43,23,38,32,-0.222,-1.6656,1,1,0.526917
"AT2G17265.1",7,7,9,3,6,12,-0.094,-0.3074,1,0.974642,0.971303
"AT2G17972.1",4,6,5,3,5,4,-0.227,-0.5543,1,0.981313,0.952599
"AT2G18710.1",13,13,10,10,10,14,-0.061,-0.2536,1,0.973605,0.97316
"AT2G19730.1",4,4,7,2,4,5,-0.317,-0.7818,1,0.988213,0.916962
"AT2G19940.1",25,20,26,25,24,32,0.114,0.6865,1,0.951778,0.980532
"AT2G20260.1",16,22,31,25,20,14,-0.153,-0.8361,1,0.989775,0.905321
"AT2G20270.1",3,5,6,4,8,6,0.276,0.765,1,0.944328,0.981777
"AT2G21280.1",1,3,2,5,3,2,0.525,0.9749,1,0.918977,0.984293
"AT2G21370.1",1,4,5,1,6,7,0.365,0.8594,1,0.933836,0.983077
"AT2G21385.1",0,6,6,3,2,3,-0.505,-1.0871,1,0.99633,0.831517
"AT2G21530.1",10,12,12,15,13,13,0.211,0.9126,1,0.927267,0.983689
"AT2G21960.1",12,19,10,10,11,14,-0.162,-0.7062,1,0.98594,0.931179
"AT2G22250.1",5,8,10,0,5,8,-0.522,-1.5786,1,1,0.581139
"AT2G24270.1",2,4,1,0,0,2,-0.608,-0.917,1,0.992022,0.885215
"AT2G24820.1",7,10,7,2,5,6,-0.632,-1.7859,1,1,0.45239
"AT2G25080.1",31,35,32,44,36,28,0.1,0.7201,1,0.948779,0.981072
"AT2G25840.1",5,6,6,6,4,3,-0.273,-0.7305,1,0.986681,0.92686
"AT2G26340.1",2,2,5,2,0,3,-0.413,-0.765,1,0.987706,0.920389
"AT2G26900.1",1,7,3,5,6,6,0.445,1.1055,1,0.898822,0.985228
"AT2G27290.1",2,1,4,0,0,0,-0.956,-1.2648,1,1,0.756443
"AT2G27680.1",4,10,11,9,9,11,0.157,0.589,1,0.959296,0.978897
"AT2G28800.1",0,2,2,2,0,1,-0.282,-0.3858,1,0.976503,0.96727
"AT2G28900.1",13,19,23,13,22,26,0.103,0.556,1,0.961425,0.978343
"AT2G29690.1",0,2,4,0,2,3,-0.188,-0.3256,1,0.975047,0.970501
"AT2G30170.1",0,0,2,0,5,2,0.733,1.1594,1,0.889228,0.985505
"AT2G30860.1",11,9,9,12,12,10,0.159,0.6164,1,0.957394,0.979355
"AT2G30870.1",0,2,2,0,1,2,-0.306,-0.4393,1,0.977955,0.963511
"AT2G31670.1",2,1,3,2,6,3,0.66,1.2386,1,0.873377,0.985834
"AT2G33040.1",0,1,1,0,0,6,1.079,1.5303,1,0.789885,0.986807
"AT2G33150.1",0,2,2,2,2,5,0.657,1.1267,1,0.894996,0.985347
"AT2G33450.1",3,5,6,6,6,9,0.43,1.1699,1,0.887161,0.985555
"AT2G33800.1",10,19,17,14,15,24,0.148,0.7486,1,0.945936,0.981534
"AT2G35040.1",10,25,16,5,10,20,-0.362,-1.5824,1,1,0.57887
"AT2G35410.1",6,3,14,10,9,10,0.247,0.8632,1,0.933394,0.983123
"AT2G35490.1",15,17,17,18,13,15,-0.072,-0.3474,1,0.975559,0.969425
"AT2G36145.1",3,2,2,0,2,0,-0.613,-0.9367,1,0.992549,0.87983
"AT2G36160.1",1,2,0,1,0,0,-0.324,-0.4063,1,0.97705,0.965918
"AT2G36830.1",1,2,0,0,3,3,0.585,0.8962,1,0.929462,0.983499
"AT2G37220.1",5,6,5,3,5,5,-0.217,-0.562,1,0.981538,0.951747
"AT2G39930.1",0,3,1,1,4,3,0.478,0.8177,1,0.93867,0.982534
"AT2G41220.1",21,17,9,19,11,22,0.092,0.478,1,0.965514,0.977126
"AT2G41560.1",3,6,0,1,0,2,-1.017,-1.577,1,1,0.581895
"AT2G42130.3",4,14,17,10,17,16,0.214,0.9629,1,0.920522,0.984193
"AT2G42220.1",17,27,23,23,20,15,-0.143,-0.807,1,0.988929,0.911837
"AT2G42530.1",3,4,0,4,1,0,-0.308,-0.5294,1,0.980569,0.955305
"AT2G42600.1",0,8,0,0,0,5,-0.37,-0.7343,1,0.986792,0.926191
"AT2G43560.1",1,5,11,1,2,11,-0.203,-0.5596,1,0.981463,0.952033
"AT2G43750.1",48,88,78,55,59,90,-0.05,-0.5093,1,0.979944,0.957447
"AT2G44050.1",7,8,9,8,10,11,0.183,0.6445,1,0.955246,0.979834
"AT2G44650.1",8,11,10,7,9,6,-0.282,-1.0348,1,0.995045,0.850071
"AT2G44920.2",20,18,25,19,27,23,0.09,0.5282,1,0.96306,0.977882
"AT2G45960.1",0,2,1,0,0,1,-0.372,-0.4508,1,0.978266,0.962636
"AT2G45990.1",0,5,2,3,3,4,0.243,0.4925,1,0.964888,0.977327
"AT2G47390.1",19,33,29,32,21,49,0.233,1.5911,1,0.765967,0.987011
"AT2G47450.1",0,2,5,0,0,2,-0.786,-1.2546,1,1,0.761138
"AT2G47730.1",0,1,2,0,4,0,0.46,0.6718,1,0.953041,0.980288
"AT2G47840.1",20,17,21,20,18,26,0.091,0.4858,1,0.965178,0.977235
"AT2G47910.1",0,2,1,0,0,1,-0.339,-0.4238,1,0.977514,0.96471
"AT3G01060.1",3,6,6,5,8,6,0.226,0.6546,1,0.954461,0.98
"AT3G01440.1",17,22,28,21,23,17,-0.09,-0.5138,1,0.980091,0.956956
"AT3G01480.1",51,48,75,53,46,63,-0.074,-0.7067,1,0.985977,0.930968
"AT3G01510.1",0,2,2,2,0,1,-0.201,-0.2853,1,0.974185,0.972158
"AT3G01910.1",2,0,0,0,0,4,0.459,0.697,1,0.950802,0.980714
"AT3G02090.1",2,0,0,0,0,5,0.654,0.9734,1,0.91915,0.984282
"AT3G02730.1",5,7,6,6,6,9,0.158,0.4911,1,0.964947,0.977309
"AT3G03780.1",2,4,0,0,2,6,0.284,0.5569,1,0.96135,0.978363
"AT3G04550.1",2,0,2,4,3,4,0.838,1.4574,1,0.815778,0.986557
"AT3G04870.1",5,14,17,6,8,17,-0.157,-0.656,1,0.984441,0.939088
"AT3G06350.1",4,8,9,4,4,9,-0.239,-0.7332,1,0.986755,0.926415
"AT3G06730.1",1,0,3,1,0,5,0.374,0.5903,1,0.959213,0.978918
"AT3G06860.1",3,0,0,0,0,1,-0.578,-0.7435,1,0.987086,0.924378
"AT3G08580.1",6,10,3,10,10,10,0.485,1.5743,1,0.773058,0.986953
"AT3G08840.2",4,5,2,1,2,5,-0.314,-0.6755,1,0.985005,0.936233
"AT3G08920.1",26,17,15,18,17,14,-0.17,-0.8513,1,0.990192,0.901908
"AT3G09580.1",8,17,14,10,11,10,-0.23,-0.9541,1,0.993004,0.874946
"AT3G10060.1",9,15,17,7,17,13,-0.105,-0.4556,1,0.978405,0.962235
"AT3G10130.1",2,3,5,0,4,2,-0.399,-0.7973,1,0.988644,0.91392
"AT3G10350.1",1,3,4,3,4,3,0.267,0.548,1,0.961868,0.978221
"AT3G11560.1",2,2,0,1,0,0,-0.563,-0.7389,1,0.986939,0.92529
"AT3G11940.1",2,2,0,0,0,2,-0.228,-0.3152,1,0.974828,0.970939
"AT3G12345.1",5,6,6,6,3,3,-0.37,-0.9443,1,0.992744,0.877757
"AT3G13490.1",1,0,1,0,3,2,0.758,1.0067,1,0.914375,0.984563
"AT3G14110.1",7,6,8,8,6,13,0.248,0.8748,1,0.932054,0.983257
"AT3G14415.1",17,24,30,9,23,35,-0.052,-0.3099,1,0.974695,0.971201
"AT3G14420.1",30,47,42,19,36,47,-0.145,-1.0745,1,0.996036,0.835987
"AT3G14930.1",5,10,7,4,5,10,-0.15,-0.4637,1,0.978616,0.96162
"AT3G15190.1",9,7,3,12,8,8,0.39,1.2708,1,0.866374,0.985949
"AT3G15360.1",0,7,10,2,14,10,0.361,1.1302,1,0.894345,0.985366
"AT3G15520.1",8,10,21,3,10,14,-0.38,-1.4902,1,1,0.634637
"AT3G15730.1",0,0,0,0,2,2,0.597,0.7726,1,0.943569,0.981887
"AT3G15840.1",2,1,2,0,0,2,-0.236,-0.3359,1,0.975299,0.969978
"AT3G16000.1",24,8,8,17,3,5,-0.471,-1.824,1,1,0.428835
"AT3G16240.1",9,20,19,5,12,22,-0.206,-0.9487,1,0.992842,0.876709
"AT3G16290.1",2,1,1,3,0,7,1.063,1.7586,1,0.687244,0.987454
"AT3G16470.1",5,6,10,5,4,8,-0.201,-0.5963,1,0.982591,0.947519
"AT3G16950.1",1,1,2,1,0,5,0.524,0.8809,1,0.9313,0.983329
"AT3G17930.1",3,2,2,1,0,1,-0.966,-1.2988,1,1,0.739546
"AT3G18890.1",30,25,12,32,13,17,-0.085,-0.4965,1,0.97958,0.95864
"AT3G19480.1",7,12,19,8,7,13,-0.329,-1.2862,1,1,0.745663
"AT3G20320.1",1,1,6,4,3,8,0.665,1.4756,1,0.809647,0.986619
"AT3G20330.1",9,12,13,6,7,9,-0.445,-1.6327,1,1,0.547639
"AT3G20390.1",21,22,23,24,27,27,0.162,0.9729,1,0.91915,0.984282
"AT3G23700.1",5,4,1,3,4,7,0.356,0.8034,1,0.940301,0.98233
"AT3G23940.1",6,17,17,5,11,17,-0.189,-0.8019,1,0.988786,0.912884
"AT3G25760.1",9,11,12,13,15,9,0.135,0.5664,1,0.960818,0.978506
"AT3G25770.1",5,11,10,11,13,11,0.289,1.0834,1,0.90252,0.985098
"AT3G25860.1",15,17,12,8,10,14,-0.324,-1.3976,1,1,0.687561
"AT3G26070.1",10,13,14,12,8,12,-0.14,-0.5765,1,0.981988,0.949986
"AT3G26520.1",8,5,6,7,7,8,0.154,0.4978,1,0.964592,0.97742
"AT3G26570.1",5,1,3,3,1,0,-0.602,-1.0422,1,0.995227,0.847585
"AT3G26710.1",9,16,10,11,10,5,-0.314,-1.2001,1,0.998899,0.785872
"AT3G27890.1",11,12,9,10,7,6,-0.32,-1.1244,1,0.997196,0.817536
"AT3G27925.1",29,31,32,33,23,23,-0.151,-0.97,1,0.993421,0.870265
"AT3G43300.1",5,1,0,1,1,2,-0.623,-0.9868,1,0.993834,0.865439
"AT3G43520.1",6,5,3,2,3,3,-0.606,-1.331,1,1,0.72323
"AT3G44620.1",1,0,2,1,0,0,-0.348,-0.4337,1,0.977784,0.963981
"AT3G44890.1",25,34,35,32,31,27,-0.037,-0.2601,1,0.973715,0.972976
"AT3G45140.1",348,322,223,388,268,281,0.053,1.0786,1,0.903124,0.985076
"AT3G46780.1",120,129,80,120,102,96,-0.035,-0.4734,1,0.978898,0.960773
"AT3G47070.1",9,13,14,10,21,16,0.269,1.2292,1,0.87545,0.985797
"AT3G47520.1",27,36,44,32,33,28,-0.146,-1.0575,1,0.995619,0.842086
"AT3G48110.1",35,57,22,34,31,42,-0.055,-0.4029,1,0.976952,0.966166
"AT3G48420.1",0,7,2,8,6,3,0.563,1.3646,1,0.843253,0.986257
"AT3G48730.1",17,25,22,22,21,35,0.204,1.1814,1,0.885055,0.985604
"AT3G50685.1",1,2,2,2,3,3,0.479,0.7901,1,0.94176,0.982138
"AT3G51140.1",4,3,2,1,1,2,-0.894,-1.379,1,1,0.697696
"AT3G52230.1",1,4,4,4,4,3,0.211,0.4803,1,0.965403,0.977162
"AT3G52750.1",2,3,3,5,4,5,0.629,1.4737,1,0.810063,0.986615
"AT3G52960.1",28,46,38,45,43,46,0.186,1.5458,1,0.784261,0.986857
"AT3G53460.1",1,0,1,1,2,2,0.597,0.741,1,0.946783,0.981401
"AT3G53470.1",2,2,2,4,3,4,0.645,1.2991,1,0.859817,0.986045
"AT3G53900.1",7,10,16,6,15,17,0.141,0.5722,1,0.960428,0.978608
"AT3G54050.1",73,69,68,82,57,82,0.053,0.5526,1,0.961648,0.978282
"AT3G54440.1",5,4,3,2,2,5,-0.301,-0.6827,1,0.98523,0.935054
"AT3G54640.1",1,9,5,7,9,7,0.429,1.313,1,0.856552,0.986089
"AT3G54890.1",128,130,138,129,136,87,-0.119,-1.5984,1,1,0.569008
"AT3G55010.1",3,3,3,1,1,0,-1.204,-1.6572,1,1,0.532297
"AT3G55040.1",1,3,9,1,3,4,-0.478,-1.0317,1,0.994984,0.850893
"AT3G55400.1",1,2,5,1,5,0,-0.142,-0.2691,1,0.973875,0.972705
"AT3G55800.1",36,55,52,38,61,64,0.133,1.1666,1,0.887854,0.985538
"AT3G56090.1",0,0,5,0,1,4,-0.146,-0.254,1,0.973605,0.97316
"AT3G56140.1",0,1,4,0,0,0,-0.82,-1.0543,1,0.995529,0.843369
"AT3G56650.1",6,18,28,10,15,23,-0.084,-0.423,1,0.97748,0.9648
"AT3G56690.1",3,1,0,2,0,0,-0.214,-0.2952,1,0.974384,0.971792
"AT3G57190.1",2,1,0,1,4,1,0.434,0.6755,1,0.952729,0.980349
"AT3G57280.1",0,2,3,1,4,7,0.702,1.3334,1,0.851333,0.986157
"AT3G57560.1",6,6,14,11,8,12,0.184,0.6778,1,0.95252,0.98039
"AT3G58010.1",0,7,14,5,10,18,0.419,1.4971,1,0.801992,0.986694
"AT3G58140.1",16,15,17,18,15,24,0.192,0.9541,1,0.921876,0.984101
"AT3G58610.1",35,52,55,41,59,70,0.186,1.5852,1,0.768523,0.986991
"AT3G59780.1",46,53,41,48,34,42,-0.117,-0.9487,1,0.992842,0.876709
"AT3G59840.1",0,2,0,0,1,1,-0.337,-0.4234,1,0.977514,0.96471
"AT3G60370.1",1,1,6,2,3,2,-0.15,-0.2657,1,0.973806,0.972823
"AT3G61470.1",59,129,130,82,119,91,-0.085,-1.0224,1,0.994738,0.854141
"AT3G61870.1",15,24,18,13,23,13,-0.156,-0.7971,1,0.988644,0.91392
"AT3G63140.1",14,24,23,17,17,17,-0.193,-1.0336,1,0.995014,0.850482
"AT3G63190.1",7,20,21,14,12,16,-0.125,-0.5768,1,0.981988,0.949986
"AT3G63490.1",29,36,33,36,37,44,0.183,1.3433,1,0.848801,0.986189
"AT3G63540.1",14,19,23,12,17,11,-0.34,-1.6598,1,1,0.53076
"AT4G00370.1",0,0,0,2,0,2,0.641,0.8084,1,0.939762,0.982399
"AT4G00490.1",2,8,13,8,11,9,0.186,0.6739,1,0.952834,0.980329
"AT4G01310.1",18,40,51,25,34,34,-0.151,-1.0502,1,0.995439,0.844643
"AT4G01690.1",19,35,31,21,29,20,-0.197,-1.2473,1,0.99988,0.764619
"AT4G01800.1",34,63,17,39,21,62,0.065,0.5155,1,0.96372,0.977687
"AT4G01883.1",0,0,1,0,2,3,0.776,1.051,1,0.907651,0.984892
"AT4G01900.1",13,6,13,7,9,9,-0.252,-0.9464,1,0.992777,0.877408
"AT4G02530.1",21,27,27,26,24,20,-0.074,-0.4498,1,0.978231,0.962735
"AT4G02620.1",2,1,2,1,2,4,0.332,0.5417,1,0.962299,0.978101
"AT4G02725.1",13,5,6,7,6,6,-0.238,-0.7794,1,0.988141,0.91746
"AT4G03520.1",9,13,15,4,18,9,-0.179,-0.7587,1,0.987524,0.921582
"AT4G04350.1",12,8,3,8,2,19,0.24,0.8465,1,0.935435,0.982907
"AT4G05180.1",228,258,261,215,239,242,-0.074,-1.3502,1,1,0.713554
"AT4G08390.3",8,17,10,10,16,26,0.384,1.7435,1,0.694823,0.987429
"AT4G09000.1",0,3,0,0,5,3,0.619,1.0377,1,0.909751,0.984797
"AT4G09010.1",57,90,81,75,86,93,0.11,1.2399,1,0.873115,0.985839
"AT4G09320.1",0,3,2,0,3,5,0.407,0.7388,1,0.946902,0.981382
"AT4G09620.1",2,4,2,4,4,2,0.206,0.4385,1,0.967129,0.976577
"AT4G09650.1",113,133,115,146,138,107,0.077,1.0442,1,0.90861,0.984849
"AT4G12800.1",182,161,150,132,132,174,-0.119,-1.7683,1,1,0.463094
"AT4G12830.1",2,3,2,2,1,0,-0.635,-0.9593,1,0.993133,0.873521
"AT4G13010.1",4,7,5,7,7,7,0.295,0.8718,1,0.932354,0.983227
"AT4G13200.1",16,11,11,12,9,9,-0.251,-1.04,1,0.995166,0.848418
"AT4G13430.1",7,18,12,12,6,13,-0.17,-0.6747,1,0.985005,0.936233
"AT4G13550.1",2,1,1,0,0,1,-0.382,-0.4835,1,0.979184,0.959896
"AT4G14070.1",23,29,29,14,19,33,-0.205,-1.2901,1,1,0.743837
"AT4G14870.1",4,3,0,4,2,5,0.325,0.6612,1,0.95386,0.980123
"AT4G14880.1",0,0,0,0,0,4,0.73,0.9564,1,0.92154,0.984124
"AT4G15510.1",10,13,8,10,13,5,-0.095,-0.3613,1,0.975885,0.968705
"AT4G16060.1",1,1,2,2,2,2,0.44,0.6502,1,0.954758,0.979937
"AT4G16155.1",6,7,7,5,1,5,-0.632,-1.717,1,1,0.495357
"AT4G16390.1",0,1,0,0,2,5,1.022,1.417,1,0.828499,0.986424
"AT4G17300.1",3,6,6,3,6,9,0.183,0.5132,1,0.963848,0.977649
"AT4G17560.1",5,6,5,4,2,6,-0.304,-0.7992,1,0.988715,0.913404
"AT4G17600.1",5,8,3,7,0,6,-0.12,-0.3296,1,0.97513,0.97033
"AT4G18240.1",6,2,2,7,2,7,0.493,1.2151,1,0.878492,0.985741
"AT4G18440.1",8,19,17,12,16,27,0.223,1.0864,1,0.901912,0.985121
"AT4G18810.1",0,5,4,3,6,3,0.201,0.4711,1,0.96584,0.977019
"AT4G19100.1",0,3,5,1,1,4,-0.427,-0.7641,1,0.98767,0.920629
"AT4G19170.1",15,17,15,17,12,11,-0.155,-0.7349,1,0.986828,0.925967
"AT4G19710.2",2,3,0,0,0,0,-0.893,-1.2407,1,0.999753,0.767495
"AT4G20850.1",30,30,16,28,20,44,0.193,1.2376,1,0.873638,0.98583
"AT4G21445.1",3,4,3,4,7,3,0.349,0.7902,1,0.94176,0.982138
"AT4G22240.1",13,28,21,17,14,24,-0.115,-0.6132,1,0.98312,0.945246
"AT4G22930.1",2,3,2,1,5,4,0.356,0.6992,1,0.950692,0.980734
"AT4G23670.1",2,4,3,2,2,4,-0.135,-0.2648,1,0.973806,0.972823
"AT4G23890.1",2,3,1,3,0,1,-0.212,-0.3403,1,0.975385,0.969798
"AT4G24280.1",88,83,71,72,66,83,-0.087,-0.9232,1,0.992187,0.883554
"AT4G24620.1",10,38,38,10,47,38,0.102,0.6693,1,0.953248,0.980247
"AT4G24750.1",2,5,3,1,0,3,-0.723,-1.2886,1,1,0.745055
"AT4G24830.1",16,12,13,11,8,17,-0.127,-0.5237,1,0.980385,0.95595
"AT4G24930.1",9,11,8,8,9,7,-0.153,-0.5314,1,0.980606,0.955175
"AT4G25050.1",4,7,5,3,4,7,-0.137,-0.3619,1,0.975915,0.968637
"AT4G25080.1",7,10,11,6,6,10,-0.256,-0.9392,1,0.992614,0.879142
"AT4G25100.1",9,19,11,6,10,11,-0.377,-1.5473,1,1,0.599942
"AT4G25370.1",1,3,6,6,1,1,-0.237,-0.4896,1,0.979364,0.959332
"AT4G25450.1",7,12,12,6,12,19,0.177,0.6963,1,0.950911,0.980694
"AT4G26555.1",2,4,5,1,1,2,-1.081,-1.76,1,1,0.468458
"AT4G26690.1",2,0,0,0,0,3,0.377,0.5635,1,0.960972,0.978465
"AT4G26900.1",3,4,4,2,2,9,0.189,0.4517,1,0.966657,0.976743
"AT4G27700.1",12,23,30,14,20,23,-0.13,-0.7089,1,0.986051,0.930547
"AT4G27800.1",2,1,5,3,1,1,-0.507,-0.8706,1,0.990742,0.897194
"AT4G28025.1",6,6,4,4,3,4,-0.388,-0.972,1,0.993453,0.869899
"AT4G28660.1",2,3,4,2,4,5,0.217,0.4738,1,0.965733,0.977054
"AT4G28740.1",1,4,1,0,0,0,-0.797,-1.0312,1,0.994953,0.851302
"AT4G28750.1",30,53,51,35,38,53,-0.056,-0.458,1,0.978475,0.962032
"AT4G29010.1",0,3,2,0,0,0,-0.751,-1.0438,1,0.995288,0.846749
"AT4G29350.1",2,4,2,0,2,1,-0.778,-1.1885,1,0.998632,0.791232
"AT4G29670.1",0,0,0,3,0,3,0.888,1.2316,1,0.874935,0.985807
"AT4G30620.1",4,3,5,6,2,2,-0.176,-0.4156,1,0.97728,0.965325
"AT4G30910.1",7,2,2,6,5,3,0.276,0.7065,1,0.950026,0.980854
"AT4G30920.1",10,5,10,5,13,12,0.233,0.8959,1,0.929462,0.983499
"AT4G31390.1",6,4,3,4,3,2,-0.395,-0.911,1,0.991856,0.886856
"AT4G31530.1",0,2,5,4,4,7,0.645,1.4605,1,0.81457,0.98657
"AT4G31990.1",45,47,60,49,45,72,0.084,0.7637,1,0.944453,0.981758
"AT4G32520.1",0,5,1,0,2,1,-0.606,-0.8898,1,0.991252,0.892599
"AT4G33510.1",7,6,5,2,6,7,-0.193,-0.5278,1,0.980495,0.955565
"AT4G33680.1",22,28,31,30,28,32,0.113,0.756,1,0.9452,0.981647
"AT4G33760.1",2,5,2,3,1,11,0.524,1.2363,1,0.873899,0.985825
"AT4G34090.1",3,3,5,4,3,1,-0.322,-0.6558,1,0.984403,0.939273
"AT4G34120.1",7,8,7,6,13,8,0.192,0.6658,1,0.953555,0.980185
"AT4G34200.1",28,30,42,20,27,44,-0.1,-0.6888,1,0.985417,0.934055
"AT4G34240.1",0,3,1,0,0,0,-0.594,-0.7491,1,0.987232,0.923456
"AT4G34620.1",11,18,22,11,13,15,-0.266,-1.2032,1,0.998951,0.784788
"AT4G34740.1",1,1,4,1,0,2,-0.405,-0.5602,1,0.9815,0.95189
"AT4G35000.1",0,4,0,0,0,3,-0.188,-0.291,1,0.974309,0.971932
"AT4G35630.1",21,16,13,8,12,14,-0.383,-1.7659,1,1,0.464626
"AT4G36530.1",0,2,5,2,1,2,-0.484,-0.8147,1,0.989142,0.910246
"AT4G36810.1",3,2,1,1,0,0,-0.798,-1.0439,1,0.995288,0.846749
"AT4G37000.1",9,15,7,13,10,18,0.278,1.159,1,0.889228,0.985505
"AT4G37270.1",1,1,2,4,2,2,0.761,1.19,1,0.883389,0.985641
"AT4G38970.1",73,144,174,94,143,180,0.064,0.9147,1,0.927108,0.983702
"AT4G39260.1",2,0,4,0,0,4,-0.162,-0.2815,1,0.974112,0.972289
"AT4G39460.1",0,3,3,0,2,2,-0.353,-0.5808,1,0.982101,0.949534
"AT4G39710.1",14,12,13,11,13,12,-0.068,-0.2889,1,0.974259,0.972023
"AT4G39960.1",0,0,2,0,1,1,-0.351,-0.4297,1,0.977683,0.964258
"AT5G01590.1",2,1,2,0,0,2,-0.264,-0.3817,1,0.976408,0.967496
"AT5G01600.1",10,14,15,13,13,17,0.12,0.5257,1,0.963195,0.977843
"AT5G01920.1",4,6,7,4,2,2,-0.75,-1.7709,1,1,0.461563
"AT5G02940.1",13,15,12,20,7,23,0.222,1.0354,1,0.910128,0.984779
"AT5G03650.1",6,11,4,7,12,13,0.403,1.4195,1,0.827384,0.986436
"AT5G03880.1",14,24,19,15,14,21,-0.126,-0.6768,1,0.985043,0.936038
"AT5G03940.1",7,13,7,3,3,13,-0.35,-1.1222,1,0.997139,0.818495
"AT5G04360.1",2,4,1,2,2,10,0.757,1.5347,1,0.788493,0.98682
"AT5G05000.1",3,3,2,2,4,7,0.493,1.0685,1,0.904918,0.985006
"AT5G05200.1",6,1,1,1,0,0,-1.058,-1.4773,1,1,0.641886
"AT5G05740.1",11,8,14,13,5,11,-0.129,-0.4902,1,0.9794,0.959218
"AT5G07020.1",7,5,7,3,7,12,0.141,0.4503,1,0.966706,0.976726
"AT5G08410.1",2,4,5,5,6,6,0.452,1.158,1,0.889456,0.985499
"AT5G08740.1",2,4,2,0,0,2,-0.757,-1.2128,1,0.999162,0.780414
"AT5G09650.1",13,28,20,14,25,36,0.223,1.3351,1,0.851019,0.986161
"AT5G09810.1",0,4,2,0,1,4,-0.151,-0.278,1,0.97404,0.972417
"AT5G10160.1",33,45,29,39,20,38,-0.101,-0.7363,1,0.986865,0.925742
"AT5G10920.1",5,5,7,4,3,2,-0.653,-1.5962,1,1,0.570528
"AT5G11880.1",4,1,13,2,3,11,-0.105,-0.3228,1,0.974992,0.970612
"AT5G12860.1",7,4,7,10,4,12,0.39,1.2262,1,0.876218,0.985783
"AT5G13030.1",0,1,1,2,1,2,0.562,0.729,1,0.94785,0.981228
"AT5G13410.1",2,7,15,5,4,13,-0.077,-0.2596,1,0.973715,0.972976
"AT5G13420.1",11,12,13,10,9,10,-0.212,-0.837,1,0.989809,0.905041
"AT5G13510.1",19,27,29,19,37,26,0.088,0.5554,1,0.961425,0.978343
"AT5G14200.1",26,34,30,31,30,36,0.075,0.4955,1,0.964711,0.977383
"AT5G14220.1",0,1,1,2,4,0,0.916,1.2352,1,0.874159,0.985821
"AT5G14260.1",11,9,12,10,13,16,0.207,0.8756,1,0.931904,0.983271
"AT5G14320.2",18,34,32,28,35,33,0.13,0.8522,1,0.934712,0.982985
"AT5G14660.1",0,1,2,2,2,3,0.6,0.9114,1,0.927426,0.983676
"AT5G14740.2",2,9,5,1,4,8,-0.179,-0.4926,1,0.979472,0.958988
"AT5G14780.1",12,10,9,4,6,11,-0.391,-1.3854,1,1,0.694336
"AT5G15970.1",0,3,4,0,1,2,-0.733,-1.18,1,0.998444,0.794927
"AT5G16150.1",2,9,12,4,13,4,-0.089,-0.2745,1,0.973992,0.972501
"AT5G16390.1",3,5,6,0,3,5,-0.491,-1.1302,1,0.997337,0.815121
"AT5G16400.1",2,2,1,2,1,0,-0.238,-0.3409,1,0.975414,0.969736
"AT5G16620.1",6,10,9,10,7,13,0.195,0.7059,1,0.950026,0.980854
"AT5G16715.1",5,6,6,7,7,15,0.536,1.7281,1,0.702915,0.987398
"AT5G17170.1",16,19,41,21,22,25,-0.104,-0.6091,1,0.982968,0.945907
"AT5G17530.1",2,7,8,5,8,8,0.225,0.6948,1,0.951021,0.980674
"AT5G17710.1",8,8,13,11,18,12,0.346,1.4624,1,0.814165,0.986574
"AT5G17920.1",33,25,24,29,17,32,-0.051,-0.3061,1,0.974616,0.971353
"AT5G18660.1",9,19,17,8,17,15,-0.123,-0.569,1,0.981763,0.950876
"AT5G19220.1",26,38,27,30,24,50,0.136,0.9883,1,0.917055,0.984411
"AT5G19620.1",0,0,1,1,3,3,0.971,1.3529,1,0.846545,0.986217
"AT5G20140.1",2,4,4,2,3,1,-0.523,-0.9939,1,0.994023,0.863162
"AT5G20250.1",0,0,0,0,4,4,1.212,1.7325,1,0.700439,0.987408
"AT5G20720.1",24,46,56,31,49,54,0.068,0.5808,1,0.95987,0.978752
"AT5G23010.1",0,1,1,2,3,2,0.909,1.2654,1,0.867753,0.985927
"AT5G23060.1",76,71,71,64,60,69,-0.12,-1.2365,1,0.999652,0.769778
"AT5G23310.1",0,2,1,0,0,1,-0.314,-0.3831,1,0.97644,0.967421
"AT5G23890.1",11,13,3,7,4,13,-0.129,-0.4485,1,0.978196,0.962834
"AT5G24020.1",0,1,2,0,0,1,-0.389,-0.5013,1,0.979726,0.958168
"AT5G24300.1",3,7,12,3,9,7,-0.153,-0.4849,1,0.979256,0.959672
"AT5G24490.1",2,2,3,2,3,5,0.377,0.7433,1,0.946542,0.981439
"AT5G26570.1",45,63,27,44,31,46,-0.108,-0.8683,1,0.990674,0.897793
"AT5G26742.1",13,9,8,19,9,8,0.195,0.762,1,0.944703,0.981721
"AT5G28500.1",3,4,4,4,6,5,0.321,0.7713,1,0.943696,0.981869
"AT5G30510.1",18,26,32,17,21,33,-0.07,-0.4328,1,0.97775,0.964074
"AT5G35170.1",18,47,31,24,32,33,-0.07,-0.4812,1,0.979148,0.960007
"AT5G35360.1",21,40,24,19,28,34,-0.049,-0.3099,1,0.974695,0.971201
"AT5G35570.1",0,1,0,6,0,0,1.068,1.4831,1,0.807132,0.986644
"AT5G36120.1",1,3,2,0,2,0,-0.449,-0.6384,1,0.983875,0.941812
"AT5G36210.1",0,4,0,0,0,0,-0.792,-1.0285,1,0.994892,0.852118
"AT5G36880.1",16,15,16,13,7,18,-0.218,-0.9665,1,0.993325,0.871358
"AT5G37360.1",12,19,16,14,17,12,-0.091,-0.4366,1,0.977853,0.963795
"AT5G38520.1",6,9,6,5,5,7,-0.242,-0.7174,1,0.986274,0.929266
"AT5G39830.1",0,0,5,0,0,1,-0.995,-1.3544,1,1,0.710943
"AT5G40450.1",9,12,4,2,12,9,-0.093,-0.3276,1,0.975102,0.970387
"AT5G40950.1",16,16,20,16,15,15,-0.138,-0.6737,1,0.984967,0.936427
"AT5G42130.1",0,5,8,0,3,6,-0.349,-0.8114,1,0.989071,0.910779
"AT5G42480.1",3,4,3,3,1,2,-0.545,-1.0362,1,0.995075,0.849659
"AT5G42650.1",103,90,96,89,109,107,0.06,0.7519,1,0.945692,0.981572
"AT5G42765.1",10,14,8,17,13,10,0.239,1.0006,1,0.915276,0.984514
"AT5G42960.1",0,4,6,2,2,3,-0.472,-0.9456,1,0.992777,0.877409
"AT5G42980.1",2,4,0,2,0,2,-0.378,-0.6176,1,0.983233,0.944745
"AT5G44650.1",4,3,0,4,1,2,-0.142,-0.2596,1,0.973715,0.972976
"AT5G45390.1",13,29,36,23,34,37,0.183,1.1907,1,0.883149,0.985646
"AT5G45680.1",2,4,11,2,7,11,0.156,0.4658,1,0.966052,0.976948
"AT5G46110.1",22,33,35,32,31,35,0.082,0.5499,1,0.961795,0.978241
"AT5G47690.1",3,1,0,0,0,0,-0.532,-0.6949,1,0.985604,0.933041
"AT5G47840.1",2,4,4,5,6,5,0.472,1.1271,1,0.894996,0.985347
"AT5G48300.1",21,12,22,23,11,27,0.1,0.5467,1,0.962013,0.978181
"AT5G48790.1",7,10,8,11,11,11,0.258,0.993,1,0.916347,0.984453
"AT5G49030.1",11,35,16,17,8,26,-0.194,-0.9948,1,0.994055,0.86278
"AT5G51100.1",1,6,3,6,6,5,0.558,1.4141,1,0.829237,0.986416
"AT5G51545.1",0,3,2,1,3,4,0.317,0.5555,1,0.961425,0.978343
"AT5G51720.1",5,8,7,6,10,9,0.245,0.822,1,0.938257,0.982584
"AT5G52440.1",1,2,3,0,1,1,-0.798,-1.0834,1,0.996242,0.832868
"AT5G52520.1",1,2,3,0,6,0,0.299,0.5129,1,0.963848,0.977649
"AT5G52920.1",7,10,9,3,7,11,-0.214,-0.7254,1,0.986533,0.927744
"AT5G53490.1",12,26,33,13,24,22,-0.182,-1.0406,1,0.995197,0.848002
"AT5G53580.1",1,1,2,1,0,5,0.615,0.957,1,0.921371,0.984136
"AT5G54270.1",130,205,201,182,179,201,0.044,0.7133,1,0.94935,0.980973
"AT5G54600.1",6,7,10,8,14,10,0.339,1.2462,1,0.871797,0.985861
"AT5G54770.1",6,10,13,8,7,23,0.271,1.0423,1,0.908992,0.984832
"AT5G54810.1",8,6,8,5,9,13,0.222,0.7541,1,0.945446,0.98161
"AT5G55220.1",9,15,11,11,15,14,0.127,0.5518,1,0.961648,0.978282
"AT5G57850.1",6,11,18,8,12,21,0.153,0.6186,1,0.957213,0.979397
"AT5G58250.1",8,5,10,6,11,10,0.151,0.5504,1,0.961795,0.978241
"AT5G58330.1",20,32,33,32,28,39,0.152,1.0252,1,0.911625,0.984706
"AT5G59250.1",10,9,10,5,9,5,-0.438,-1.4595,1,1,0.652656
"AT5G63310.1",17,21,20,13,21,19,-0.092,-0.4798,1,0.979077,0.960228
"AT5G63420.1",22,32,5,24,14,17,-0.065,-0.3359,1,0.975299,0.969978
"AT5G64040.1",28,54,28,23,42,31,-0.128,-0.9164,1,0.991989,0.885545
"AT5G64050.1",0,3,0,2,5,0,0.497,0.8223,1,0.938257,0.982584
"AT5G64860.1",5,17,13,11,7,9,-0.26,-1.0333,1,0.995014,0.850482
"AT5G64940.1",5,11,7,17,5,9,0.304,1.0888,1,0.901505,0.985135
"AT5G65220.1",9,18,12,12,17,7,-0.091,-0.3986,1,0.976822,0.96649
"AT5G65620.1",17,24,25,31,19,26,0.143,0.8502,1,0.935002,0.982954
"AT5G66090.1",8,5,4,9,6,5,0.174,0.5121,1,0.963912,0.97763
"AT5G66120.2",6,13,11,5,4,11,-0.408,-1.3508,1,1,0.712903
"AT5G66190.1",78,73,83,59,66,95,-0.068,-0.7285,1,0.986607,0.927303
"AT5G66530.1",5,4,8,4,11,11,0.448,1.4442,1,0.819742,0.986516
"AT5G67030.1",8,20,11,11,6,19,-0.083,-0.3536,1,0.975706,0.969104
"ATCG00130.1",113,121,146,123,141,108,-0.027,-0.3586,1,0.975825,0.96884
"ATCG00140.1",17,37,46,4,30,49,-0.18,-1.1797,1,0.998444,0.794927
"ATCG00160.1",2,5,6,3,4,13,0.458,1.2548,1,0.869927,0.985892
"ATCG00380.1",7,19,25,14,30,24,0.297,1.6507,1,0.740134,0.987198
"ATCG00430.1",2,1,5,2,0,4,-0.143,-0.2752,1,0.973992,0.972501
"ATCG00470.1",96,113,109,119,125,93,0.06,0.7744,1,0.943442,0.981905
"ATCG00490.1",1311,1308,1505,1251,1245,1582,-0.012,-0.5898,1,0.982402,0.948304
"ATCG00650.1",5,7,7,5,1,4,-0.64,-1.5841,1,1,0.577356
"ATCG00670.1",1,9,7,6,9,11,0.424,1.3809,1,0.838849,0.986308
"ATCG00710.1",6,6,6,6,9,8,0.241,0.7441,1,0.946422,0.981458
"ATCG00730.1",7,14,5,6,12,12,0.145,0.5512,1,0.961721,0.978262
"ATCG00770.1",18,34,39,36,30,34,0.1,0.6934,1,0.95113,0.980654
"ATCG00780.1",17,27,14,19,29,24,0.225,1.2689,1,0.866928,0.98594
"ATCG00790.1",10,10,11,6,13,10,-0.063,-0.2452,1,0.973454,0.973404
"ATCG00810.1",8,14,10,1,8,11,-0.475,-1.7072,1,1,0.500747
"ATCG01010.1",3,2,2,1,0,3,-0.362,-0.5722,1,0.981838,0.950581
"ATCG01060.1",7,21,11,5,15,7,-0.37,-1.523,1,1,0.614822
"ATCG01090.1",10,6,12,8,10,6,-0.149,-0.5225,1,0.980348,0.956078
"ATCG01110.1",30,35,34,29,27,38,-0.054,-0.3675,1,0.976037,0.968362
"ATCG01120.1",5,16,12,9,18,17,0.297,1.2374,1,0.873638,0.98583
"ATCG01130.1",86,92,48,103,29,70,-0.108,-1.1278,1,0.997281,0.81609
"sum1",10,12,11,3,11,6,-0.512,-1.8307,1,1,0.424305
"sum11",6,2,0,3,0,9,0.348,0.7955,1,0.941101,0.982226
"sum12",9,12,8,0,6,17,-0.197,-0.7338,1,0.986792,0.926191
"sum16",4,0,4,0,2,4,-0.238,-0.475,1,0.97897,0.960556
"sum20",4,7,9,7,3,6,-0.234,-0.685,1,0.985305,0.934656
"sum21",9,12,7,11,16,11,0.313,1.2232,1,0.876727,0.985774
"sum25",4,9,8,4,9,13,0.207,0.722,1,0.948549,0.981111
"sum26",19,26,18,14,21,21,-0.123,-0.6564,1,0.984441,0.939088
"sum29",9,12,9,10,14,20,0.399,1.6339,1,0.747359,0.98715
"sum33",266,359,429,296,314,434,-0.011,-0.2649,1,0.973806,0.972823
"sum34",3,4,0,0,2,9,0.445,0.9411,1,0.923543,0.983981
"sum36",0,0,3,0,4,4,0.639,1.1372,1,0.893253,0.985398
"sum37",0,5,0,0,3,0,-0.389,-0.6645,1,0.984667,0.937961
"sum38",29,57,31,51,18,41,-0.05,-0.3843,1,0.976471,0.967346
"sum39",3,2,0,0,3,0,-0.189,-0.3126,1,0.974775,0.971045
"sum47",71,93,82,71,77,78,-0.087,-0.9548,1,0.993004,0.874946
"sum48",122,134,105,137,105,132,0.033,0.4474,1,0.966802,0.976692
"sum5",7,5,6,0,0,11,-0.338,-0.8669,1,0.99064,0.898092
"sum52",225,328,309,236,345,341,0.067,1.3849,1,0.837813,0.98632
