"Protein","wt_1","wt_2","wt_3","ClpS_1","ClpS_2","ClpS_3","LogFoldChange","Zstatistic","fdr","FDRup","FDRdown"
"sum34",209,192,190,278,231,414,0.448,9.0791,0,0,0.949748
"sum44",672,723,718,420,459,591,-0.359,-10.3999,0,0.949748,0
"AT4G38970.1",422,470,442,277,277,380,-0.354,-8.6089,0,0.950731,0
"sum68",487,456,428,565,525,708,0.267,7.2577,1e-06,0,0.951124
"AT5G20250.4",12,8,3,56,31,27,1.629,7.1537,1e-06,0,0.951312
"AT4G05180.1",268,369,289,279,157,191,-0.391,-7.5339,1e-06,0.951701,0
"AT3G09260.1",81,104,101,42,52,65,-0.584,-6.0924,0.000284,0.953127,5.1e-05
"AT3G58610.1",122,157,154,86,80,114,-0.439,-5.6466,0.00085,0.955035,0.000222
"sum57",191,224,193,127,107,187,-0.37,-5.5886,0.001002,0.95538,0.000264
"AT2G43750.1",136,139,146,91,85,96,-0.435,-5.4489,0.001518,0.95631,4e-04
"sum67",645,789,752,728,428,669,-0.183,-5.4246,0.001636,0.956492,0.000431
"AT5G13650.1",58,51,60,28,26,30,-0.705,-5.209,0.003235,0.958145,0.000803
"AT5G60600.1",97,84,76,55,48,49,-0.521,-5.1334,0.004131,0.95878,0.001001
"AT3G55800.1",123,128,125,80,84,84,-0.423,-5.1266,0.004223,0.95883,0.001018
"AT1G06680.1",281,208,229,243,138,163,-0.275,-4.7706,0.013432,0.961967,0.002791
"AT2G37220.1",45,62,55,33,22,33,-0.609,-4.7227,0.01568,0.962396,0.003184
"AT5G54770.1",29,146,88,32,63,69,-0.47,-4.6879,0.017537,0.962718,0.003514
"AT2G38040.1",54,30,15,23,15,6,-0.817,-4.6408,0.020386,0.963149,0.004006
"sum27",15,28,21,33,53,46,0.725,5.0645,0.020391,0.002043,0.952736
"AT2G04030.1",158,118,110,105,77,85,-0.372,-4.5721,0.02532,0.963777,0.004844
"AT1G62750.1",161,140,146,123,86,112,-0.33,-4.4359,0.038252,0.965018,0.007013
"AT5G15450.1",61,52,54,39,27,29,-0.569,-4.3503,0.048656,0.965798,0.008798
"AT5G04360.1",28,12,17,9,2,8,-1.121,-4.1402,0.080098,0.967832,0.015192
"ATCG00380.1",23,16,9,28,39,34,0.768,4.3404,0.097095,0.019286,0.954003
"sum42",55,25,6,20,11,8,-0.785,-3.9246,0.116222,0.970263,0.025638
"AT1G09340.1",125,144,93,106,77,88,-0.29,-3.8379,0.131539,0.971396,0.031189
"AT3G52380.1",31,31,29,22,12,14,-0.638,-3.664,0.16615,0.974012,0.045052
"AT4G24770.1",63,82,57,58,30,46,-0.412,-3.6587,0.16733,0.974109,0.045595
"AT2G42600.1",15,17,8,22,19,43,0.724,3.973,0.168134,0.047519,0.95528
"AT1G29900.1",166,146,121,124,72,131,-0.28,-3.6063,0.179523,0.975014,0.050709
"AT5G23440.1",9,13,10,4,2,2,-1.424,-3.5989,0.181327,0.975117,0.051303
"AT3G16420.1",6,13,10,2,0,0,-2.066,-3.5937,0.182607,0.975221,0.051901
"AT1G54520.1",0,0,0,10,5,13,2.344,3.893,0.18943,0.056666,0.955643
"AT1G66430.1",33,38,37,26,17,19,-0.558,-3.5016,0.207208,0.976916,0.061992
"AT2G43710.1",25,22,17,10,12,7,-0.757,-3.5002,0.207612,0.976916,0.061993
"sum63",32,44,61,22,29,36,-0.464,-3.4509,0.222468,0.977866,0.067931
"AT1G32900.1",2,14,12,0,2,3,-1.609,-3.3665,0.25092,0.979568,0.079149
"AT5G51070.1",30,7,7,8,4,6,-0.886,-3.3594,0.253497,0.97973,0.08026
"AT5G52920.1",42,57,37,30,22,35,-0.451,-3.3556,0.254888,0.979811,0.08082
"AT3G54660.1",22,34,21,11,14,16,-0.64,-3.3304,0.264324,0.980343,0.084535
"AT5G26000.1",31,29,20,21,9,13,-0.632,-3.3226,0.26732,0.980507,0.085704
"sum54",9,18,0,31,19,11,0.797,3.6331,0.278254,0.095508,0.957009
"AT3G53580.1",19,19,12,6,8,8,-0.83,-3.2489,0.297398,0.982051,0.097124
"AT2G39730.1",676,710,653,998,554,702,0.102,3.5614,0.308601,0.108955,0.957426
"AT5G65620.1",57,45,36,37,28,23,-0.45,-3.2131,0.313152,0.982813,0.103089
"AT4G13430.1",20,30,27,14,13,16,-0.597,-3.1463,0.34446,0.984265,0.115126
"AT4G14880.1",9,15,8,7,3,1,-1.074,-3.1195,0.357675,0.984866,0.120385
"AT1G32470.1",8,17,11,5,6,2,-0.959,-3.1013,0.366845,0.985252,0.123863
"AT4G01310.1",30,38,20,46,56,37,0.466,3.4376,0.367265,0.13585,0.958191
"AT2G40490.1",68,70,56,48,45,45,-0.339,-3.0773,0.379165,0.985768,0.128618
"AT4G01800.1",50,34,9,52,34,61,0.463,3.4105,0.381151,0.142442,0.958366
"AT1G69830.1",67,62,37,45,34,37,-0.371,-3.0606,0.387879,0.986154,0.132273
"ATCG00470.1",10,11,11,7,2,3,-1.027,-3.0371,0.40032,0.986669,0.13727
"AT4G35630.1",16,13,17,11,5,4,-0.792,-2.9858,0.428096,0.987781,0.148576
"AT2G28190.1",22,24,42,14,17,21,-0.527,-2.9233,0.462734,0.989141,0.163409
"AT2G43100.1",2,9,6,1,0,1,-1.894,-2.8982,0.476776,0.989648,0.169236
"AT1G20340.1",40,67,69,49,38,40,-0.33,-2.8825,0.485571,0.989985,0.173199
"AT5G16715.1",31,23,32,16,13,22,-0.523,-2.8791,0.487475,0.990069,0.174199
"AT3G58990.1",3,7,8,0,1,2,-1.475,-2.8749,0.489828,0.990153,0.175204
"AT4G21280.1",105,82,63,90,56,42,-0.278,-2.859,0.498729,0.990488,0.179262
"AT4G21210.1",22,17,15,11,9,7,-0.697,-2.8572,0.499736,0.99053,0.179774
"AT2G04400.1",17,20,17,9,10,9,-0.661,-2.8294,0.515253,0.991113,0.187042
"AT5G24490.1",9,12,8,26,13,20,0.719,3.1591,0.524273,0.213886,0.959987
"AT1G16080.1",35,31,40,25,17,27,-0.43,-2.7823,0.541294,0.992107,0.199945
"AT4G20850.1",29,28,8,53,23,30,0.49,3.0889,0.566413,0.237019,0.960424
"AT1G78380.1",5,7,7,13,16,15,0.846,3.082,0.570521,0.23976,0.960473
"AT3G63490.1",42,57,33,64,61,58,0.335,3.0477,0.590752,0.251621,0.960682
"AT5G21930.1",2,7,6,0,1,1,-1.746,-2.6792,0.596347,0.994265,0.230356
"AT3G24190.1",82,85,62,55,57,61,-0.28,-2.6779,0.597018,0.994265,0.230357
"AT5G17990.1",12,17,15,11,7,5,-0.671,-2.6676,0.602318,0.994506,0.233957
"AT3G55330.1",6,13,16,6,4,6,-0.805,-2.6593,0.606559,0.994667,0.236375
"AT3G15950.1",45,49,56,13,32,62,-0.342,-2.648,0.61229,0.994867,0.239418
"AT4G25130.1",5,7,5,11,15,14,0.878,2.9624,0.638749,0.283853,0.961213
"AT1G20020.1",31,48,28,67,36,51,0.375,2.9369,0.652156,0.293765,0.961367
"AT5G17710.1",33,27,38,17,24,24,-0.415,-2.5599,0.655164,0.996651,0.267693
"AT4G13550.1",3,3,1,7,3,14,1.306,2.8865,0.676943,0.313257,0.961661
"AT2G35500.1",17,14,12,12,4,6,-0.683,-2.5005,0.682209,0.997823,0.287368
"AT3G27160.1",11,11,3,8,1,0,-0.921,-2.4984,0.683138,0.997901,0.2887
"AT4G26555.1",11,19,10,10,3,7,-0.71,-2.4933,0.685386,0.997978,0.290036
"AT1G80380.2",37,40,50,33,28,28,-0.35,-2.4651,0.697623,0.99852,0.299451
"AT4G02520.1",4,2,2,12,9,3,1.185,2.8113,0.708868,0.343777,0.962104
"AT2G05990.1",69,69,83,58,45,72,-0.234,-2.4053,0.722522,0.999707,0.320687
"AT1G64510.1",22,18,22,16,10,12,-0.497,-2.3948,0.726753,0.999897,0.324158
"AT4G38460.1",10,7,7,5,1,4,-0.898,-2.3829,0.731499,1,0.328339
"AT2G30870.1",0,6,1,7,8,8,1.097,2.7147,0.739584,0.384074,0.962681
"AT2G43945.1",23,12,14,31,24,22,0.479,2.6999,0.743226,0.390687,0.962777
"AT1G04410.1",15,20,11,11,11,4,-0.565,-2.3422,0.747352,1,0.343089
"AT2G47390.1",85,60,53,67,26,58,-0.268,-2.3418,0.747505,1,0.34309
"AT1G17220.1",36,27,14,28,40,46,0.387,2.6746,0.748814,0.40142,0.962936
"AT4G33030.1",5,6,2,1,0,1,-1.568,-2.321,0.755385,1,0.350884
"AT2G36390.1",38,34,25,30,13,25,-0.363,-2.3198,0.755835,1,0.350885
"AT4G20360.1",220,246,285,282,112,269,-0.124,-2.3183,0.756397,1,0.351595
"AT5G03650.1",31,32,27,29,17,16,-0.373,-2.2971,0.764265,1,0.359434
"AT5G63570.1",31,37,39,61,44,43,0.318,2.5335,0.766814,0.459582,0.963894
"AT1G57770.1",0,0,0,0,2,9,1.553,2.2108,0.767663,0.570364,0.967125
"AT4G29060.1",157,179,127,171,152,208,0.14,2.2033,0.767699,0.57261,0.967231
"AT1G42970.1",145,196,212,276,153,201,0.136,2.2459,0.7677,0.560569,0.966691
"sum40",0,0,0,0,6,5,1.497,2.2482,0.767713,0.559388,0.966641
"AT4G33680.1",34,29,29,54,34,36,0.307,2.1907,0.767801,0.576487,0.96742
"AT5G19820.1",1,1,0,5,3,6,1.694,2.2786,0.767984,0.550355,0.966282
"AT5G50250.1",14,11,14,10,2,9,-0.62,-2.2869,0.767999,1,0.363009
"AT5G16390.1",11,8,11,17,15,17,0.496,2.1592,0.768296,0.5851,0.967869
"AT4G22240.1",4,4,4,15,3,11,0.8,2.3447,0.768932,0.528652,0.965537
"AT2G43030.1",24,28,15,35,39,24,0.375,2.3493,0.768999,0.527323,0.965497
"AT2G33450.1",0,0,0,4,4,4,1.497,2.1249,0.769269,0.59389,0.968371
"AT5G54600.1",20,30,18,39,30,30,0.373,2.3824,0.769431,0.515788,0.965161
"AT5G42390.1",39,37,29,38,28,79,0.319,2.416,0.769668,0.503846,0.964847
"AT1G10760.1",101,126,72,114,117,132,0.187,2.4158,0.769668,0.503846,0.964847
"AT5G20290.1",0,4,0,10,7,0,1.173,2.4271,0.769679,0.50026,0.964758
"AT5G35100.1",6,6,8,12,8,17,0.623,2.1034,0.770133,0.599391,0.968709
"AT5G38480.1",0,6,3,9,3,9,0.824,2.1,0.770288,0.600376,0.968772
"AT5G35170.1",4,4,1,3,6,11,0.838,2.0244,0.775165,0.618283,0.970029
"AT5G19220.1",35,29,26,45,40,36,0.29,2.0168,0.775811,0.620086,0.970168
"sum16",19,18,6,16,5,3,-0.571,-2.264,0.776267,1,0.371618
"AT2G47910.1",10,12,10,16,17,17,0.456,2.0107,0.776352,0.62143,0.970273
"sum15",2,3,0,5,7,3,0.982,1.9926,0.778067,0.625413,0.970592
"AT3G55010.1",11,18,20,12,5,12,-0.528,-2.2589,0.778086,1,0.373057
"AT5G13030.1",6,6,6,4,12,16,0.577,1.9897,0.778358,0.62629,0.970664
"ATCG00680.1",0,0,4,13,0,0,0.961,1.9865,0.778684,0.626726,0.9707
"AT4G16390.1",9,6,0,10,11,9,0.625,1.9776,0.779618,0.6289,0.970881
"AT2G21390.1",0,0,0,3,4,3,1.349,1.9763,0.779758,0.629333,0.970918
"AT3G15360.1",10,5,7,8,16,13,0.53,1.9676,0.780717,0.631055,0.971064
"AT1G58080.1",8,9,9,3,6,3,-0.762,-2.2511,0.780853,1,0.375937
"AT3G55440.1",3,5,7,10,8,9,0.628,1.9662,0.780875,0.631484,0.971101
"AT1G70070.1",5,7,6,8,12,11,0.568,1.9638,0.781148,0.631912,0.971137
"AT4G23670.1",14,24,19,9,16,10,-0.484,-2.2499,0.781277,1,0.376657
"AT5G38430.1",65,84,56,85,65,97,0.183,1.947,0.783145,0.635733,0.971472
"AT2G21530.1",17,22,13,11,14,6,-0.506,-2.2411,0.784375,1,0.379541
"AT2G13360.1",13,21,15,32,22,15,0.366,1.9225,0.786322,0.640747,0.971925
"AT5G53480.1",0,0,0,5,2,3,1.327,1.9181,0.786926,0.641574,0.972001
"AT3G48420.1",20,25,22,31,32,29,0.312,1.9121,0.787766,0.642811,0.972116
"AT3G01440.1",0,0,0,6,1,3,1.318,1.9108,0.787951,0.643222,0.972155
"AT1G72370.1",0,0,0,0,8,1,1.334,1.9036,0.788988,0.644862,0.972309
"AT4G18240.1",0,0,0,0,4,5,1.337,1.9013,0.789325,0.64527,0.972347
"AT3G05900.1",13,10,0,9,1,0,-0.811,-2.2252,0.789914,1,0.385319
"AT3G04870.1",2,2,2,1,6,8,0.957,1.8963,0.790068,0.646085,0.972425
"AT3G10920.1",3,3,2,4,6,8,0.833,1.8948,0.790293,0.646492,0.972464
"AT2G21385.1",10,19,13,26,13,23,0.378,1.884,0.791949,0.648925,0.972697
"sum50",0,0,0,0,8,0,1.297,1.8835,0.792027,0.648925,0.972697
"AT5G35790.1",12,18,8,12,18,27,0.405,1.8773,0.793007,0.650134,0.972815
"AT1G11870.1",3,4,5,1,0,0,-1.526,-2.2097,0.795243,1,0.391109
"AT1G13930.1",12,9,9,6,6,3,-0.704,-2.208,0.795823,1,0.391833
"AT3G61080.1",4,4,4,1,0,0,-1.513,-2.2057,0.796607,1,0.392558
"AT2G21330.1",112,128,110,114,117,170,0.135,1.8531,0.797019,0.654935,0.973288
"AT1G76080.1",25,31,34,39,35,41,0.257,1.8465,0.798164,0.656523,0.973447
"AT3G46780.1",0,0,0,0,8,0,1.329,1.8428,0.798816,0.656918,0.973486
"AT4G29840.1",27,43,19,23,14,25,-0.359,-2.1952,0.800167,1,0.396908
"AT5G10450.1",0,4,0,4,7,1,0.919,1.8338,0.800431,0.658894,0.973686
"AT3G57560.1",17,14,8,28,10,19,0.377,1.8104,0.804816,0.663603,0.974167
"AT2G33800.1",19,31,16,27,33,28,0.289,1.8034,0.80618,0.665164,0.974327
"ATCG00660.1",5,3,1,8,4,6,0.744,1.8031,0.806239,0.665164,0.974327
"AT3G52750.1",4,4,2,7,0,12,0.688,1.7993,0.806989,0.665943,0.974408
"AT5G17530.1",13,15,13,8,8,8,-0.551,-2.1741,0.807226,1,0.40417
"AT3G21200.1",3,4,1,13,2,2,0.802,1.7945,0.807948,0.66672,0.974488
"AT2G42590.1",0,1,1,4,2,3,1.19,1.7833,0.810226,0.669049,0.97473
"AT1G67700.1",6,9,6,9,17,8,0.496,1.7805,0.810805,0.669436,0.974771
"AT2G44050.1",12,15,8,13,19,20,0.399,1.7798,0.81095,0.669436,0.974771
"AT3G08940.2",0,0,10,0,0,0,-1.54,-2.1569,0.812889,1,0.410714
"AT5G15200.1",0,2,0,4,6,0,1.066,1.7615,0.814829,0.673301,0.975174
"sum37",24,28,9,36,27,20,0.31,1.7552,0.8162,0.674457,0.975295
"AT1G32990.1",33,43,17,35,21,10,-0.335,-2.1381,0.818986,1,0.417991
"AT5G64300.1",3,4,3,2,6,12,0.688,1.7371,0.820237,0.677918,0.975657
"sum24",0,0,0,2,6,0,1.196,1.7361,0.820465,0.678303,0.975697
"AT3G52930.1",5,6,5,1,5,1,-0.939,-2.1293,0.821807,1,0.420904
"AT2G21370.1",1,1,0,2,2,5,1.215,1.7296,0.821953,0.679454,0.975818
"AT5G13630.1",24,44,7,4,57,36,0.265,1.7281,0.822298,0.679838,0.975858
"AT4G29670.1",15,18,19,16,8,9,-0.47,-2.1258,0.822923,1,0.422361
"sum59",183,157,227,212,131,154,-0.132,-2.1209,0.82448,1,0.423818
"sum1",3,3,4,7,6,7,0.671,1.7116,0.826167,0.682905,0.976179
"AT3G48560.1",7,18,6,0,5,10,-0.669,-2.1084,0.828423,1,0.428916
"sum61",3,4,0,6,9,0,0.729,1.6959,0.829953,0.685968,0.976497
"AT2G29630.1",11,22,14,1,14,13,-0.519,-2.1009,0.830768,1,0.431829
"AT1G64190.1",0,1,0,1,4,4,1.082,1.6778,0.834439,0.689412,0.976853
"sum58",313,277,262,270,234,268,-0.101,-2.0724,0.839542,1,0.442023
"sum35",0,1,0,4,3,0,1.128,1.6526,0.840895,0.694388,0.977361
"AT2G04700.1",3,8,2,1,2,1,-1.27,-2.0664,0.841362,1,0.444206
"AT4G37930.1",15,24,16,15,16,3,-0.479,-2.0656,0.841604,1,0.444207
"AT5G65840.1",0,0,0,0,3,5,1.117,1.6322,0.846288,0.698603,0.977784
"AT3G10350.1",9,1,1,12,3,5,0.612,1.6269,0.847712,0.699369,0.977861
"AT1G31180.1",16,8,13,19,10,22,0.352,1.6187,0.849934,0.700904,0.978012
"AT1G19570.1",2,8,3,7,9,6,0.565,1.6116,0.851876,0.70244,0.978162
"AT5G26570.1",80,63,49,75,62,88,0.154,1.5953,0.856392,0.705515,0.978459
"AT2G03390.1",4,3,4,0,0,0,-1.421,-2.014,0.856844,1,0.463819
"AT1G07320.1",21,21,15,32,26,18,0.284,1.5909,0.857625,0.706285,0.978533
"AT4G01900.1",3,11,5,12,9,9,0.454,1.5894,0.858046,0.70667,0.978569
"AT1G32200.1",6,7,7,5,2,2,-0.831,-2.0055,0.859286,1,0.466717
"AT2G38230.1",0,3,0,0,6,4,0.837,1.5758,0.861897,0.709369,0.978823
"AT5G04440.1",3,1,2,2,6,5,0.823,1.5697,0.86364,0.710527,0.978931
"AT5G17560.1",7,6,6,4,1,4,-0.78,-1.9758,0.867668,1,0.477562
"AT1G05190.1",39,41,34,44,60,34,0.197,1.5549,0.867911,0.71362,0.979213
"AT5G09660.1",16,27,17,22,16,2,-0.4,-1.9603,0.871949,1,0.483329
"AT4G20260.1",0,1,0,0,6,0,1.128,1.5393,0.87247,0.716721,0.979489
"AT5G30510.1",28,44,31,48,43,35,0.206,1.5366,0.873264,0.717109,0.979523
"AT1G67090.1",267,273,271,386,214,276,0.076,1.5355,0.873589,0.717498,0.979557
"AT1G23730.1",0,0,0,1,2,5,1.096,1.5335,0.874179,0.717886,0.979591
"AT4G38225.1",1,1,0,0,1,6,1.113,1.5304,0.875095,0.718274,0.979624
"AT1G16880.1",77,53,43,38,46,54,-0.227,-1.9419,0.876948,1,0.4898
"AT5G50210.1",3,4,3,1,0,0,-1.339,-1.9415,0.877056,1,0.490517
"sum18",30,31,17,24,18,13,-0.356,-1.9397,0.87754,1,0.490518
"AT1G12230.1",10,12,3,17,14,6,0.397,1.5171,0.87905,0.720999,0.979857
"AT1G73060.1",4,10,2,7,8,10,0.457,1.5143,0.879887,0.721388,0.97989
"AT3G02780.1",0,0,0,2,0,5,1.051,1.5097,0.881265,0.722559,0.979987
"AT3G05350.1",32,27,26,18,17,26,-0.327,-1.9257,0.881276,1,0.49625
"AT1G76100.1",4,9,8,6,2,2,-0.749,-1.9214,0.882412,1,0.497681
"AT2G45300.1",5,14,8,4,0,10,-0.626,-1.9151,0.884069,1,0.499825
"AT5G23120.1",58,49,48,44,42,37,-0.232,-1.9129,0.884645,1,0.500539
"AT5G66120.2",7,7,8,8,1,2,-0.716,-1.9123,0.884802,1,0.50054
"AT5G14320.1",12,27,20,28,21,28,0.265,1.4945,0.885845,0.725293,0.98021
"AT4G18370.1",5,5,5,2,1,3,-0.971,-1.9081,0.885898,1,0.501968
"AT2G42130.3",25,19,16,26,23,29,0.261,1.4868,0.888181,0.726859,0.980335
"AT1G49970.1",7,13,9,19,11,11,0.354,1.483,0.889336,0.727643,0.980397
"AT4G25050.1",6,12,5,5,4,3,-0.668,-1.8934,0.889697,1,0.507665
"sum28",0,7,2,0,0,0,-1.316,-1.8859,0.891613,1,0.510507
"AT5G45680.1",4,4,5,7,3,12,0.521,1.4742,0.89202,0.729606,0.980548
"AT5G24300.1",22,14,13,15,18,32,0.286,1.4716,0.892815,0.729998,0.980578
"AT3G11510.1",0,0,0,0,3,4,1.099,1.4666,0.894347,0.731178,0.980667
"AT2G43560.1",21,12,15,18,21,25,0.285,1.4652,0.894776,0.731177,0.980667
"AT1G56070.1",43,43,19,39,25,16,-0.271,-1.8722,0.895076,1,0.515468
"AT1G67280.1",17,22,24,32,23,27,0.247,1.4632,0.89539,0.731571,0.980696
"AT3G25660.1",5,6,2,3,0,1,-0.993,-1.8662,0.896577,1,0.517589
"AT4G19830.1",0,2,2,5,4,2,0.845,1.4591,0.896649,0.732358,0.980755
"AT4G37000.1",23,28,29,37,23,39,0.217,1.4524,0.898712,0.733935,0.980869
"sum48",0,0,0,0,6,0,1.076,1.4481,0.900038,0.734724,0.980926
"AT2G36145.1",1,0,0,0,2,5,1.079,1.4471,0.900346,0.735119,0.980954
"AT5G14200.1",24,36,53,48,32,56,0.185,1.4445,0.901149,0.735514,0.980982
"AT4G11600.1",2,2,2,2,6,4,0.719,1.4395,0.902694,0.736304,0.981037
"AT3G14930.1",15,28,23,22,14,11,-0.35,-1.8401,0.903,1,0.526746
"AT5G55280.1",13,8,6,17,10,12,0.356,1.4384,0.903035,0.7367,0.981064
"AT5G51720.1",8,8,4,13,9,8,0.428,1.4377,0.903251,0.736699,0.981064
"AT4G15530.1",17,2,11,5,1,11,-0.582,-1.836,0.903993,1,0.528149
"AT3G25860.1",6,5,3,7,10,5,0.478,1.4335,0.904552,0.73749,0.981119
"sum64",31,26,11,29,31,26,0.235,1.4298,0.905698,0.738282,0.981172
"AT4G04020.1",8,6,1,12,3,9,0.443,1.4142,0.910542,0.741454,0.981381
"ATCG00420.1",7,19,10,10,8,4,-0.491,-1.808,0.910664,1,0.53793
"AT5G50850.1",5,3,3,1,2,1,-1.091,-1.8049,0.911391,1,0.53932
"AT5G48960.1",9,9,3,14,4,13,0.402,1.4106,0.911661,0.742249,0.981431
"AT5G66090.1",15,12,20,14,11,6,-0.424,-1.7957,0.913533,1,0.54279
"AT2G05710.1",42,32,27,31,20,27,-0.258,-1.7924,0.914297,1,0.543483
"AT1G17160.1",2,1,3,5,3,4,0.753,1.3992,0.915208,0.744636,0.981579
"AT4G25370.1",30,25,34,34,38,38,0.203,1.398,0.915582,0.745034,0.981602
"AT3G55250.1",5,3,1,6,2,8,0.605,1.3932,0.917077,0.745831,0.98165
"AT5G10160.1",3,3,4,1,0,0,-1.119,-1.7799,0.917165,1,0.54832
"AT1G12410.1",10,19,10,14,23,15,0.288,1.3917,0.917544,0.74623,0.981673
"AT4G34090.1",21,17,10,16,6,10,-0.408,-1.7736,0.918596,1,0.550387
"AT4G01940.1",4,3,2,0,0,0,-1.211,-1.771,0.919184,1,0.551075
"AT5G17920.1",71,75,53,68,50,46,-0.185,-1.7692,0.91959,1,0.551763
"AT2G15620.1",62,59,66,64,65,83,0.135,1.3834,0.920129,0.747825,0.981765
"sum11",0,3,2,6,3,3,0.663,1.3791,0.921468,0.748624,0.98181
"AT3G29200.1",3,3,3,0,0,0,-1.203,-1.7527,0.923278,1,0.557248
"AT3G47370.1",0,0,0,0,5,0,0.962,1.3732,0.923305,0.749823,0.981876
"AT1G18640.2",11,17,16,11,8,10,-0.423,-1.7511,0.923632,1,0.557931
"AT3G23400.1",2,6,3,4,6,8,0.529,1.3709,0.92402,0.750222,0.981898
"ATCG00820.1",4,6,4,11,3,8,0.452,1.3627,0.926572,0.751823,0.981983
"AT3G01120.1",4,9,10,4,1,7,-0.658,-1.7361,0.926925,1,0.563382
"AT5G65430.1",2,4,0,3,3,5,0.64,1.3573,0.92825,0.753025,0.982044
"AT5G28500.1",16,16,14,9,11,11,-0.394,-1.7269,0.928919,1,0.566773
"AT1G48520.1",20,20,14,15,22,32,0.239,1.3512,0.930145,0.754227,0.982104
"AT4G10750.1",5,3,0,1,0,0,-1.205,-1.7088,0.932788,1,0.572847
"AT1G73110.1",5,3,3,8,3,7,0.531,1.3412,0.933247,0.756233,0.9822
"AT3G62030.1",281,343,472,397,273,344,-0.078,-1.7051,0.93357,1,0.574192
"AT1G79850.1",15,17,12,11,6,12,-0.42,-1.6967,0.935335,1,0.576874
"AT1G15820.1",2,4,6,2,2,0,-0.948,-1.6966,0.935356,1,0.576874
"ATCG00270.1",0,0,7,0,0,0,-1.207,-1.6924,0.936232,1,0.578213
"AT3G53460.1",24,26,21,21,18,12,-0.323,-1.6901,0.936711,1,0.578881
"AT3G55040.1",26,26,16,21,7,21,-0.325,-1.6836,0.938057,1,0.581549
"AT3G27740.1",5,7,4,4,0,3,-0.718,-1.6736,0.940112,1,0.584873
"AT2G39930.1",6,6,3,2,4,1,-0.8,-1.668,0.941253,1,0.586199
"AT5G45390.1",58,72,56,87,37,89,0.14,1.315,0.941336,0.761865,0.982443
"AT2G24090.1",0,0,0,4,0,2,0.993,1.3137,0.941736,0.761864,0.982443
"AT5G40450.1",0,0,0,2,4,0,0.973,1.31,0.942872,0.76267,0.982475
"sum3",0,4,0,7,3,1,0.678,1.3082,0.943424,0.763073,0.98249
"AT5G05730.1",0,2,3,0,3,7,0.708,1.3072,0.943731,0.763477,0.982505
"AT5G53460.1",64,167,89,79,104,97,-0.139,-1.6524,0.944401,1,0.591481
"AT5G58260.1",0,0,0,3,2,2,0.99,1.2976,0.946668,0.765493,0.982578
"AT1G63970.1",21,16,23,17,15,12,-0.316,-1.6394,0.946987,1,0.596073
"AT4G24830.1",18,17,24,26,19,29,0.227,1.2875,0.949745,0.767511,0.982646
"AT3G04920.1",0,3,0,3,6,0,0.757,1.2864,0.950079,0.767511,0.982646
"sum39",0,0,0,0,5,0,0.938,1.2828,0.951171,0.768319,0.982672
"ATCG00120.1",45,37,60,35,34,47,-0.206,-1.6114,0.952452,1,0.605177
"AT5G65780.1",6,6,7,5,4,0,-0.617,-1.6093,0.952856,1,0.605823
"AT5G66190.1",30,47,38,52,40,42,0.158,1.2762,0.953168,0.76953,0.982709
"sum62",154,132,144,164,115,186,0.082,1.2739,0.953863,0.770339,0.982732
"AT5G63420.1",31,22,12,19,28,33,0.212,1.2692,0.955279,0.771147,0.982755
"AT4G36910.1",6,0,0,1,0,1,-1.093,-1.596,0.955398,1,0.610329
"AT4G08390.1",32,28,18,46,21,29,0.195,1.267,0.95594,0.771551,0.982766
"AT3G12930.1",3,5,6,6,10,6,0.439,1.2576,0.958756,0.773573,0.982817
"AT1G63940.1",39,29,26,45,34,34,0.173,1.2574,0.958816,0.773573,0.982817
"AT2G29450.1",0,0,0,3,2,2,0.941,1.2522,0.960366,0.774787,0.982846
"ATCG01110.1",6,9,5,9,1,1,-0.597,-1.5665,0.960929,1,0.619889
"AT2G21660.1",0,4,0,2,6,3,0.646,1.249,0.961318,0.775191,0.982855
"AT5G19460.1",7,5,4,0,0,6,-0.709,-1.5642,0.961354,1,0.620522
"AT1G23180.1",15,1,1,7,0,1,-0.662,-1.5591,0.962294,1,0.622416
"AT4G10340.1",4,6,0,2,2,0,-0.838,-1.5577,0.962552,1,0.623046
"AT3G63170.1",8,7,6,15,7,8,0.357,1.2446,0.962622,0.775999,0.982872
"AT1G54630.1",8,12,13,5,9,7,-0.442,-1.5569,0.962698,1,0.623046
"ATCG00650.1",0,0,1,2,3,2,0.958,1.2393,0.964188,0.777214,0.982896
"sum45",0,0,6,0,0,0,-1.1,-1.5428,0.965272,1,0.627441
"AT4G21445.1",5,4,2,5,7,6,0.503,1.2351,0.965425,0.778023,0.982911
"AT5G24400.1",8,14,6,15,0,1,-0.496,-1.5381,0.966123,1,0.628692
"AT1G70890.1",11,14,15,9,11,8,-0.378,-1.5293,0.967708,1,0.631806
"AT3G15690.2",0,3,0,6,2,2,0.701,1.2272,0.96774,0.779641,0.982939
"AT4G36810.1",21,29,24,26,8,22,-0.271,-1.5266,0.968192,1,0.632428
"AT2G30860.1",12,23,23,25,26,21,0.216,1.2254,0.968265,0.780046,0.982945
"ATCG00480.1",60,58,38,51,30,48,-0.185,-1.525,0.968478,1,0.633048
"AT3G18890.1",6,1,0,0,0,0,-1.076,-1.5234,0.968764,1,0.633668
"AT4G29590.1",0,0,2,5,0,2,0.806,1.2232,0.968906,0.78045,0.982951
"AT2G31670.1",11,20,16,17,22,20,0.239,1.2232,0.968906,0.78045,0.982951
"AT1G15060.1",0,0,0,0,3,3,0.98,1.2199,0.969866,0.78126,0.982962
"AT3G57610.1",19,25,22,18,14,17,-0.304,-1.5138,0.970473,1,0.636758
"AT5G66720.1",3,4,0,0,0,0,-1.109,-1.5044,0.972133,1,0.639833
"AT1G79550.1",1,8,2,2,2,0,-0.787,-1.4832,0.975835,1,0.645937
"AT2G26670.1",8,14,11,11,3,8,-0.418,-1.4772,0.976872,1,0.647756
"AT2G33210.1",2,6,1,1,0,1,-0.903,-1.4768,0.976941,1,0.64836
"AT1G66200.1",2,5,4,3,1,1,-0.818,-1.4743,0.977372,1,0.648965
"sum65",21,21,37,23,20,18,-0.256,-1.4732,0.977561,1,0.648966
"AT3G59870.1",19,15,6,25,12,13,0.248,1.1918,0.977923,0.786922,0.983016
"AT3G02630.1",16,13,11,16,7,6,-0.355,-1.471,0.977939,1,0.650172
"AT2G19940.1",25,32,23,26,17,19,-0.252,-1.4699,0.978128,1,0.650172
"AT2G35490.1",3,2,3,4,1,8,0.557,1.1909,0.978177,0.787327,0.983018
"AT2G27680.1",31,28,25,26,17,24,-0.231,-1.4553,0.98062,1,0.654974
"sum20",19,25,19,16,15,17,-0.277,-1.4532,0.980977,1,0.655572
"AT4G37925.1",5,1,2,0,0,1,-1.083,-1.4521,0.981163,1,0.655572
"AT1G13280.1",18,12,12,12,9,9,-0.348,-1.451,0.981349,1,0.656168
"AT3G22960.1",44,52,47,29,36,54,-0.184,-1.4509,0.981366,1,0.656168
"AT2G01210.1",10,11,25,22,6,5,-0.331,-1.446,0.982195,1,0.657361
"AT3G10940.1",3,4,2,2,0,1,-0.899,-1.4455,0.982279,1,0.657955
"AT3G59970.3",0,6,2,0,0,2,-0.894,-1.4383,0.983491,1,0.659736
"AT4G28030.1",5,1,2,0,0,0,-1.09,-1.4374,0.983642,1,0.660328
"AT1G75350.1",4,4,3,6,4,7,0.468,1.1708,0.9838,0.791366,0.983025
"AT5G49910.1",85,106,84,104,89,111,0.092,1.1701,0.983994,0.791366,0.983025
"AT2G04039.1",2,1,9,2,3,0,-0.721,-1.4291,0.985031,1,0.662692
"ATCG00170.1",2,0,1,2,4,2,0.754,1.1657,0.985207,0.792577,0.983023
"sum6",2,4,0,0,10,0,0.555,1.1641,0.985647,0.792577,0.983023
"AT1G12800.1",17,16,9,12,8,10,-0.34,-1.4171,0.987026,1,0.666217
"AT3G56130.1",7,10,8,8,4,4,-0.47,-1.4117,0.987918,1,0.667971
"AT3G23700.1",14,14,15,6,13,12,-0.332,-1.4047,0.989071,1,0.66972
"AT5G04260.1",4,3,2,2,0,0,-0.851,-1.399,0.990006,1,0.671463
"AT1G43670.1",1,7,1,2,0,0,-0.868,-1.3967,0.990382,1,0.672042
"AT4G28706.2",1,2,2,3,3,3,0.657,1.1455,0.990699,0.796608,0.982998
"AT2G14260.1",5,3,1,2,1,1,-0.895,-1.3925,0.991068,1,0.6732
"AT2G26540.1",7,4,5,4,2,3,-0.58,-1.3859,0.992142,1,0.675506
"AT1G11930.1",1,2,6,2,0,1,-0.901,-1.3786,0.993326,1,0.677802
"AT4G28730.1",4,4,4,3,4,11,0.442,1.1351,0.993474,0.798619,0.982977
"AT1G70820.1",24,32,26,25,27,45,0.169,1.1336,0.993871,0.799022,0.982972
"AT4G09010.1",1,2,0,4,2,2,0.726,1.1335,0.993898,0.799022,0.982972
"AT1G09795.1",17,12,10,11,10,8,-0.332,-1.3712,0.99452,1,0.679518
"AT2G29690.1",2,4,1,0,5,5,0.552,1.131,0.994558,0.799423,0.982967
"AT2G35370.1",2,18,3,4,8,4,-0.429,-1.3643,0.995629,1,0.681796
"AT3G54640.1",13,24,20,24,8,11,-0.281,-1.3641,0.995661,1,0.681797
"AT1G08550.1",7,0,0,1,0,2,-0.832,-1.3583,0.99659,1,0.683499
"AT5G54810.1",8,9,11,7,4,7,-0.437,-1.3551,0.997101,1,0.684065
"AT5G46290.1",16,23,19,29,20,23,0.2,1.1197,0.997514,0.801833,0.98293
"AT3G29185.1",7,4,5,3,5,1,-0.582,-1.3484,0.998168,1,0.686322
"AT1G56500.1",3,4,5,6,4,8,0.431,1.1165,0.998343,0.802635,0.982916
"AT4G09040.1",11,15,8,12,5,7,-0.348,-1.3472,0.998359,1,0.686323
"sum14",0,3,0,3,3,0,0.512,0.8278,1,0.858548,0.979095
"sum17",5,5,0,4,0,0,-0.603,-1.1898,1,1,0.729319
"sum21",0,1,0,0,0,3,0.54,0.7835,1,0.866647,0.977991
"sum22",3,5,7,7,9,3,0.253,0.7238,1,0.876831,0.976348
"sum29",4,5,0,3,0,4,-0.229,-0.4822,1,0.99852,0.875682
"sum30",4,5,3,5,3,4,0.059,0.1443,1,0.953057,0.947019
"sum31",64,92,79,103,62,79,0.038,0.4266,1,0.921054,0.964559
"sum32",3,5,0,4,0,0,-0.435,-0.7919,1,1,0.82079
"sum43",0,4,0,3,0,0,-0.179,-0.2811,1,0.987332,0.904253
"sum49",11,8,7,10,11,7,0.058,0.198,1,0.947495,0.951006
"sum52",0,4,0,0,3,0,-0.177,-0.2796,1,0.987206,0.904506
"sum53",8,8,6,8,2,4,-0.46,-1.333,1,1,0.690807
"sum60",30,32,26,17,24,37,-0.124,-0.7645,1,1,0.826225
"sum7",4,8,0,11,3,0,0.17,0.4563,1,0.917186,0.966004
"sum8",0,3,0,6,0,0,0.49,0.8545,1,0.853867,0.979659
"sum9",0,4,0,0,6,0,0.371,0.6791,1,0.884334,0.974934
"sum13",6,9,2,8,12,3,0.308,0.9937,1,0.827143,0.981967
"sum25",8,9,0,5,10,0,-0.121,-0.3319,1,0.990491,0.897501
"AT4G38740.1",3,4,0,4,1,0,-0.246,-0.4683,1,0.997856,0.877821
"AT4G27440.1",9,5,0,2,8,2,-0.229,-0.5883,1,1,0.858296
"AT2G41840.1",0,0,0,3,0,0,0.524,0.6906,1,0.882403,0.975316
"AT4G09000.1",7,10,6,10,8,9,0.196,0.7072,1,0.8798,0.975811
"AT1G22300.1",0,3,2,4,3,3,0.548,1.0486,1,0.816174,0.982518
"AT1G78300.1",2,4,3,3,0,1,-0.561,-1.0273,1,1,0.769669
"AT1G35160.1",0,0,0,0,0,3,0.699,0.8688,1,0.850949,0.979984
"AT5G62790.1",18,26,29,24,23,28,0.033,0.1933,1,0.948105,0.950593
"AT4G15560.1",0,0,0,0,2,2,0.64,0.7831,1,0.866647,0.977991
"AT4G34350.1",10,0,2,7,3,2,-0.088,-0.2194,1,0.98316,0.912069
"AT4G33510.1",0,3,0,0,0,1,-0.552,-0.7101,1,1,0.836407
"AT5G23010.1",0,6,5,0,2,8,-0.094,-0.2218,1,0.98343,0.911596
"AT2G25450.1",1,1,1,0,2,2,0.573,0.7608,1,0.870432,0.977415
"AT5G18660.1",4,3,1,3,0,2,-0.309,-0.553,1,1,0.864265
"AT3G13120.1",4,12,4,6,9,7,0.104,0.3248,1,0.933632,0.959031
"ATCG00750.1",9,10,4,13,7,4,0.032,0.1106,1,0.956296,0.944444
"ATCG00330.1",9,7,6,6,10,14,0.31,1.0863,1,0.808633,0.982777
"ATCG01120.1",10,9,13,8,7,13,-0.13,-0.4861,1,0.998707,0.875066
"AT4G34620.1",27,43,25,34,26,29,-0.068,-0.455,1,0.997177,0.879934
"ATCG00160.1",19,25,13,19,25,24,0.172,0.9377,1,0.837893,0.981213
"AT3G15190.1",31,26,31,39,37,23,0.119,0.8379,1,0.856756,0.979317
"ATCG00800.1",34,31,24,33,27,34,0.051,0.3344,1,0.932477,0.959599
"ATCG00770.1",38,45,26,48,38,23,-0.001,-0.0068,1,0.966782,0.934537
"AT1G74970.1",17,26,22,21,18,24,-0.036,-0.2016,1,0.98193,0.914169
"AT3G03710.1",41,33,29,35,29,37,-0.025,-0.1736,1,0.979969,0.917352
"AT2G37660.1",68,76,76,88,56,52,-0.12,-1.2173,1,1,0.72261
"AT1G80560.1",16,18,17,26,11,16,0.036,0.1827,1,0.949114,0.949898
"AT1G62640.1",10,11,9,9,12,11,0.066,0.2539,1,0.941636,0.954695
"AT2G26930.1",3,4,1,1,2,2,-0.51,-0.8782,1,1,0.802999
"AT3G11940.1",3,4,0,2,7,4,0.482,1.0566,1,0.814593,0.98258
"AT2G36160.1",0,0,0,2,3,0,0.804,1.09,1,0.807835,0.982798
"AT2G09990.1",1,3,1,2,2,0,0.147,0.232,1,0.943974,0.95328
"AT5G18380.1",0,3,0,5,0,0,0.424,0.6864,1,0.883049,0.97519
"AT3G02080.1",3,3,2,2,3,0,-0.253,-0.4575,1,0.997275,0.879634
"AT5G28060.1",1,3,0,0,3,0,-0.029,-0.0451,1,0.970084,0.930815
"AT2G37270.1",0,0,0,0,0,0,0.036,0.0405,1,0.962654,0.938755
"AT4G31700.1",0,0,0,2,2,0,0.589,0.7318,1,0.875499,0.976581
"AT1G48830.1",0,1,0,0,4,0,0.746,0.9926,1,0.827532,0.981944
"AT2G02500.1",9,10,7,9,6,7,-0.164,-0.5578,1,1,0.86361
"AT5G13510.1",33,32,23,32,31,20,-0.067,-0.442,1,0.996582,0.881724
"AT1G78630.1",45,37,38,37,30,35,-0.165,-1.1954,1,1,0.728294
"ATCG00780.1",19,20,12,18,15,14,-0.087,-0.4394,1,0.996381,0.882317
"AT3G25920.1",19,16,12,16,23,18,0.19,0.9535,1,0.834847,0.98145
"ATCG00790.1",11,17,11,12,13,8,-0.175,-0.7155,1,1,0.835666
"AT3G54210.1",17,23,11,20,16,11,-0.075,-0.3633,1,0.992331,0.893165
"AT1G48350.1",16,12,10,12,14,9,-0.087,-0.3593,1,0.991992,0.893989
"AT5G47190.1",35,25,17,28,25,19,-0.06,-0.3735,1,0.99289,0.891782
"AT4G17560.1",8,5,3,9,8,5,0.27,0.861,1,0.852411,0.979824
"AT1G35680.1",26,26,18,23,23,14,-0.158,-0.8832,1,1,0.801746
"ATCG00810.1",16,30,15,23,21,10,-0.126,-0.6778,1,1,0.842614
"AT5G40950.1",16,21,17,16,19,18,-0.031,-0.1556,1,0.978677,0.919344
"AT5G65220.1",19,30,19,25,34,14,0.073,0.4315,1,0.920545,0.964755
"AT3G44890.1",41,54,30,44,41,28,-0.097,-0.7511,1,1,0.828522
"AT1G62180.1",1,3,2,0,0,0,-0.742,-1.026,1,1,0.77013
"AT1G48860.1",9,4,2,5,5,0,-0.428,-1.0876,1,1,0.755094
"AT5G20980.1",0,1,2,0,0,0,-0.497,-0.6312,1,1,0.850765
"AT3G09200.1",2,5,0,5,0,0,-0.164,-0.293,1,0.988079,0.902727
"AT2G27720.1",0,1,0,0,3,0,0.612,0.7571,1,0.871114,0.977307
"AT2G27710.1",1,0,0,0,2,0,0.267,0.3279,1,0.933171,0.95926
"AT3G05560.1",0,0,0,0,4,0,0.754,1.0151,1,0.822857,0.982208
"AT2G19730.1",4,10,0,10,8,0,0.245,0.6911,1,0.882403,0.975316
"AT2G01250.1",0,4,0,0,0,0,-0.765,-1.016,1,1,0.772424
"AT1G52400.1",2,0,1,0,0,2,-0.03,-0.0401,1,0.969597,0.931385
"AT4G29120.1",1,3,0,2,2,2,0.169,0.2646,1,0.940339,0.955448
"AT5G41670.1",10,11,7,13,6,13,0.178,0.6783,1,0.884334,0.974934
"AT5G16290.1",0,0,1,0,1,2,0.345,0.4009,1,0.924317,0.963254
"AT2G31810.1",0,2,0,3,1,0,0.224,0.3286,1,0.933171,0.95926
"AT5G36880.1",24,18,20,26,12,27,0.045,0.2467,1,0.942492,0.954185
"AT1G80600.1",12,19,21,20,10,12,-0.216,-1.0491,1,1,0.764564
"AT4G35830.1",4,4,3,5,3,0,-0.306,-0.7076,1,1,0.837145
"AT4G26970.1",8,8,9,11,6,3,-0.238,-0.7843,1,1,0.822354
"AT5G04740.1",19,21,18,22,19,26,0.144,0.7903,1,0.865256,0.978193
"AT5G09810.1",0,4,0,0,0,1,-0.751,-1.0881,1,1,0.755094
"AT5G59880.1",4,8,2,4,3,5,-0.148,-0.3696,1,0.992667,0.892337
"AT3G46000.1",0,2,0,1,0,0,-0.383,-0.4449,1,0.996682,0.881427
"AT3G05020.1",4,4,3,3,2,3,-0.313,-0.6631,1,1,0.845125
"AT1G54580.1",6,8,8,4,6,5,-0.402,-1.2295,1,1,0.718954
"AT4G34450.1",3,8,2,4,0,3,-0.488,-1.0752,1,1,0.758436
"AT1G27450.1",9,12,9,14,10,15,0.259,1.0548,1,0.814988,0.982565
"AT2G14750.1",0,1,0,1,0,2,0.329,0.4121,1,0.923072,0.963762
"AT5G47840.1",9,14,17,12,13,13,-0.046,-0.2004,1,0.98193,0.914169
"AT4G18440.1",15,29,14,18,17,13,-0.167,-0.8777,1,1,0.802999
"AT5G48300.1",27,35,25,33,15,30,-0.103,-0.6597,1,1,0.845838
"AT3G07630.1",0,1,0,0,2,3,0.813,1.083,1,0.80943,0.982754
"AT2G35040.1",25,26,27,20,25,35,0.029,0.1783,1,0.949515,0.949617
"AT1G50200.1",2,0,0,4,0,1,0.452,0.6642,1,0.886563,0.974477
"AT5G22800.1",79,63,55,59,64,94,0.095,0.927,1,0.840164,0.981025
"AT1G06690.1",0,4,0,0,3,0,-0.154,-0.2423,1,0.984761,0.909202
"AT1G04420.1",21,23,32,40,21,27,0.15,0.9753,1,0.830625,0.981747
"AT2G36460.1",2,1,2,0,0,0,-0.779,-1.0433,1,1,0.765964
"AT5G66530.1",14,17,17,30,11,13,0.127,0.6424,1,0.890015,0.973734
"AT5G22510.1",8,10,5,7,5,8,-0.146,-0.4949,1,0.999077,0.873827
"AT3G25760.1",6,6,4,7,8,4,0.101,0.3044,1,0.935911,0.957871
"AT3G25770.1",21,17,13,16,19,14,-0.03,-0.1513,1,0.978386,0.919781
"AT2G28900.1",0,0,3,0,1,0,-0.529,-0.6904,1,1,0.840077
"AT5G57850.1",22,16,19,15,19,25,0.026,0.1369,1,0.953636,0.946573
"AT1G35720.1",4,3,2,4,1,0,-0.418,-0.7428,1,1,0.830421
"AT1G70570.1",7,6,6,3,4,10,-0.132,-0.3845,1,0.99344,0.890386
"AT4G26370.1",0,4,0,0,0,0,-0.827,-1.0855,1,1,0.755574
"AT5G10920.1",6,5,6,5,3,8,-0.065,-0.1807,1,0.980535,0.916453
"AT4G26300.1",9,10,8,1,10,19,0.102,0.3676,1,0.928463,0.961472
"AT5G27970.1",0,0,0,1,0,2,0.351,0.4431,1,0.919005,0.965338
"AT4G32320.1",0,0,1,1,0,0,-0.028,-0.0319,1,0.968943,0.932139
"AT3G47340.1",0,0,0,3,0,0,0.597,0.7511,1,0.872133,0.977143
"AT5G65010.1",0,0,0,0,1,3,0.566,0.7124,1,0.878815,0.975992
"AT2G22250.1",3,9,4,5,5,7,0.062,0.1724,1,0.950113,0.949193
"AT4G31990.1",41,52,57,88,37,44,0.11,0.9435,1,0.836753,0.981304
"AT1G31230.1",34,32,21,31,13,34,-0.107,-0.6817,1,1,0.841892
"AT4G19710.2",17,12,8,23,7,14,0.142,0.6398,1,0.890636,0.973595
"AT3G18680.1",0,3,2,0,0,2,-0.446,-0.6424,1,1,0.849017
"AT1G14810.1",33,31,32,26,27,34,-0.097,-0.6421,1,1,0.849017
"AT4G17300.1",8,10,6,4,8,19,0.255,0.9304,1,0.839408,0.981089
"AT3G08010.1",1,0,0,3,0,0,0.617,0.795,1,0.864558,0.978292
"AT4G34740.1",0,0,0,0,0,3,0.622,0.7966,1,0.864208,0.978341
"AT1G08490.1",2,6,4,5,0,1,-0.568,-1.1889,1,1,0.729831
"AT4G04770.1",12,14,7,6,7,12,-0.26,-0.985,1,1,0.779664
"AT3G10670.1",16,19,12,21,14,14,0.041,0.1975,1,0.947699,0.950869
"AT2G41680.1",19,19,15,12,8,21,-0.261,-1.3146,1,1,0.695803
"AT5G18570.1",2,3,1,0,0,0,-0.754,-0.9842,1,1,0.779664
"AT1G75460.1",0,4,0,0,1,3,-0.096,-0.1513,1,0.978386,0.919781
"AT2G41530.1",0,0,0,1,2,1,0.274,0.3471,1,0.931075,0.960271
"AT4G26160.1",2,2,1,2,0,0,-0.214,-0.3062,1,0.988937,0.900922
"AT5G19140.1",0,2,0,0,2,2,0.235,0.3375,1,0.932011,0.959824
"AT4G33580.1",3,4,4,3,2,5,-0.086,-0.1917,1,0.981237,0.915318
"AT1G74960.1",10,7,6,8,10,6,0.05,0.169,1,0.95051,0.948908
"AT4G00490.1",7,13,7,4,3,14,-0.232,-0.7828,1,1,0.822354
"AT3G54440.1",0,0,0,0,1,1,0.02,0.022,1,0.964396,0.93703
"AT2G22230.1",6,10,20,11,10,8,-0.243,-0.993,1,1,0.777418
"AT1G52670.1",11,6,8,10,3,10,-0.104,-0.3558,1,0.991878,0.894262
"AT5G35360.1",36,38,42,39,32,35,-0.089,-0.6557,1,1,0.846548
"AT3G57180.1",2,1,0,1,1,0,-0.347,-0.4067,1,0.994731,0.886979
"AT3G49680.1",7,25,10,15,14,6,-0.172,-0.7685,1,1,0.825456
"AT3G47650.1",0,0,1,2,2,2,0.754,1.0289,1,0.820114,0.982345
"AT5G12040.1",5,4,3,3,2,5,-0.184,-0.4163,1,0.995151,0.885826
"ATCG00500.1",4,3,0,6,2,1,0.118,0.2328,1,0.943974,0.95328
"AT1G21440.1",10,8,12,3,7,11,-0.365,-1.2857,1,1,0.704014
"AT4G19170.1",7,5,2,6,1,11,0.257,0.7133,1,0.878485,0.976052
"AT4G35090.1",2,1,0,3,0,0,0.292,0.442,1,0.919005,0.965338
"AT1G20620.1",21,33,18,16,30,17,-0.167,-0.9595,1,1,0.785436
"AT2G38270.1",18,20,17,22,6,18,-0.172,-0.8673,1,1,0.805075
"AT4G34120.1",22,19,21,19,13,21,-0.159,-0.8626,1,1,0.806314
"AT1G49650.1",2,1,0,0,2,2,0.191,0.2697,1,0.939904,0.955697
"AT4G09650.1",17,18,16,17,16,22,0.056,0.2923,1,0.937257,0.957158
"AT4G04640.1",4,5,4,7,4,5,0.243,0.6478,1,0.889392,0.973871
"AT3G20330.1",9,9,6,9,4,6,-0.246,-0.8082,1,1,0.817238
"AT1G67840.1",2,4,1,0,0,1,-0.922,-1.2797,1,1,0.705639
"AT1G48850.1",8,10,9,14,5,8,0.001,0.0042,1,0.965937,0.935438
"AT5G05010.1",0,2,0,0,0,1,-0.314,-0.3745,1,0.99289,0.891782
"ATCG00670.1",21,21,20,21,17,28,0.062,0.3405,1,0.931778,0.959936
"AT1G66670.1",8,10,6,18,3,9,0.247,0.9014,1,0.845038,0.980586
"AT1G02560.1",61,41,36,64,32,33,-0.075,-0.6011,1,1,0.856268
"AT1G11750.1",27,24,22,24,29,22,0.027,0.1592,1,0.951497,0.94819
"AT1G09130.1",23,24,18,33,24,21,0.185,1.0539,1,0.814988,0.982565
"AT4G17040.1",13,14,12,17,11,11,0,0.0017,1,0.966107,0.935259
"AT4G12060.1",31,32,33,26,25,38,-0.088,-0.6129,1,1,0.85422
"AT5G49940.1",0,0,2,0,2,0,-0.015,-0.02,1,0.967952,0.933256
"AT2G42540.1",0,0,0,2,0,0,0.292,0.3612,1,0.929181,0.961148
"AT2G42530.1",0,1,0,3,1,1,0.556,0.724,1,0.876831,0.976348
"AT1G03475.1",29,32,29,18,30,33,-0.103,-0.6876,1,1,0.840805
"AT3G62410.1",2,2,2,1,3,3,0.179,0.3073,1,0.935685,0.957988
"AT2G47400.1",0,1,0,0,0,0,0.009,0.0097,1,0.965427,0.935973
"AT4G24280.1",136,113,110,112,109,118,-0.065,-0.838,1,1,0.81122
"AT2G44650.1",5,7,9,8,3,3,-0.411,-1.1557,1,1,0.738432
"AT3G60210.1",0,1,2,0,0,0,-0.263,-0.3216,1,0.98978,0.899091
"AT5G20720.1",47,44,46,55,42,42,0.015,0.1264,1,0.954784,0.945671
"AT3G23990.1",0,0,0,1,3,1,0.803,1.0152,1,0.822858,0.982208
"AT2G28000.1",199,195,183,144,146,261,-0.047,-0.77,1,1,0.82507
"AT1G26230.1",0,0,0,0,0,3,0.611,0.7867,1,0.865952,0.978092
"AT2G47450.1",8,8,4,6,4,3,-0.434,-1.1633,1,1,0.736424
"AT5G03940.1",9,14,5,15,7,6,0.002,0.0056,1,0.965767,0.935617
"AT4G26500.1",5,6,4,4,5,4,-0.154,-0.3996,1,0.994306,0.888123
"AT5G52100.1",1,2,2,3,0,0,0.011,0.0161,1,0.964913,0.936503
"AT1G51100.1",8,3,5,13,3,2,0.104,0.2876,1,0.937925,0.956798
"AT1G12520.1",4,9,7,5,8,2,-0.277,-0.8065,1,1,0.817635
"AT3G57050.1",4,11,10,8,6,8,-0.14,-0.4567,1,0.997274,0.879634
"AT3G61440.1",5,3,0,1,2,3,-0.413,-0.7756,1,1,0.823909
"AT2G31170.1",1,3,1,1,1,4,0.205,0.3211,1,0.934091,0.958802
"AT4G20960.1",1,2,2,2,0,0,-0.252,-0.3546,1,0.991764,0.894535
"AT1G31800.1",0,2,0,0,0,0,-0.324,-0.3865,1,0.99355,0.890105
"AT1G17745.1",0,2,3,0,0,4,0.107,0.1829,1,0.949114,0.949898
"AT4G34200.1",45,46,30,38,26,44,-0.115,-0.8894,1,1,0.800489
"AT3G19480.1",24,16,15,15,17,27,0.094,0.5171,1,0.908835,0.968791
"AT2G33430.1",2,2,2,1,0,1,-0.781,-1.0258,1,1,0.77013
"AT3G08840.2",0,1,0,0,0,2,0.344,0.4278,1,0.921054,0.964559
"AT3G46630.1",3,1,2,1,0,0,-0.795,-1.0067,1,1,0.774702
"AT1G59990.1",2,2,2,2,2,5,0.414,0.8119,1,0.861393,0.978726
"AT5G08610.1",2,0,0,2,2,0,0.296,0.4034,1,0.924069,0.963356
"AT5G26742.2",27,21,16,17,24,14,-0.155,-0.8305,1,1,0.812837
"AT5G35970.1",34,24,25,23,15,32,-0.167,-1.0201,1,1,0.771508
"AT1G45230.1",0,2,3,2,1,2,-0.191,-0.2966,1,0.988326,0.902214
"AT3G27925.1",21,17,10,24,14,18,0.161,0.801,1,0.863507,0.978439
"AT2G47940.1",13,16,14,12,10,24,0.07,0.3265,1,0.933402,0.959146
"AT5G39830.1",4,2,0,4,2,3,0.278,0.5359,1,0.906318,0.969551
"AT1G76180.1",5,2,6,6,4,1,-0.18,-0.4271,1,0.995772,0.884081
"AT5G16710.1",32,43,45,42,32,43,-0.017,-0.1262,1,0.976468,0.922572
"AT3G06350.1",9,14,14,6,10,14,-0.223,-0.8838,1,1,0.801746
"AT2G39800.1",4,0,0,0,0,0,-0.831,-1.1053,1,1,0.750753
"AT5G62530.1",0,1,0,0,0,1,0.023,0.0254,1,0.96405,0.937379
"AT3G14390.1",2,2,0,3,0,3,0.151,0.2539,1,0.941636,0.954695
"AT5G11880.1",7,7,0,3,10,9,0.317,0.9101,1,0.843171,0.98076
"AT1G35420.1",4,4,3,7,2,0,-0.125,-0.2889,1,0.987832,0.903238
"AT2G45440.1",0,0,0,3,0,0,0.559,0.7723,1,0.868374,0.977733
"AT4G22930.1",9,10,9,8,6,5,-0.384,-1.2621,1,1,0.710478
"AT3G17810.1",5,7,4,9,1,4,-0.132,-0.3568,1,0.991878,0.894262
"AT3G23940.1",27,28,26,24,30,37,0.12,0.7839,1,0.866647,0.977991
"AT5G64860.1",12,15,11,10,9,16,-0.092,-0.3944,1,0.993984,0.888976
"AT1G53280.1",5,4,5,4,3,7,-0.006,-0.0161,1,0.967619,0.933624
"AT1G14410.1",0,2,0,0,1,2,-0.012,-0.0158,1,0.967619,0.933624
"AT4G28440.1",2,2,3,2,2,2,-0.203,-0.3522,1,0.99165,0.894807
"AT4G03200.1",3,1,0,1,1,2,-0.234,-0.3344,1,0.990608,0.897234
"AT4G16155.1",2,1,0,5,2,0,0.716,1.108,1,0.804238,0.982884
"AT1G48030.1",6,10,6,5,6,4,-0.412,-1.2316,1,1,0.718429
"AT5G19510.1",3,7,0,7,2,0,-0.095,-0.2125,1,0.982753,0.912774
"AT3G08740.1",27,21,39,32,25,22,-0.103,-0.6484,1,1,0.847962
"AT5G08650.1",4,7,3,3,8,4,0.095,0.2499,1,0.942065,0.954441
"AT3G20390.1",14,13,16,17,15,12,0.027,0.1252,1,0.954784,0.945671
"AT2G36530.1",4,7,1,8,3,0,-0.002,-0.0036,1,0.966614,0.934718
"AT4G29010.1",0,1,0,2,0,0,0.381,0.4969,1,0.911582,0.96792
"AT5G57870.1",1,1,0,0,0,1,0.071,0.0811,1,0.959071,0.942072
"AT1G26630.1",3,3,1,6,0,1,0.128,0.2331,1,0.943764,0.95341
"AT1G53520.1",19,15,13,15,12,12,-0.19,-0.8802,1,1,0.802582
"AT1G32550.1",0,1,0,0,2,1,0.404,0.4971,1,0.911582,0.96792
"AT4G14890.1",3,3,0,2,0,0,-0.662,-1.0117,1,1,0.773337
"AT2G41220.1",20,30,7,36,12,17,0.119,0.6475,1,0.889392,0.973871
"AT5G04140.1",464,689,370,591,428,525,0.012,0.3523,1,0.930368,0.960602
"AT5G08410.1",12,22,13,13,16,13,-0.117,-0.5469,1,1,0.865243
"AT5G01600.1",7,4,1,7,1,0,-0.313,-0.6819,1,1,0.841892
"AT3G56090.1",4,4,2,6,0,0,-0.213,-0.4225,1,0.995566,0.884665
"AT2G40300.1",7,4,1,7,4,2,0.067,0.1657,1,0.950906,0.948622
"AT5G09820.1",0,1,0,2,0,1,0.302,0.3694,1,0.928223,0.961579
"AT5G19940.1",2,2,2,1,2,2,-0.212,-0.3361,1,0.990725,0.896966
"AT3G58010.1",10,8,5,17,0,8,0.121,0.4227,1,0.921561,0.964362
"AT2G46910.1",8,0,0,6,1,5,0.205,0.4872,1,0.912937,0.967475
"AT4G39710.1",2,0,0,0,0,1,-0.342,-0.4152,1,0.995151,0.885827
"AT1G32220.1",5,2,3,5,1,6,0.184,0.4183,1,0.922066,0.964163
"AT1G79790.1",3,5,3,8,2,0,-0.006,-0.0138,1,0.967453,0.933808
"AT1G74260.1",66,67,52,74,38,75,0.007,0.0756,1,0.959435,0.941748
"AT1G66520.1",4,2,1,2,3,2,0.001,0.0011,1,0.966107,0.935259
"AT3G54050.1",61,83,97,90,65,75,-0.05,-0.5246,1,1,0.869106
"AT4G26530.1",2,3,2,2,5,2,0.283,0.5605,1,0.902608,0.97061
"AT2G01140.1",5,12,15,14,9,13,0.072,0.2882,1,0.937702,0.956918
"AT2G36250.1",13,5,6,4,6,7,-0.348,-1.1109,1,1,0.749781
"AT4G23100.1",21,33,17,24,19,26,-0.025,-0.1485,1,0.978094,0.920216
"AT1G26220.1",3,6,5,3,6,4,-0.073,-0.181,1,0.980535,0.916453
"AT1G32070.1",0,2,0,1,0,0,-0.381,-0.4627,1,0.997567,0.87873
"AT4G24620.1",48,50,43,38,35,60,-0.062,-0.5211,1,1,0.869425
"AT2G13440.1",1,0,2,2,1,4,0.649,0.9426,1,0.837134,0.981274
"AT2G37500.1",8,10,9,7,8,5,-0.282,-0.9361,1,1,0.790243
"AT3G48730.1",36,51,62,64,54,47,0.107,0.9227,1,0.840918,0.98096
"AT5G35630.1",208,252,289,280,215,245,-0.008,-0.1491,1,0.97824,0.919999
"AT1G48470.1",2,2,2,2,0,0,-0.402,-0.5938,1,1,0.857284
"AT5G64050.1",5,7,7,7,7,5,-0.006,-0.0177,1,0.967786,0.93344
"AT3G17820.1",0,2,0,0,1,0,-0.334,-0.4208,1,0.995463,0.884956
"AT3G54900.1",2,2,1,3,1,0,0.009,0.0135,1,0.965084,0.936327
"AT2G20270.1",3,7,5,6,4,5,0.006,0.0162,1,0.964913,0.936503
"AT2G25080.1",36,45,48,59,24,43,-0.03,-0.222,1,0.98343,0.911596
"AT5G27380.1",1,2,0,1,0,0,-0.333,-0.409,1,0.994836,0.886692
"AT1G78370.1",5,22,12,6,17,15,-0.038,-0.1703,1,0.979684,0.917798
"AT2G47730.1",18,25,23,25,15,24,-0.032,-0.1846,1,0.980817,0.916001
"AT3G48110.1",69,64,53,62,52,87,0.079,0.7776,1,0.867685,0.977837
"AT1G11860.1",7,15,18,18,14,13,0.121,0.5621,1,0.902319,0.97069
"AT4G33010.1",64,65,48,55,56,67,0,-0.0029,1,0.966445,0.934899
"AT2G26080.1",14,15,13,13,15,17,0.075,0.3635,1,0.928942,0.961256
"AT4G32520.1",4,3,0,4,0,1,-0.331,-0.5959,1,1,0.856946
"AT4G38680.1",0,2,0,0,0,0,-0.358,-0.4343,1,0.996179,0.882907
"AT3G14415.1",26,30,16,31,19,15,-0.097,-0.5807,1,1,0.859637
"AT3G14420.1",18,44,20,20,37,17,-0.115,-0.6945,1,1,0.839347
"AT5G36890.1",0,1,1,0,0,0,0.049,0.056,1,0.961236,0.940103
"AT1G63770.3",99,93,93,88,62,116,-0.068,-0.8346,1,1,0.812029
"AT1G08110.1",4,5,4,3,2,3,-0.539,-1.1216,1,1,0.746852
"AT1G11840.1",1,5,0,4,0,1,-0.209,-0.3725,1,0.992778,0.89206
"AT3G25530.1",4,11,2,9,6,4,0.109,0.3244,1,0.933632,0.959031
"AT1G17650.1",37,41,30,40,29,37,-0.022,-0.159,1,0.978966,0.918905
"AT1G36390.1",5,6,3,7,3,4,0.007,0.0195,1,0.964569,0.936855
"AT1G56050.1",3,6,4,6,3,8,0.282,0.7365,1,0.87483,0.976695
"AT3G43300.1",0,0,0,3,0,1,0.556,0.6993,1,0.881106,0.975565
"AT5G53850.2",5,8,6,13,0,8,0.155,0.4817,1,0.913743,0.967205
"AT2G33255.1",0,1,0,1,1,0,-0.013,-0.0155,1,0.967619,0.933624
"AT4G11570.1",0,0,0,2,2,2,0.726,0.9829,1,0.82908,0.981848
"AT5G10460.1",1,1,0,3,0,0,0.609,0.7419,1,0.873823,0.976865
"AT2G25870.1",2,4,4,4,2,6,0.18,0.4099,1,0.923322,0.963661
"AT1G14310.1",0,0,1,2,0,0,0.306,0.3786,1,0.927258,0.962005
"AT4G39970.1",27,24,19,32,12,21,-0.072,-0.4173,1,0.995255,0.885537
"AT3G24430.1",6,8,8,7,7,6,-0.082,-0.2585,1,0.985804,0.907248
"AT1G16720.1",21,22,20,15,21,25,-0.034,-0.1915,1,0.981237,0.915318
"AT3G46970.1",4,5,0,4,0,0,-0.561,-1.1484,1,1,0.740429
"AT5G63890.1",8,7,4,10,3,9,0.128,0.4161,1,0.922318,0.964063
"AT3G46100.1",3,5,3,4,4,3,-0.029,-0.0707,1,0.972164,0.928292
"AT5G42310.1",1,1,2,3,1,1,0.271,0.3945,1,0.925059,0.962946
"AT2G17265.1",9,10,13,9,11,9,-0.103,-0.4151,1,0.995151,0.885827
"AT1G52510.1",6,9,10,8,6,5,-0.287,-0.9157,1,1,0.79498
"AT1G06130.1",3,0,4,2,2,2,-0.286,-0.5018,1,0.999442,0.87258
"AT5G08280.1",47,54,54,40,45,67,-0.024,-0.2067,1,0.982343,0.913474
"AT1G68010.1",9,27,8,15,15,3,-0.291,-1.3005,1,1,0.699653
"AT5G49030.1",33,36,24,40,26,39,0.133,0.9676,1,0.832165,0.981643
"AT4G26900.1",11,14,4,10,10,14,0.154,0.6004,1,0.896728,0.972155
"AT3G55760.1",0,3,1,0,0,2,-0.273,-0.3976,1,0.994199,0.888408
"AT5G48220.1",2,1,0,4,0,0,0.495,0.7364,1,0.87483,0.976695
"AT5G09650.1",55,46,56,44,51,54,-0.06,-0.5028,1,0.999442,0.87258
"AT1G31190.1",12,13,9,12,13,13,0.128,0.5437,1,0.905186,0.969881
"AT4G05090.1",0,1,0,0,0,0,-0.051,-0.0595,1,0.971211,0.929466
"AT4G39120.1",8,7,1,8,1,1,-0.481,-1.1937,1,1,0.728807
"AT5G23310.1",5,3,2,7,2,1,0.005,0.012,1,0.965256,0.93615
"AT4G25100.1",29,14,4,26,14,6,-0.015,-0.0712,1,0.972164,0.928292
"AT5G51100.1",4,3,3,3,0,4,-0.236,-0.4879,1,0.9988,0.874757
"AT1G03310.1",0,0,0,1,2,1,0.331,0.4111,1,0.923072,0.963762
"AT4G09020.1",17,14,12,19,9,10,-0.117,-0.5065,1,0.999623,0.871953
"AT5G14590.1",4,5,3,6,1,5,-0.002,-0.0051,1,0.966782,0.934537
"AT5G03290.1",2,0,1,2,0,0,0.045,0.0604,1,0.960879,0.940436
"AT1G77060.1",2,2,0,2,0,0,-0.267,-0.3762,1,0.993,0.891504
"AT3G60370.1",10,6,6,13,4,11,0.255,0.8887,1,0.847267,0.980368
"AT1G20810.1",3,0,7,4,0,0,-0.642,-1.2059,1,1,0.725204
"AT3G10060.1",2,1,0,2,2,1,0.212,0.2962,1,0.93681,0.957397
"AT5G13410.1",28,21,24,38,16,20,0.015,0.0949,1,0.957785,0.943191
"AT5G16440.1",0,3,0,2,0,0,-0.235,-0.3401,1,0.990958,0.89643
"AT2G43090.1",9,6,7,8,9,6,0.002,0.0086,1,0.965597,0.935795
"AT2G22360.1",0,1,0,0,3,0,0.554,0.7362,1,0.87483,0.976695
"AT5G57040.1",6,6,10,6,9,3,-0.208,-0.6509,1,1,0.847256
"AT1G07890.1",6,10,5,9,1,7,-0.224,-0.6905,1,1,0.840077
"AT2G44060.1",1,1,0,0,1,1,0.012,0.0146,1,0.964913,0.936503
"AT5G45170.1",19,21,19,26,12,26,0.086,0.479,1,0.914279,0.967023
"AT4G30920.1",9,10,10,11,5,6,-0.291,-1.0215,1,1,0.771049
"AT4G30910.1",3,1,0,1,0,4,0.088,0.1527,1,0.952085,0.947754
"AT4G04350.1",34,26,12,26,20,38,0.159,0.9744,1,0.831011,0.981722
"AT1G09620.1",4,7,1,5,2,7,0.158,0.3904,1,0.925796,0.962635
"AT3G02870.1",0,0,0,3,0,0,0.624,0.7932,1,0.864907,0.978242
"AT3G54890.1",0,1,0,1,0,0,-0.034,-0.0396,1,0.969597,0.931385
"AT3G61470.1",1,2,0,0,2,0,-0.033,-0.0424,1,0.96976,0.931196
"AT1G61520.1",2,1,0,0,2,0,-0.006,-0.0077,1,0.96695,0.934355
"AT3G47470.1",7,8,3,8,5,0,-0.271,-0.762,1,1,0.82661
"AT5G01530.1",0,0,2,0,0,0,-0.61,-0.7763,1,1,0.823909
"AT3G26740.1",4,1,2,0,1,1,-0.919,-1.2426,1,1,0.715794
"AT3G01510.1",2,3,3,2,1,7,0.225,0.474,1,0.914812,0.96684
"AT3G45140.1",293,257,162,297,173,216,-0.04,-0.7822,1,1,0.822743
"AT5G01650.1",2,2,3,2,2,2,-0.175,-0.3085,1,0.989059,0.900662
"AT5G66550.1",3,2,2,2,4,3,0.261,0.5138,1,0.909389,0.968619
"AT3G26450.1",0,3,0,1,1,0,-0.622,-0.8001,1,1,0.819217
"AT3G47520.1",39,35,40,30,32,45,-0.051,-0.3904,1,0.993767,0.889541
"AT5G58330.1",43,45,49,60,44,37,0.027,0.2266,1,0.944604,0.952886
"AT2G30200.1",39,42,35,46,20,35,-0.141,-1.0407,1,1,0.766429
"AT1G79230.1",2,4,4,3,2,2,-0.351,-0.7216,1,1,0.834179
"AT2G23820.2",1,0,1,0,0,4,0.813,1.0204,1,0.821683,0.982268
"AT1G53670.1",6,5,5,2,5,5,-0.293,-0.7576,1,1,0.827376
"AT1G13270.1",6,2,0,2,5,2,0.004,0.0091,1,0.965427,0.935973
"AT4G21860.1",4,5,0,7,0,0,-0.081,-0.1737,1,0.979969,0.917352
"AT3G03780.1",15,24,26,23,11,17,-0.244,-1.3134,1,1,0.696355
"AT3G55400.1",15,13,12,10,7,14,-0.263,-1.1075,1,1,0.750268
"AT1G08520.1",28,28,4,18,28,24,0.154,0.8675,1,0.851316,0.979945
"AT5G24020.1",4,2,0,4,2,1,-0.006,-0.0112,1,0.967286,0.933991
"AT3G63540.1",18,20,27,21,20,21,-0.054,-0.3113,1,0.98918,0.900402
"AT3G52880.1",0,0,0,0,2,1,0.352,0.4425,1,0.919005,0.965338
"AT1G11430.1",25,27,26,27,14,24,-0.191,-1.1632,1,1,0.736424
"AT2G34620.1",0,1,0,0,2,0,0.306,0.3645,1,0.928942,0.961256
"AT4G09620.1",2,4,5,2,2,3,-0.469,-0.9311,1,1,0.791542
"AT1G63680.1",1,0,0,0,0,0,0.008,0.009,1,0.965427,0.935973
"AT1G52410.1",2,1,2,0,1,5,0.352,0.5696,1,0.901158,0.971006
"AT5G25980.2",5,5,3,5,2,3,-0.266,-0.597,1,1,0.856946
"AT1G21640.1",1,1,0,2,2,1,0.567,0.7519,1,0.872134,0.977143
"AT1G65930.1",2,5,9,5,2,5,-0.315,-0.8113,1,1,0.816841
"AT1G23740.1",43,48,52,31,43,53,-0.115,-0.9862,1,1,0.779216
"AT3G27890.1",12,10,15,18,12,8,0.038,0.1608,1,0.9513,0.948334
"AT1G79870.1",0,1,0,1,0,1,-0.071,-0.0829,1,0.973106,0.927099
"AT5G11670.1",0,1,0,1,0,1,-0.01,-0.0118,1,0.967286,0.933991
"AT3G12390.1",1,3,1,2,0,0,-0.054,-0.0781,1,0.972794,0.927499
"AT1G17880.1",2,2,3,1,1,0,-0.899,-1.2181,1,1,0.72209
"AT1G73230.1",0,0,1,0,0,0,0.069,0.0777,1,0.959253,0.94191
"AT5G13850.1",0,0,1,1,0,0,0.171,0.1901,1,0.948307,0.950455
"ATCG00430.1",1,1,1,0,0,0,0.009,0.01,1,0.965427,0.935973
"AT1G74880.1",3,5,5,6,3,4,0.008,0.0205,1,0.964396,0.93703
"AT4G09320.1",12,13,8,14,13,12,0.171,0.7179,1,0.877825,0.976171
"AT5G63310.1",12,29,16,16,22,27,0.128,0.7153,1,0.878156,0.976112
"AT4G11010.1",4,6,0,5,8,0,0.241,0.5814,1,0.8994,0.971473
"AT3G44310.1",3,2,0,3,2,0,0.023,0.037,1,0.963005,0.938414
"AT2G03440.1",2,1,0,0,0,0,-0.355,-0.4415,1,0.996482,0.882021
"AT2G24270.1",0,6,3,2,3,2,-0.353,-0.6952,1,1,0.839347
"AT4G12720.1",0,1,0,1,0,0,0.033,0.0355,1,0.96318,0.938243
"AT3G56650.1",22,22,26,33,20,25,0.098,0.5984,1,0.897027,0.97208
"AT1G76450.1",14,19,15,13,10,14,-0.27,-1.2013,1,1,0.726751
"AT4G15510.1",7,10,4,6,3,5,-0.428,-1.1899,1,1,0.729319
"AT1G77090.1",19,10,14,16,11,15,-0.022,-0.0988,1,0.974346,0.925481
"AT5G11450.1",3,5,3,4,0,2,-0.461,-0.8852,1,1,0.801328
"AT1G34000.1",1,3,3,1,0,0,-0.938,-1.2716,1,1,0.707796
"AT1G75330.1",18,16,13,16,11,12,-0.181,-0.8242,1,1,0.814044
"AT3G48990.1",0,1,0,2,0,2,0.596,0.7557,1,0.871455,0.977253
"AT1G15140.1",23,33,34,30,21,27,-0.143,-0.9059,1,1,0.79711
"AT4G33520.2",0,0,0,0,0,0,0.002,0.002,1,0.966107,0.935259
"AT2G48120.1",3,0,0,0,0,0,-0.595,-0.7442,1,1,0.830043
"AT1G72150.1",0,5,0,0,9,0,0.527,1.0638,1,0.813007,0.982638
"AT3G62530.1",12,10,12,9,8,11,-0.201,-0.7847,1,1,0.821964
"AT5G13230.1",0,0,0,0,1,2,0.331,0.3878,1,0.926041,0.962531
"AT1G74850.1",5,0,0,3,0,0,-0.351,-0.5803,1,1,0.859637
"AT3G49140.1",3,0,0,0,0,0,-0.642,-0.7918,1,1,0.82079
"AT5G46580.1",2,2,0,0,1,1,-0.617,-0.7723,1,1,0.824683
"AT5G53490.1",27,42,27,28,38,32,0.019,0.1332,1,0.95402,0.946274
"AT1G15390.1",0,0,0,2,0,1,0.357,0.4318,1,0.920289,0.964853
"AT4G34870.1",3,5,3,4,2,0,-0.482,-0.963,1,1,0.784554
"AT3G15520.1",5,2,2,4,3,3,0.131,0.284,1,0.938367,0.956555
"AT2G16600.1",1,7,7,6,5,7,0.188,0.5416,1,0.90547,0.969799
"AT5G13120.1",21,20,23,16,17,20,-0.173,-0.9354,1,1,0.790676
"AT1G33330.1",4,2,1,2,4,2,0.121,0.2269,1,0.944604,0.952886
"AT3G52960.1",62,78,54,61,47,70,-0.089,-0.8326,1,1,0.812433
"AT3G06050.1",2,6,7,2,5,4,-0.315,-0.7675,1,1,0.825456
"AT3G26060.1",28,58,35,40,30,32,-0.174,-1.2864,1,1,0.703471
"ATCG00540.1",0,2,2,2,0,0,-0.229,-0.3269,1,0.990137,0.898298
"ATCG00720.1",1,2,0,2,2,0,0.292,0.4115,1,0.923072,0.963762
"AT4G03280.1",7,7,3,14,3,2,0.106,0.3172,1,0.934549,0.958571
"AT1G69200.1",3,1,0,0,0,0,-0.608,-0.7887,1,1,0.821182
"AT5G37850.1",1,0,1,1,0,1,0.03,0.0321,1,0.963529,0.937898
"AT3G58140.1",12,18,20,17,11,11,-0.252,-1.176,1,1,0.732888
"AT1G74030.1",1,3,3,3,0,1,-0.381,-0.6175,1,1,0.853189
"AT1G70730.1",3,3,2,4,2,6,0.293,0.6489,1,0.88908,0.97394
"AT1G23190.1",1,2,0,2,0,0,-0.106,-0.1614,1,0.97911,0.918685
"AT3G12780.1",530,618,668,739,477,566,-0.021,-0.6511,1,1,0.847256
"AT1G56190.1",65,116,124,115,85,122,0.061,0.7908,1,0.865256,0.978193
"AT5G62840.1",3,3,1,4,0,2,0.026,0.0449,1,0.962301,0.939095
"AT3G15730.1",2,3,0,1,0,0,-0.761,-1.01,1,1,0.773793
"AT1G09830.1",5,12,7,7,4,8,-0.223,-0.7391,1,1,0.831177
"AT2G37690.1",6,9,2,4,3,9,-0.06,-0.1684,1,0.979541,0.918021
"AT1G31860.1",6,9,7,13,4,7,0.085,0.2776,1,0.939029,0.956189
"AT2G36230.1",0,1,0,1,1,1,0.001,9e-04,1,0.966107,0.935259
"AT1G32060.1",111,134,155,181,97,102,-0.052,-0.7235,1,1,0.833805
"AT2G17630.1",1,5,5,2,4,5,-0.053,-0.1326,1,0.976915,0.921936
"AT3G47390.1",0,0,1,0,1,0,-0.053,-0.0608,1,0.97137,0.929272
"AT3G15840.1",0,0,0,1,2,2,0.567,0.7653,1,0.869748,0.977522
"AT5G51820.1",49,46,49,44,43,56,-0.013,-0.1052,1,0.974806,0.924866
"AT1G24360.1",21,20,12,23,17,18,0.095,0.4832,1,0.913475,0.967295
"AT1G01090.1",3,9,5,7,3,2,-0.382,-0.9926,1,1,0.777868
"AT1G03630.1",0,0,0,0,4,0,0.722,0.9842,1,0.829081,0.981848
"AT1G69740.1",18,25,26,26,16,19,-0.122,-0.7109,1,1,0.836407
"AT3G59400.1",6,4,5,4,6,2,-0.218,-0.5512,1,1,0.864591
"AT1G80480.1",6,9,2,10,5,6,0.209,0.6293,1,0.892179,0.973245
"AT2G19760.1",2,4,0,1,0,0,-0.962,-1.3146,1,1,0.695803
"AT4G29350.1",2,3,2,5,3,0,0.288,0.5586,1,0.902897,0.97053
"AT1G31160.1",8,14,5,8,5,8,-0.239,-0.8289,1,1,0.81324
"AT4G33500.1",10,8,4,9,7,10,0.175,0.6165,1,0.894316,0.972743
"AT3G44620.1",12,12,23,13,10,18,-0.136,-0.6352,1,1,0.850068
"AT2G16950.1",1,0,0,1,1,2,0.322,0.4022,1,0.924317,0.963254
"AT3G52180.1",1,3,1,0,3,0,0.017,0.0252,1,0.96405,0.937379
"ATCG00340.1",0,0,0,3,0,0,0.58,0.7662,1,0.869748,0.977522
"AT4G28750.1",10,15,9,5,7,14,-0.228,-0.852,1,1,0.808368
"AT2G20260.1",2,4,3,4,5,3,0.282,0.6321,1,0.891871,0.973315
"AT1G31330.1",6,8,2,5,4,0,-0.481,-1.1396,1,1,0.742417
"AT4G12800.1",6,3,2,3,2,0,-0.641,-1.221,1,1,0.721569
"AT1G05385.1",3,4,5,3,0,4,-0.403,-0.8517,1,1,0.808368
"ATCG00020.1",0,0,4,0,0,0,-0.791,-1.0302,1,1,0.769208
"ATCG00280.1",1,2,2,6,1,0,0.543,0.8902,1,0.847267,0.980368
"AT5G66570.1",50,39,30,55,37,40,0.112,0.869,1,0.85095,0.979984
"AT3G50820.1",56,41,40,59,37,50,0.05,0.4311,1,0.920544,0.964756
"AT2G28605.1",9,7,12,9,7,12,-0.019,-0.0718,1,0.972164,0.928292
"AT1G44575.1",0,0,1,0,2,0,0.336,0.3972,1,0.924812,0.963049
"AT4G28660.1",0,0,1,0,1,1,0.014,0.016,1,0.964913,0.936503
"AT2G30170.1",8,5,6,12,3,6,0.105,0.338,1,0.932011,0.959824
"AT1G03600.1",7,5,12,9,2,5,-0.423,-1.2875,1,1,0.703471
"AT3G52150.1",14,15,13,13,19,20,0.203,0.9683,1,0.832165,0.981643
"AT1G68590.1",29,32,28,33,20,26,-0.123,-0.7815,1,1,0.822743
"AT5G15760.1",2,0,1,0,0,0,-0.353,-0.4416,1,0.996482,0.882021
"AT2G38140.1",0,0,2,0,0,0,-0.334,-0.4232,1,0.995566,0.884665
"AT3G56910.1",4,10,5,4,6,6,-0.19,-0.5819,1,1,0.859303
"AT5G17870.1",2,0,0,2,0,0,0.007,0.0086,1,0.965597,0.935795
"AT3G21110.1",0,1,3,0,0,0,-0.602,-0.7813,1,1,0.822743
"AT1G48420.1",2,0,1,2,1,1,0.01,0.0138,1,0.965084,0.936327
"AT5G58770.1",5,3,2,5,3,2,0.016,0.0342,1,0.963355,0.938071
"AT3G63190.1",32,26,25,29,21,23,-0.141,-0.852,1,1,0.808368
"AT2G35410.1",15,17,11,21,9,14,0.031,0.1412,1,0.95325,0.946871
"AT4G11980.1",0,1,0,3,0,0,0.526,0.6925,1,0.88208,0.975379
"AT1G32440.1",0,1,1,0,0,1,-0.011,-0.0122,1,0.967286,0.933991
"AT2G01350.1",5,5,1,1,3,2,-0.654,-1.2346,1,1,0.717903
"AT5G47870.1",7,5,5,6,3,7,-0.075,-0.2211,1,0.983295,0.911833
"AT3G63140.1",45,51,39,32,46,42,-0.113,-0.8919,1,1,0.800068
"AT5G19855.1",0,6,1,7,1,2,0.23,0.4732,1,0.914812,0.96684
"AT5G19370.1",4,7,5,5,2,6,-0.216,-0.5745,1,1,0.860638
"AT5G59750.1",3,0,0,1,0,5,0.475,0.7922,1,0.864907,0.978242
"AT2G22450.1",1,2,0,0,0,0,-0.547,-0.6874,1,1,0.840805
"AT2G20690.1",0,1,3,2,4,3,0.611,0.9706,1,0.83178,0.981669
"AT3G04790.1",106,73,129,83,67,133,-0.083,-1.0051,1,1,0.774703
"AT5G44520.1",0,4,1,3,2,2,0.145,0.2629,1,0.940557,0.955324
"AT2G44530.1",1,3,0,0,0,0,-0.596,-0.7782,1,1,0.823521
"AT4G34730.1",2,0,1,0,0,1,-0.292,-0.341,1,0.990958,0.89643
"AT5G61410.1",142,104,113,148,60,117,-0.098,-1.3248,1,1,0.693034
"AT4G39040.1",3,3,2,3,2,2,-0.166,-0.306,1,0.988816,0.901182
"AT1G73530.1",0,2,0,1,0,0,-0.331,-0.4072,1,0.994731,0.886979
"AT1G60000.1",3,6,5,4,2,4,-0.37,-0.8326,1,1,0.812433
"AT1G01080.1",8,11,8,12,9,7,0.036,0.1321,1,0.954211,0.946124
"AT1G53120.1",1,0,0,1,0,1,0.055,0.0641,1,0.96052,0.940766
"ATCG00190.1",9,3,1,8,6,1,0.153,0.3882,1,0.926041,0.962531
"ATCG00180.1",3,0,0,0,0,0,-0.575,-0.746,1,1,0.829663
"AT1G16445.1",0,0,1,0,2,0,0.334,0.4151,1,0.92257,0.963963
"ATCG00490.1",1739,1761,1701,1876,1621,1599,-0.022,-1.1616,1,1,0.736927
"AT1G14030.1",3,4,3,6,2,6,0.358,0.8512,1,0.854229,0.979617
"AT2G31660.1",0,1,0,0,1,0,-0.044,-0.0523,1,0.970569,0.93024
"AT4G13940.1",0,0,0,3,0,1,0.605,0.7707,1,0.868719,0.977681
"AT3G17390.1",3,3,4,3,2,4,-0.127,-0.2754,1,0.986954,0.905009
"AT3G04260.1",6,0,0,6,2,0,0.146,0.2958,1,0.937034,0.957278
"AT1G22530.1",0,1,0,0,1,0,0.131,0.1562,1,0.951889,0.947899
"AT5G36210.1",0,1,0,0,2,1,0.338,0.4295,1,0.920799,0.964657
"AT5G14260.1",20,22,17,21,14,20,-0.072,-0.3923,1,0.993876,0.889259
"AT3G26900.1",3,3,5,0,3,8,0.099,0.2285,1,0.944395,0.953018
"AT2G30695.1",2,4,0,3,2,2,-0.003,-0.0058,1,0.966782,0.934537
"AT1G50170.1",7,6,5,6,2,3,-0.479,-1.2254,1,1,0.720002
"AT1G17050.1",10,6,11,8,3,9,-0.287,-0.9804,1,1,0.780558
"AT3G29320.1",132,132,133,138,92,142,-0.063,-0.9078,1,1,0.796685
"AT3G01180.1",3,0,0,1,0,0,-0.562,-0.7354,1,1,0.831554
"AT1G11720.1",13,13,9,16,8,17,0.162,0.7112,1,0.879144,0.975932
"AT2G20420.1",0,0,0,0,3,1,0.619,0.8268,1,0.858906,0.97905
"AT1G32500.1",0,0,0,2,0,1,0.342,0.4032,1,0.924069,0.963356
"AT5G04590.1",40,47,44,35,37,54,-0.041,-0.3248,1,0.990018,0.898563
"AT3G16640.1",4,0,5,5,2,0,-0.198,-0.4226,1,0.995566,0.884665
"AT4G00620.1",7,6,0,3,3,3,-0.466,-1.0853,1,1,0.756052
"AT1G01320.1",1,0,0,0,3,0,0.552,0.6769,1,0.884654,0.97487
"AT2G20890.1",4,15,5,14,12,6,0.298,1.1073,1,0.804237,0.982884
"AT1G68260.1",0,3,0,0,1,0,-0.544,-0.6995,1,1,0.838615
"AT3G02730.1",7,6,9,8,7,6,-0.049,-0.1594,1,0.978966,0.918905
"AT5G16400.1",0,2,2,0,0,1,-0.589,-0.759,1,1,0.826993
"AT1G07700.1",7,8,5,4,2,7,-0.464,-1.2798,1,1,0.705639
"AT5G42980.1",1,0,0,3,2,0,0.783,1.0516,1,0.81578,0.982534
"AT1G03680.1",18,13,15,14,18,14,0.011,0.0493,1,0.961948,0.939433
"AT4G03520.1",6,7,6,6,7,5,-0.071,-0.2165,1,0.983024,0.912304
"AT1G50320.1",3,4,6,5,2,4,-0.171,-0.4152,1,0.995151,0.885827
"AT1G43560.1",4,5,5,6,3,4,-0.08,-0.2074,1,0.982343,0.913474
"AT2G04842.1",16,11,5,12,6,11,-0.093,-0.3585,1,0.991992,0.893989
"AT5G52970.1",3,4,3,4,5,4,0.272,0.6287,1,0.892178,0.973245
"AT4G24930.1",7,9,8,8,5,9,-0.091,-0.2963,1,0.988203,0.902471
"AT1G54780.1",2,0,2,2,0,0,-0.255,-0.3672,1,0.992555,0.892614
"AT1G12250.1",5,3,4,6,3,4,0.078,0.1857,1,0.948913,0.950038
"AT2G44920.2",15,21,14,24,18,17,0.177,0.908,1,0.843919,0.980691
"AT4G02530.1",12,18,11,12,13,11,-0.132,-0.5583,1,1,0.863282
"AT3G01480.1",40,44,26,58,37,29,0.129,0.9675,1,0.832164,0.981643
"AT5G46110.1",0,0,0,0,4,0,0.757,0.9666,1,0.832549,0.981616
"AT5G13420.1",9,13,16,11,12,10,-0.156,-0.6651,1,1,0.844768
"AT4G30690.1",1,4,0,7,0,0,0.418,0.7711,1,0.868719,0.977681
"AT2G24060.1",4,7,2,5,11,0,0.281,0.7524,1,0.872134,0.977143
"AT5G55220.1",34,33,25,31,23,31,-0.085,-0.5802,1,1,0.859637
"AT2G21170.1",71,100,86,90,79,99,0.04,0.4513,1,0.917969,0.96572
"AT3G59980.1",10,9,11,10,7,5,-0.314,-1.1231,1,1,0.746362
"AT3G02660.1",6,3,2,8,1,5,0.27,0.6517,1,0.888767,0.974008
"AT4G33760.1",14,15,11,8,9,19,-0.106,-0.445,1,0.996682,0.881427
"AT3G13490.1",7,4,4,3,6,12,0.365,1.1029,1,0.805038,0.982867
"AT5G52520.1",14,16,9,11,8,14,-0.162,-0.6464,1,1,0.848314
"AT2G25840.1",4,5,2,8,2,2,0.082,0.1904,1,0.948307,0.950455
"AT5G38530.1",2,4,2,2,0,0,-0.772,-1.2293,1,1,0.718954
"AT2G30110.1",0,1,0,0,0,2,0.334,0.4083,1,0.923322,0.963661
"AT2G21620.1",1,0,0,2,0,0,0.309,0.3561,1,0.929895,0.960821
"AT5G47860.1",2,5,4,3,1,3,-0.472,-0.9541,1,1,0.786315
"AT3G29240.1",0,1,1,0,0,0,-0.048,-0.0546,1,0.97089,0.929854
"AT2G26340.1",0,1,0,0,0,2,0.37,0.4811,1,0.913743,0.967205
"AT4G01650.1",0,0,0,1,0,2,0.305,0.357,1,0.929895,0.960821
"AT5G52960.1",0,0,0,0,1,2,0.309,0.3846,1,0.926285,0.962426
"AT1G77122.1",0,2,0,0,0,0,-0.305,-0.3471,1,0.991306,0.895621
"AT1G72640.1",0,1,0,2,0,0,0.325,0.4115,1,0.923072,0.963762
"AT5G41950.1",1,0,0,3,1,0,0.637,0.8041,1,0.862804,0.978536
"AT5G27560.1",3,2,0,0,0,0,-0.789,-1.0305,1,1,0.768747
"AT1G02475.1",1,1,0,2,1,1,0.276,0.3306,1,0.93294,0.959373
"AT2G43180.1",0,2,0,1,0,2,0.003,0.0043,1,0.965937,0.935438
"AT2G01755.1",1,2,1,1,0,0,-0.299,-0.3522,1,0.99165,0.894807
"AT1G07040.1",3,1,0,3,0,0,0.007,0.0098,1,0.965427,0.935973
"AT1G32160.1",2,1,1,3,0,0,0.25,0.3545,1,0.930132,0.960712
"AT5G63100.1",1,1,2,4,0,2,0.61,0.9135,1,0.842796,0.980794
"AT2G31890.1",3,1,2,3,0,3,0.194,0.3234,1,0.933862,0.958917
"AT1G73090.1",2,3,2,3,0,0,-0.383,-0.6347,1,1,0.850416
"AT1G55480.1",2,1,0,3,0,3,0.593,0.8711,1,0.850583,0.980024
"AT2G39080.1",1,5,2,4,0,0,-0.323,-0.5671,1,1,0.861964
"AT2G41950.1",2,2,3,5,2,3,0.362,0.7143,1,0.878486,0.976052
"AT4G16060.1",6,3,2,8,0,1,-0.106,-0.2453,1,0.985024,0.908716
"AT1G63610.1",10,9,4,12,4,4,-0.151,-0.4886,1,0.9988,0.874757
"AT1G21350.3",10,10,10,7,9,8,-0.237,-0.8419,1,1,0.810408
"AT2G45990.1",12,11,7,10,5,7,-0.312,-1.1096,1,1,0.749782
"AT5G51110.1",14,16,9,15,4,11,-0.266,-1.072,1,1,0.758911
"AT3G04550.1",11,15,10,13,11,10,-0.045,-0.1848,1,0.980817,0.916001
"AT5G58250.1",12,21,13,17,10,10,-0.228,-1.0512,1,1,0.764096
"AT2G25605.1",0,0,0,0,1,2,0.403,0.4787,1,0.914279,0.967023
"AT5G38060.1",0,0,0,1,1,1,-0.058,-0.0664,1,0.971847,0.928685
"AT3G52155.1",7,8,6,7,5,9,0.001,0.0024,1,0.966107,0.935259
"AT4G31530.1",4,4,3,6,3,4,0.166,0.4137,1,0.922821,0.963863
"AT4G30720.1",2,0,1,1,1,1,-0.357,-0.42,1,0.995359,0.885247
"AT5G14910.1",8,10,7,10,8,10,0.119,0.4179,1,0.922319,0.964063
"AT5G02240.1",1,5,0,4,2,2,0.126,0.2393,1,0.94313,0.953799
"AT5G42765.1",8,5,5,9,5,7,0.171,0.527,1,0.907442,0.969215
"AT4G10300.1",0,0,0,0,0,2,0.312,0.3839,1,0.926529,0.962321
"AT1G62780.1",16,17,16,19,16,16,0.043,0.2179,1,0.945438,0.952356
"AT3G05625.1",1,2,1,1,1,2,-0.014,-0.0192,1,0.967952,0.933256
"AT4G13200.1",8,8,6,10,0,5,-0.327,-0.9892,1,1,0.778318
"AT3G43540.1",10,1,0,8,1,1,-0.179,-0.4139,1,0.995046,0.886115
"AT2G35450.1",4,5,4,5,3,7,0.149,0.3758,1,0.9275,0.961899
"AT1G27385.1",1,4,2,2,3,2,0.003,0.0055,1,0.965767,0.935617
"AT4G30620.1",0,0,1,2,0,0,0.243,0.309,1,0.935459,0.958105
"AT2G24020.1",12,8,10,9,13,15,0.179,0.7212,1,0.877163,0.97629
"AT4G01883.1",8,9,2,8,2,3,-0.389,-1.0269,1,1,0.76967
"AT3G03890.1",9,9,13,12,3,7,-0.346,-1.1996,1,1,0.727266
"AT5G27390.1",2,2,2,2,2,2,0.005,0.0082,1,0.965597,0.935795
"AT3G53900.1",53,44,41,51,41,50,0.029,0.2381,1,0.943341,0.95367
"AT4G18810.1",21,12,10,12,17,16,0.054,0.2619,1,0.940773,0.955199
"AT3G09250.1",0,0,2,1,0,0,-0.309,-0.38,1,0.993221,0.890946
"AT4G35250.1",4,1,0,2,0,0,-0.409,-0.6052,1,1,0.855587
"AT1G65260.1",8,12,3,12,4,5,-0.084,-0.278,1,0.98708,0.904758
"AT4G35760.1",3,2,0,1,0,0,-0.792,-1.0807,1,1,0.757007
"AT2G02740.1",3,5,2,2,3,0,-0.529,-0.9723,1,1,0.78234
"AT2G25830.1",7,8,8,9,4,6,-0.2,-0.6614,1,1,0.845482
"AT5G67030.1",4,2,1,1,0,0,-0.967,-1.2839,1,1,0.704556
"AT1G29700.1",1,0,1,0,3,2,0.694,0.9728,1,0.831396,0.981695
"AT5G45030.1",0,0,1,0,0,2,0.341,0.425,1,0.921308,0.964461
